2025-09-26 14:51:19,125 - __main__ - INFO - 59 - === Iniciando la aplicación ===
2025-09-26 14:51:19,125 - __main__ - INFO - 31 - Iniciando configuración de la aplicación El Porteño - Index
- Versión: 3.0.0
2025-09-26 14:51:19,198 - database.connection - INFO - 26 - Conexión establecida
2025-09-26 14:51:19,199 - __main__ - INFO - 67 - Creando ventana principal
2025-09-26 14:51:19,200 - ui.main_window - INFO - 35 - Creando widgets en MainWindow
2025-09-26 14:51:19,201 - ui.main_window - INFO - 63 - --- CREANDO PÁGINA REVISTAS ---
2025-09-26 14:51:19,252 - ui.main_window - INFO - 230 - --- FINALIZADA PÁGINA REVISTAS ---
2025-09-26 14:51:19,253 - ui.main_window - INFO - 236 - --- CREANDO PÁGINA AUTORES ---
2025-09-26 14:51:19,268 - ui.main_window - INFO - 358 - --- FINALIZADA PÁGINA AUTORES ---
2025-09-26 14:51:19,268 - ui.main_window - INFO - 363 - --- CREANDO PÁGINA TEMAS ---
2025-09-26 14:51:19,279 - ui.main_window - INFO - 424 - --- FINALIZADA PÁGINA TEMAS ---
2025-09-26 14:51:19,279 - ui.main_window - INFO - 429 - --- CREANDO PÁGINA ANALISIS ---
2025-09-26 14:51:19,286 - ui.main_window - INFO - 486 - --- FINALIZADA PÁGINA ANALISIS ---
2025-09-26 14:51:19,286 - ui.main_window - INFO - 488 - --- INICIO PROCEDIMIENTOS INCIALES ---
2025-09-26 14:51:19,286 - ui.main_window - INFO - 490 - --- FIN DE MAIN WINDOW ---
2025-09-26 14:51:19,584 - __main__ - INFO - 75 - Ventana principal mostrada - Se inicia Main loop
2025-09-26 14:53:07,129 - database.connection - INFO - 37 - Conexión cerrada
2025-09-26 14:53:07,131 - __main__ - INFO - 80 - === Aplicación finalizada correctamente ===
2025-09-26 15:06:06,823 - __main__ - INFO - 59 - === Iniciando la aplicación ===
2025-09-26 15:06:06,823 - __main__ - INFO - 31 - Iniciando configuración de la aplicación El Porteño - Index
- Versión: 3.0.0
2025-09-26 15:06:06,904 - database.connection - INFO - 26 - Conexión establecida
2025-09-26 15:06:06,904 - __main__ - INFO - 67 - Creando ventana principal
2025-09-26 15:06:06,905 - ui.main_window - INFO - 33 - Creando widgets en MainWindow
2025-09-26 15:06:06,906 - ui.main_window - INFO - 61 - --- CREANDO PÁGINA REVISTAS ---
2025-09-26 15:06:06,956 - ui.main_window - INFO - 228 - --- FINALIZADA PÁGINA REVISTAS ---
2025-09-26 15:06:06,956 - ui.main_window - INFO - 234 - --- CREANDO PÁGINA AUTORES ---
2025-09-26 15:06:06,970 - ui.main_window - INFO - 356 - --- FINALIZADA PÁGINA AUTORES ---
2025-09-26 15:06:06,971 - ui.main_window - INFO - 361 - --- CREANDO PÁGINA TEMAS ---
2025-09-26 15:06:06,983 - ui.main_window - INFO - 422 - --- FINALIZADA PÁGINA TEMAS ---
2025-09-26 15:06:06,983 - ui.main_window - INFO - 427 - --- CREANDO PÁGINA ANALISIS ---
2025-09-26 15:06:06,992 - ui.main_window - INFO - 484 - --- FINALIZADA PÁGINA ANALISIS ---
2025-09-26 15:06:06,992 - ui.main_window - INFO - 486 - --- INICIO PROCEDIMIENTOS INCIALES ---
2025-09-26 15:06:06,992 - ui.main_window - INFO - 488 - --- FIN DE MAIN WINDOW ---
2025-09-26 15:06:07,469 - __main__ - INFO - 75 - Ventana principal mostrada - Se inicia Main loop
2025-09-26 15:06:19,085 - database.connection - INFO - 37 - Conexión cerrada
2025-09-26 15:06:19,087 - __main__ - INFO - 80 - === Aplicación finalizada correctamente ===
2025-09-26 16:40:58,333 - __main__ - INFO - 56 - === Iniciando la aplicación ===
2025-09-26 16:40:58,333 - __main__ - INFO - 28 - Iniciando configuración de la aplicación El Porteño - Index
- Versión: 3.0.0
2025-09-26 16:40:58,385 - database.connection - INFO - 26 - Conexión establecida
2025-09-26 16:40:58,385 - __main__ - INFO - 64 - Creando ventana principal
2025-09-26 16:40:58,386 - ui.main_window - INFO - 33 - Creando widgets en MainWindow
2025-09-26 16:40:58,386 - ui.main_window - INFO - 61 - --- CREANDO PÁGINA REVISTAS ---
2025-09-26 16:40:58,406 - ui.main_window - INFO - 228 - --- FINALIZADA PÁGINA REVISTAS ---
2025-09-26 16:40:58,406 - ui.main_window - INFO - 234 - --- CREANDO PÁGINA AUTORES ---
2025-09-26 16:40:58,411 - ui.main_window - INFO - 356 - --- FINALIZADA PÁGINA AUTORES ---
2025-09-26 16:40:58,411 - ui.main_window - INFO - 361 - --- CREANDO PÁGINA TEMAS ---
2025-09-26 16:40:58,415 - ui.main_window - INFO - 422 - --- FINALIZADA PÁGINA TEMAS ---
2025-09-26 16:40:58,415 - ui.main_window - INFO - 427 - --- CREANDO PÁGINA ANALISIS ---
2025-09-26 16:40:58,419 - __main__ - CRITICAL - 81 - Error crítico al iniciar aplicación: 'VisualizadorCartas' object has no attribute 'tn'
2025-09-26 16:41:11,513 - __main__ - INFO - 56 - === Iniciando la aplicación ===
2025-09-26 16:41:11,513 - __main__ - INFO - 28 - Iniciando configuración de la aplicación El Porteño - Index
- Versión: 3.0.0
2025-09-26 16:41:11,560 - database.connection - INFO - 26 - Conexión establecida
2025-09-26 16:41:11,560 - __main__ - INFO - 64 - Creando ventana principal
2025-09-26 16:41:11,561 - ui.main_window - INFO - 33 - Creando widgets en MainWindow
2025-09-26 16:41:11,561 - ui.main_window - INFO - 61 - --- CREANDO PÁGINA REVISTAS ---
2025-09-26 16:41:11,581 - ui.main_window - INFO - 228 - --- FINALIZADA PÁGINA REVISTAS ---
2025-09-26 16:41:11,581 - ui.main_window - INFO - 234 - --- CREANDO PÁGINA AUTORES ---
2025-09-26 16:41:11,586 - ui.main_window - INFO - 356 - --- FINALIZADA PÁGINA AUTORES ---
2025-09-26 16:41:11,586 - ui.main_window - INFO - 361 - --- CREANDO PÁGINA TEMAS ---
2025-09-26 16:41:11,590 - ui.main_window - INFO - 422 - --- FINALIZADA PÁGINA TEMAS ---
2025-09-26 16:41:11,590 - ui.main_window - INFO - 427 - --- CREANDO PÁGINA ANALISIS ---
2025-09-26 16:41:11,595 - __main__ - CRITICAL - 81 - Error crítico al iniciar aplicación: 'VisualizadorCartas' object has no attribute 'tn'
2025-09-26 16:41:49,500 - __main__ - INFO - 56 - === Iniciando la aplicación ===
2025-09-26 16:41:49,500 - __main__ - INFO - 28 - Iniciando configuración de la aplicación El Porteño - Index
- Versión: 3.0.0
2025-09-26 16:41:49,546 - database.connection - INFO - 26 - Conexión establecida
2025-09-26 16:41:49,546 - __main__ - INFO - 64 - Creando ventana principal
2025-09-26 16:41:49,547 - ui.main_window - INFO - 33 - Creando widgets en MainWindow
2025-09-26 16:41:49,548 - ui.main_window - INFO - 61 - --- CREANDO PÁGINA REVISTAS ---
2025-09-26 16:41:49,567 - ui.main_window - INFO - 228 - --- FINALIZADA PÁGINA REVISTAS ---
2025-09-26 16:41:49,567 - ui.main_window - INFO - 234 - --- CREANDO PÁGINA AUTORES ---
2025-09-26 16:41:49,572 - ui.main_window - INFO - 356 - --- FINALIZADA PÁGINA AUTORES ---
2025-09-26 16:41:49,572 - ui.main_window - INFO - 361 - --- CREANDO PÁGINA TEMAS ---
2025-09-26 16:41:49,576 - ui.main_window - INFO - 422 - --- FINALIZADA PÁGINA TEMAS ---
2025-09-26 16:41:49,576 - ui.main_window - INFO - 427 - --- CREANDO PÁGINA ANALISIS ---
2025-09-26 16:41:49,580 - ui.main_window - INFO - 491 - --- FINALIZADA PÁGINA ANALISIS ---
2025-09-26 16:41:49,580 - ui.main_window - INFO - 493 - --- INICIO PROCEDIMIENTOS INCIALES ---
2025-09-26 16:41:49,580 - ui.main_window - INFO - 495 - --- FIN DE MAIN WINDOW ---
2025-09-26 16:41:49,800 - __main__ - INFO - 72 - Ventana principal mostrada - Se inicia Main loop
2025-09-26 16:42:20,467 - database.connection - INFO - 37 - Conexión cerrada
2025-09-26 16:42:20,469 - __main__ - INFO - 77 - === Aplicación finalizada correctamente ===
2025-09-26 16:42:31,120 - __main__ - INFO - 56 - === Iniciando la aplicación ===
2025-09-26 16:42:31,121 - __main__ - INFO - 28 - Iniciando configuración de la aplicación El Porteño - Index
- Versión: 3.0.0
2025-09-26 16:42:31,167 - database.connection - INFO - 26 - Conexión establecida
2025-09-26 16:42:31,167 - __main__ - INFO - 64 - Creando ventana principal
2025-09-26 16:42:31,168 - ui.main_window - INFO - 33 - Creando widgets en MainWindow
2025-09-26 16:42:31,168 - ui.main_window - INFO - 61 - --- CREANDO PÁGINA REVISTAS ---
2025-09-26 16:42:31,186 - ui.main_window - INFO - 228 - --- FINALIZADA PÁGINA REVISTAS ---
2025-09-26 16:42:31,187 - ui.main_window - INFO - 234 - --- CREANDO PÁGINA AUTORES ---
2025-09-26 16:42:31,191 - ui.main_window - INFO - 356 - --- FINALIZADA PÁGINA AUTORES ---
2025-09-26 16:42:31,191 - ui.main_window - INFO - 361 - --- CREANDO PÁGINA TEMAS ---
2025-09-26 16:42:31,195 - ui.main_window - INFO - 422 - --- FINALIZADA PÁGINA TEMAS ---
2025-09-26 16:42:31,195 - ui.main_window - INFO - 427 - --- CREANDO PÁGINA ANALISIS ---
2025-09-26 16:42:31,199 - ui.main_window - INFO - 491 - --- FINALIZADA PÁGINA ANALISIS ---
2025-09-26 16:42:31,199 - ui.main_window - INFO - 493 - --- INICIO PROCEDIMIENTOS INCIALES ---
2025-09-26 16:42:31,199 - ui.main_window - INFO - 495 - --- FIN DE MAIN WINDOW ---
2025-09-26 16:42:31,398 - __main__ - INFO - 72 - Ventana principal mostrada - Se inicia Main loop
2025-09-26 16:42:41,303 - database.connection - INFO - 37 - Conexión cerrada
2025-09-26 16:42:41,304 - __main__ - INFO - 77 - === Aplicación finalizada correctamente ===
2025-09-26 16:42:45,707 - __main__ - INFO - 56 - === Iniciando la aplicación ===
2025-09-26 16:42:45,708 - __main__ - INFO - 28 - Iniciando configuración de la aplicación El Porteño - Index
- Versión: 3.0.0
2025-09-26 16:42:45,755 - database.connection - INFO - 26 - Conexión establecida
2025-09-26 16:42:45,755 - __main__ - INFO - 64 - Creando ventana principal
2025-09-26 16:42:45,755 - ui.main_window - INFO - 33 - Creando widgets en MainWindow
2025-09-26 16:42:45,756 - ui.main_window - INFO - 61 - --- CREANDO PÁGINA REVISTAS ---
2025-09-26 16:42:45,775 - ui.main_window - INFO - 228 - --- FINALIZADA PÁGINA REVISTAS ---
2025-09-26 16:42:45,775 - ui.main_window - INFO - 234 - --- CREANDO PÁGINA AUTORES ---
2025-09-26 16:42:45,780 - ui.main_window - INFO - 356 - --- FINALIZADA PÁGINA AUTORES ---
2025-09-26 16:42:45,780 - ui.main_window - INFO - 361 - --- CREANDO PÁGINA TEMAS ---
2025-09-26 16:42:45,784 - ui.main_window - INFO - 422 - --- FINALIZADA PÁGINA TEMAS ---
2025-09-26 16:42:45,784 - ui.main_window - INFO - 427 - --- CREANDO PÁGINA ANALISIS ---
2025-09-26 16:42:45,788 - ui.main_window - INFO - 491 - --- FINALIZADA PÁGINA ANALISIS ---
2025-09-26 16:42:45,788 - ui.main_window - INFO - 493 - --- INICIO PROCEDIMIENTOS INCIALES ---
2025-09-26 16:42:45,788 - ui.main_window - INFO - 495 - --- FIN DE MAIN WINDOW ---
2025-09-26 16:42:45,992 - __main__ - INFO - 72 - Ventana principal mostrada - Se inicia Main loop
2025-09-26 16:43:09,666 - database.connection - INFO - 37 - Conexión cerrada
2025-09-26 16:43:09,669 - __main__ - INFO - 77 - === Aplicación finalizada correctamente ===
2025-09-26 16:59:52,217 - __main__ - INFO - 56 - === Iniciando la aplicación ===
2025-09-26 16:59:52,217 - __main__ - INFO - 28 - Iniciando configuración de la aplicación El Porteño - Index
- Versión: 3.0.0
2025-09-26 16:59:52,265 - database.connection - INFO - 26 - Conexión establecida
2025-09-26 16:59:52,265 - __main__ - INFO - 64 - Creando ventana principal
2025-09-26 16:59:52,266 - ui.main_window - INFO - 33 - Creando widgets en MainWindow
2025-09-26 16:59:52,267 - ui.main_window - INFO - 61 - --- CREANDO PÁGINA REVISTAS ---
2025-09-26 16:59:52,286 - ui.main_window - INFO - 228 - --- FINALIZADA PÁGINA REVISTAS ---
2025-09-26 16:59:52,286 - ui.main_window - INFO - 234 - --- CREANDO PÁGINA AUTORES ---
2025-09-26 16:59:52,290 - ui.main_window - INFO - 356 - --- FINALIZADA PÁGINA AUTORES ---
2025-09-26 16:59:52,290 - ui.main_window - INFO - 361 - --- CREANDO PÁGINA TEMAS ---
2025-09-26 16:59:52,294 - ui.main_window - INFO - 422 - --- FINALIZADA PÁGINA TEMAS ---
2025-09-26 16:59:52,294 - ui.main_window - INFO - 427 - --- CREANDO PÁGINA ANALISIS ---
2025-09-26 16:59:52,298 - ui.main_window - INFO - 491 - --- FINALIZADA PÁGINA ANALISIS ---
2025-09-26 16:59:52,298 - ui.main_window - INFO - 493 - --- INICIO PROCEDIMIENTOS INCIALES ---
2025-09-26 16:59:52,298 - ui.main_window - INFO - 495 - --- FIN DE MAIN WINDOW ---
2025-09-26 16:59:52,492 - __main__ - INFO - 72 - Ventana principal mostrada - Se inicia Main loop
2025-09-26 16:59:58,513 - database.connection - INFO - 37 - Conexión cerrada
2025-09-26 16:59:58,514 - __main__ - INFO - 77 - === Aplicación finalizada correctamente ===
2025-09-26 17:15:24,489 - __main__ - INFO - 56 - === Iniciando la aplicación ===
2025-09-26 17:15:24,489 - __main__ - INFO - 28 - Iniciando configuración de la aplicación El Porteño - Index
- Versión: 3.0.0
2025-09-26 17:15:24,542 - database.connection - INFO - 26 - Conexión establecida
2025-09-26 17:15:24,542 - __main__ - INFO - 64 - Creando ventana principal
2025-09-26 17:15:24,543 - ui.main_window - INFO - 33 - Creando widgets en MainWindow
2025-09-26 17:15:24,543 - ui.main_window - INFO - 61 - --- CREANDO PÁGINA REVISTAS ---
2025-09-26 17:15:24,565 - ui.main_window - INFO - 228 - --- FINALIZADA PÁGINA REVISTAS ---
2025-09-26 17:15:24,565 - ui.main_window - INFO - 234 - --- CREANDO PÁGINA AUTORES ---
2025-09-26 17:15:24,571 - ui.main_window - INFO - 356 - --- FINALIZADA PÁGINA AUTORES ---
2025-09-26 17:15:24,571 - ui.main_window - INFO - 361 - --- CREANDO PÁGINA TEMAS ---
2025-09-26 17:15:24,575 - ui.main_window - INFO - 422 - --- FINALIZADA PÁGINA TEMAS ---
2025-09-26 17:15:24,575 - ui.main_window - INFO - 427 - --- CREANDO PÁGINA ANALISIS ---
2025-09-26 17:15:24,579 - ui.main_window - INFO - 491 - --- FINALIZADA PÁGINA ANALISIS ---
2025-09-26 17:15:24,579 - ui.main_window - INFO - 493 - --- INICIO PROCEDIMIENTOS INCIALES ---
2025-09-26 17:15:24,579 - ui.main_window - INFO - 495 - --- FIN DE MAIN WINDOW ---
2025-09-26 17:15:24,784 - __main__ - INFO - 72 - Ventana principal mostrada - Se inicia Main loop
2025-09-26 17:15:39,837 - database.connection - INFO - 37 - Conexión cerrada
2025-09-26 17:15:39,839 - __main__ - INFO - 77 - === Aplicación finalizada correctamente ===
2025-09-27 11:57:45,520 - __main__ - INFO - 56 - === Iniciando la aplicación ===
2025-09-27 11:57:45,520 - __main__ - INFO - 28 - Iniciando configuración de la aplicación El Porteño - Index
- Versión: 3.0.0
2025-09-27 11:57:45,606 - database.connection - INFO - 26 - Conexión establecida
2025-09-27 11:57:45,606 - __main__ - INFO - 64 - Creando ventana principal
2025-09-27 11:57:45,607 - ui.main_window - INFO - 33 - Creando widgets en MainWindow
2025-09-27 11:57:45,608 - ui.main_window - INFO - 61 - --- CREANDO PÁGINA REVISTAS ---
2025-09-27 11:57:45,631 - ui.main_window - INFO - 228 - --- FINALIZADA PÁGINA REVISTAS ---
2025-09-27 11:57:45,631 - ui.main_window - INFO - 234 - --- CREANDO PÁGINA AUTORES ---
2025-09-27 11:57:45,637 - ui.main_window - INFO - 356 - --- FINALIZADA PÁGINA AUTORES ---
2025-09-27 11:57:45,637 - ui.main_window - INFO - 361 - --- CREANDO PÁGINA TEMAS ---
2025-09-27 11:57:45,643 - ui.main_window - INFO - 422 - --- FINALIZADA PÁGINA TEMAS ---
2025-09-27 11:57:45,643 - ui.main_window - INFO - 427 - --- CREANDO PÁGINA ANALISIS ---
2025-09-27 11:57:45,650 - ui.main_window - INFO - 491 - --- FINALIZADA PÁGINA ANALISIS ---
2025-09-27 11:57:45,650 - ui.main_window - INFO - 493 - --- INICIO PROCEDIMIENTOS INCIALES ---
2025-09-27 11:57:45,651 - ui.main_window - INFO - 495 - --- FIN DE MAIN WINDOW ---
2025-09-27 11:57:46,018 - __main__ - INFO - 72 - Ventana principal mostrada - Se inicia Main loop
2025-09-27 11:57:56,791 - database.connection - INFO - 37 - Conexión cerrada
2025-09-27 11:57:56,793 - __main__ - INFO - 77 - === Aplicación finalizada correctamente ===
2025-09-27 12:11:02,732 - __main__ - INFO - 56 - === Iniciando la aplicación ===
2025-09-27 12:11:02,733 - __main__ - INFO - 28 - Iniciando configuración de la aplicación El Porteño - Index
- Versión: 3.0.0
2025-09-27 12:11:02,781 - database.connection - INFO - 26 - Conexión establecida
2025-09-27 12:11:02,781 - __main__ - INFO - 64 - Creando ventana principal
2025-09-27 12:11:02,782 - ui.main_window - INFO - 34 - Creando widgets en MainWindow
2025-09-27 12:11:02,782 - ui.main_window - INFO - 62 - --- CREANDO PÁGINA REVISTAS ---
2025-09-27 12:11:02,801 - ui.main_window - INFO - 229 - --- FINALIZADA PÁGINA REVISTAS ---
2025-09-27 12:11:02,801 - ui.main_window - INFO - 235 - --- CREANDO PÁGINA AUTORES ---
2025-09-27 12:11:02,806 - ui.main_window - INFO - 357 - --- FINALIZADA PÁGINA AUTORES ---
2025-09-27 12:11:02,806 - ui.main_window - INFO - 362 - --- CREANDO PÁGINA TEMAS ---
2025-09-27 12:11:02,810 - ui.main_window - INFO - 423 - --- FINALIZADA PÁGINA TEMAS ---
2025-09-27 12:11:02,810 - ui.main_window - INFO - 428 - --- CREANDO PÁGINA ANALISIS ---
2025-09-27 12:11:02,815 - ui.main_window - INFO - 492 - --- FINALIZADA PÁGINA ANALISIS ---
2025-09-27 12:11:02,815 - ui.main_window - INFO - 494 - --- INICIO PROCEDIMIENTOS INCIALES ---
2025-09-27 12:11:02,815 - ui.main_window - INFO - 496 - --- FIN DE MAIN WINDOW ---
2025-09-27 12:11:03,027 - __main__ - INFO - 72 - Ventana principal mostrada - Se inicia Main loop
2025-09-27 12:11:04,846 - __main__ - ERROR - 49 - Excepción no manejada:
Traceback (most recent call last):
  File "/home/luc/Documents/10_Archivo/Revistas/El Porteño/ui/main_window.py", line 981, in bt_cartas_en_revista_clicked
    window_correo = DialogCorreo()
                    ^^^^^^^^^^^^^^
TypeError: DialogCorreo.__init__() missing 1 required positional argument: 'app_state'
2025-09-27 12:11:19,738 - __main__ - INFO - 56 - === Iniciando la aplicación ===
2025-09-27 12:11:19,739 - __main__ - INFO - 28 - Iniciando configuración de la aplicación El Porteño - Index
- Versión: 3.0.0
2025-09-27 12:11:19,790 - database.connection - INFO - 26 - Conexión establecida
2025-09-27 12:11:19,790 - __main__ - INFO - 64 - Creando ventana principal
2025-09-27 12:11:19,790 - ui.main_window - INFO - 34 - Creando widgets en MainWindow
2025-09-27 12:11:19,791 - ui.main_window - INFO - 62 - --- CREANDO PÁGINA REVISTAS ---
2025-09-27 12:11:19,810 - ui.main_window - INFO - 229 - --- FINALIZADA PÁGINA REVISTAS ---
2025-09-27 12:11:19,810 - ui.main_window - INFO - 235 - --- CREANDO PÁGINA AUTORES ---
2025-09-27 12:11:19,814 - ui.main_window - INFO - 357 - --- FINALIZADA PÁGINA AUTORES ---
2025-09-27 12:11:19,814 - ui.main_window - INFO - 362 - --- CREANDO PÁGINA TEMAS ---
2025-09-27 12:11:19,818 - ui.main_window - INFO - 423 - --- FINALIZADA PÁGINA TEMAS ---
2025-09-27 12:11:19,818 - ui.main_window - INFO - 428 - --- CREANDO PÁGINA ANALISIS ---
2025-09-27 12:11:19,822 - ui.main_window - INFO - 492 - --- FINALIZADA PÁGINA ANALISIS ---
2025-09-27 12:11:19,822 - ui.main_window - INFO - 494 - --- INICIO PROCEDIMIENTOS INCIALES ---
2025-09-27 12:11:19,822 - ui.main_window - INFO - 496 - --- FIN DE MAIN WINDOW ---
2025-09-27 12:11:20,018 - __main__ - INFO - 72 - Ventana principal mostrada - Se inicia Main loop
2025-09-27 12:11:21,789 - __main__ - ERROR - 49 - Excepción no manejada:
Traceback (most recent call last):
  File "/home/luc/Documents/10_Archivo/Revistas/El Porteño/ui/main_window.py", line 981, in bt_cartas_en_revista_clicked
    window_correo = DialogCorreo(self.app_state)
                    ^^^^^^^^^^^^^^^^^^^^^^^^^^^^
  File "/home/luc/Documents/10_Archivo/Revistas/El Porteño/ui/dialogs.py", line 14, in __init__
    self.setup_ui()
  File "/home/luc/Documents/10_Archivo/Revistas/El Porteño/ui/dialogs.py", line 17, in setup_ui
    grid_box = Gtk.BoxGrid
               ^^^^^^^^^^^
  File "/home/luc/Documents/10_Archivo/Revistas/El Porteño/venv2/lib/python3.12/site-packages/gi/overrides/__init__.py", line 31, in __getattr__
    return getattr(self._introspection_module, name)
           ^^^^^^^^^^^^^^^^^^^^^^^^^^^^^^^^^^^^^^^^^
  File "/home/luc/Documents/10_Archivo/Revistas/El Porteño/venv2/lib/python3.12/site-packages/gi/module.py", line 130, in __getattr__
    raise AttributeError("%r object has no attribute %r" % (
AttributeError: 'gi.repository.Gtk' object has no attribute 'BoxGrid'
2025-09-27 12:11:43,299 - __main__ - INFO - 56 - === Iniciando la aplicación ===
2025-09-27 12:11:43,299 - __main__ - INFO - 28 - Iniciando configuración de la aplicación El Porteño - Index
- Versión: 3.0.0
2025-09-27 12:11:43,347 - database.connection - INFO - 26 - Conexión establecida
2025-09-27 12:11:43,348 - __main__ - INFO - 64 - Creando ventana principal
2025-09-27 12:11:43,348 - ui.main_window - INFO - 34 - Creando widgets en MainWindow
2025-09-27 12:11:43,349 - ui.main_window - INFO - 62 - --- CREANDO PÁGINA REVISTAS ---
2025-09-27 12:11:43,368 - ui.main_window - INFO - 229 - --- FINALIZADA PÁGINA REVISTAS ---
2025-09-27 12:11:43,369 - ui.main_window - INFO - 235 - --- CREANDO PÁGINA AUTORES ---
2025-09-27 12:11:43,373 - ui.main_window - INFO - 357 - --- FINALIZADA PÁGINA AUTORES ---
2025-09-27 12:11:43,373 - ui.main_window - INFO - 362 - --- CREANDO PÁGINA TEMAS ---
2025-09-27 12:11:43,377 - ui.main_window - INFO - 423 - --- FINALIZADA PÁGINA TEMAS ---
2025-09-27 12:11:43,377 - ui.main_window - INFO - 428 - --- CREANDO PÁGINA ANALISIS ---
2025-09-27 12:11:43,381 - ui.main_window - INFO - 492 - --- FINALIZADA PÁGINA ANALISIS ---
2025-09-27 12:11:43,381 - ui.main_window - INFO - 494 - --- INICIO PROCEDIMIENTOS INCIALES ---
2025-09-27 12:11:43,381 - ui.main_window - INFO - 496 - --- FIN DE MAIN WINDOW ---
2025-09-27 12:11:43,582 - __main__ - INFO - 72 - Ventana principal mostrada - Se inicia Main loop
2025-09-27 12:32:50,569 - __main__ - INFO - 56 - === Iniciando la aplicación ===
2025-09-27 12:32:50,569 - __main__ - INFO - 28 - Iniciando configuración de la aplicación El Porteño - Index
- Versión: 3.0.0
2025-09-27 12:32:50,621 - database.connection - INFO - 26 - Conexión establecida
2025-09-27 12:32:50,621 - __main__ - INFO - 64 - Creando ventana principal
2025-09-27 12:32:50,622 - ui.main_window - INFO - 34 - Creando widgets en MainWindow
2025-09-27 12:32:50,623 - ui.main_window - INFO - 62 - --- CREANDO PÁGINA REVISTAS ---
2025-09-27 12:32:50,643 - ui.main_window - INFO - 229 - --- FINALIZADA PÁGINA REVISTAS ---
2025-09-27 12:32:50,643 - ui.main_window - INFO - 235 - --- CREANDO PÁGINA AUTORES ---
2025-09-27 12:32:50,648 - ui.main_window - INFO - 357 - --- FINALIZADA PÁGINA AUTORES ---
2025-09-27 12:32:50,648 - ui.main_window - INFO - 362 - --- CREANDO PÁGINA TEMAS ---
2025-09-27 12:32:50,652 - ui.main_window - INFO - 423 - --- FINALIZADA PÁGINA TEMAS ---
2025-09-27 12:32:50,652 - ui.main_window - INFO - 428 - --- CREANDO PÁGINA ANALISIS ---
2025-09-27 12:32:50,656 - ui.main_window - INFO - 492 - --- FINALIZADA PÁGINA ANALISIS ---
2025-09-27 12:32:50,656 - ui.main_window - INFO - 494 - --- INICIO PROCEDIMIENTOS INCIALES ---
2025-09-27 12:32:50,657 - ui.main_window - INFO - 496 - --- FIN DE MAIN WINDOW ---
2025-09-27 12:32:50,938 - __main__ - INFO - 72 - Ventana principal mostrada - Se inicia Main loop
2025-09-27 12:32:52,586 - __main__ - ERROR - 49 - Excepción no manejada:
Traceback (most recent call last):
  File "/home/luc/Documents/10_Archivo/Revistas/El Porteño/ui/main_window.py", line 981, in bt_cartas_en_revista_clicked
    window_correo = DialogCorreo(self.app_state)
                    ^^^^^^^^^^^^^^^^^^^^^^^^^^^^
  File "/home/luc/Documents/10_Archivo/Revistas/El Porteño/ui/dialogs.py", line 15, in __init__
    self._connect_signals()
  File "/home/luc/Documents/10_Archivo/Revistas/El Porteño/ui/dialogs.py", line 44, in _connect_signals
    self.connect("on destroy", self.on_destroy)
TypeError: <dialogs.DialogCorreo object at 0x755b6cf37840 (ui+dialogs+DialogCorreo at 0x2bcdac10)>: unknown signal name: on destroy
2025-09-27 12:33:04,565 - __main__ - INFO - 56 - === Iniciando la aplicación ===
2025-09-27 12:33:04,565 - __main__ - INFO - 28 - Iniciando configuración de la aplicación El Porteño - Index
- Versión: 3.0.0
2025-09-27 12:33:04,629 - database.connection - INFO - 26 - Conexión establecida
2025-09-27 12:33:04,629 - __main__ - INFO - 64 - Creando ventana principal
2025-09-27 12:33:04,630 - ui.main_window - INFO - 34 - Creando widgets en MainWindow
2025-09-27 12:33:04,631 - ui.main_window - INFO - 62 - --- CREANDO PÁGINA REVISTAS ---
2025-09-27 12:33:04,657 - ui.main_window - INFO - 229 - --- FINALIZADA PÁGINA REVISTAS ---
2025-09-27 12:33:04,658 - ui.main_window - INFO - 235 - --- CREANDO PÁGINA AUTORES ---
2025-09-27 12:33:04,666 - ui.main_window - INFO - 357 - --- FINALIZADA PÁGINA AUTORES ---
2025-09-27 12:33:04,666 - ui.main_window - INFO - 362 - --- CREANDO PÁGINA TEMAS ---
2025-09-27 12:33:04,670 - ui.main_window - INFO - 423 - --- FINALIZADA PÁGINA TEMAS ---
2025-09-27 12:33:04,670 - ui.main_window - INFO - 428 - --- CREANDO PÁGINA ANALISIS ---
2025-09-27 12:33:04,675 - ui.main_window - INFO - 492 - --- FINALIZADA PÁGINA ANALISIS ---
2025-09-27 12:33:04,675 - ui.main_window - INFO - 494 - --- INICIO PROCEDIMIENTOS INCIALES ---
2025-09-27 12:33:04,675 - ui.main_window - INFO - 496 - --- FIN DE MAIN WINDOW ---
2025-09-27 12:33:04,954 - __main__ - INFO - 72 - Ventana principal mostrada - Se inicia Main loop
2025-09-27 12:33:06,491 - __main__ - ERROR - 49 - Excepción no manejada:
Traceback (most recent call last):
  File "/home/luc/Documents/10_Archivo/Revistas/El Porteño/ui/main_window.py", line 981, in bt_cartas_en_revista_clicked
    window_correo = DialogCorreo(self.app_state)
                    ^^^^^^^^^^^^^^^^^^^^^^^^^^^^
  File "/home/luc/Documents/10_Archivo/Revistas/El Porteño/ui/dialogs.py", line 15, in __init__
    self._connect_signals()
  File "/home/luc/Documents/10_Archivo/Revistas/El Porteño/ui/dialogs.py", line 44, in _connect_signals
    self.connect("on-destroy", self.on_destroy)
TypeError: <dialogs.DialogCorreo object at 0x710bb9520a80 (ui+dialogs+DialogCorreo at 0x105e31e0)>: unknown signal name: on-destroy
2025-09-27 12:33:28,027 - __main__ - INFO - 56 - === Iniciando la aplicación ===
2025-09-27 12:33:28,027 - __main__ - INFO - 28 - Iniciando configuración de la aplicación El Porteño - Index
- Versión: 3.0.0
2025-09-27 12:33:28,075 - database.connection - INFO - 26 - Conexión establecida
2025-09-27 12:33:28,076 - __main__ - INFO - 64 - Creando ventana principal
2025-09-27 12:33:28,076 - ui.main_window - INFO - 34 - Creando widgets en MainWindow
2025-09-27 12:33:28,077 - ui.main_window - INFO - 62 - --- CREANDO PÁGINA REVISTAS ---
2025-09-27 12:33:28,098 - ui.main_window - INFO - 229 - --- FINALIZADA PÁGINA REVISTAS ---
2025-09-27 12:33:28,098 - ui.main_window - INFO - 235 - --- CREANDO PÁGINA AUTORES ---
2025-09-27 12:33:28,104 - ui.main_window - INFO - 357 - --- FINALIZADA PÁGINA AUTORES ---
2025-09-27 12:33:28,104 - ui.main_window - INFO - 362 - --- CREANDO PÁGINA TEMAS ---
2025-09-27 12:33:28,108 - ui.main_window - INFO - 423 - --- FINALIZADA PÁGINA TEMAS ---
2025-09-27 12:33:28,108 - ui.main_window - INFO - 428 - --- CREANDO PÁGINA ANALISIS ---
2025-09-27 12:33:28,112 - ui.main_window - INFO - 492 - --- FINALIZADA PÁGINA ANALISIS ---
2025-09-27 12:33:28,112 - ui.main_window - INFO - 494 - --- INICIO PROCEDIMIENTOS INCIALES ---
2025-09-27 12:33:28,113 - ui.main_window - INFO - 496 - --- FIN DE MAIN WINDOW ---
2025-09-27 12:33:28,360 - __main__ - INFO - 72 - Ventana principal mostrada - Se inicia Main loop
2025-09-27 12:33:29,282 - __main__ - ERROR - 49 - Excepción no manejada:
Traceback (most recent call last):
  File "/home/luc/Documents/10_Archivo/Revistas/El Porteño/ui/main_window.py", line 981, in bt_cartas_en_revista_clicked
    window_correo = DialogCorreo(self.app_state)
                    ^^^^^^^^^^^^^^^^^^^^^^^^^^^^
  File "/home/luc/Documents/10_Archivo/Revistas/El Porteño/ui/dialogs.py", line 15, in __init__
    self._connect_signals()
  File "/home/luc/Documents/10_Archivo/Revistas/El Porteño/ui/dialogs.py", line 45, in _connect_signals
    self.bt_bar_posterior.connect("clicked", self._clicked)
                                             ^^^^^^^^^^^^^
AttributeError: 'DialogCorreo' object has no attribute '_clicked'
2025-09-27 12:40:01,829 - __main__ - INFO - 56 - === Iniciando la aplicación ===
2025-09-27 12:40:01,829 - __main__ - INFO - 28 - Iniciando configuración de la aplicación El Porteño - Index
- Versión: 3.0.0
2025-09-27 12:40:01,877 - database.connection - INFO - 26 - Conexión establecida
2025-09-27 12:40:01,877 - __main__ - INFO - 64 - Creando ventana principal
2025-09-27 12:40:01,877 - ui.main_window - INFO - 34 - Creando widgets en MainWindow
2025-09-27 12:40:01,878 - ui.main_window - INFO - 62 - --- CREANDO PÁGINA REVISTAS ---
2025-09-27 12:40:01,897 - ui.main_window - INFO - 229 - --- FINALIZADA PÁGINA REVISTAS ---
2025-09-27 12:40:01,897 - ui.main_window - INFO - 235 - --- CREANDO PÁGINA AUTORES ---
2025-09-27 12:40:01,902 - ui.main_window - INFO - 357 - --- FINALIZADA PÁGINA AUTORES ---
2025-09-27 12:40:01,902 - ui.main_window - INFO - 362 - --- CREANDO PÁGINA TEMAS ---
2025-09-27 12:40:01,906 - ui.main_window - INFO - 423 - --- FINALIZADA PÁGINA TEMAS ---
2025-09-27 12:40:01,906 - ui.main_window - INFO - 428 - --- CREANDO PÁGINA ANALISIS ---
2025-09-27 12:40:01,910 - ui.main_window - INFO - 492 - --- FINALIZADA PÁGINA ANALISIS ---
2025-09-27 12:40:01,910 - ui.main_window - INFO - 494 - --- INICIO PROCEDIMIENTOS INCIALES ---
2025-09-27 12:40:01,910 - ui.main_window - INFO - 496 - --- FIN DE MAIN WINDOW ---
2025-09-27 12:40:02,142 - __main__ - INFO - 72 - Ventana principal mostrada - Se inicia Main loop
2025-09-27 12:40:03,257 - __main__ - ERROR - 49 - Excepción no manejada:
Traceback (most recent call last):
  File "/home/luc/Documents/10_Archivo/Revistas/El Porteño/ui/main_window.py", line 981, in bt_cartas_en_revista_clicked
    window_correo = DialogCorreo(self.app_state)
                    ^^^^^^^^^^^^^^^^^^^^^^^^^^^^
  File "/home/luc/Documents/10_Archivo/Revistas/El Porteño/ui/dialogs.py", line 15, in __init__
    self._connect_signals()
  File "/home/luc/Documents/10_Archivo/Revistas/El Porteño/ui/dialogs.py", line 45, in _connect_signals
    self.bt_bar_posterior.connect("clicked", self._clicked)
                                             ^^^^^^^^^^^^^
AttributeError: 'DialogCorreo' object has no attribute '_clicked'
2025-09-27 12:40:27,630 - __main__ - INFO - 56 - === Iniciando la aplicación ===
2025-09-27 12:40:27,630 - __main__ - INFO - 28 - Iniciando configuración de la aplicación El Porteño - Index
- Versión: 3.0.0
2025-09-27 12:40:27,678 - database.connection - INFO - 26 - Conexión establecida
2025-09-27 12:40:27,678 - __main__ - INFO - 64 - Creando ventana principal
2025-09-27 12:40:27,678 - ui.main_window - INFO - 34 - Creando widgets en MainWindow
2025-09-27 12:40:27,679 - ui.main_window - INFO - 62 - --- CREANDO PÁGINA REVISTAS ---
2025-09-27 12:40:27,698 - ui.main_window - INFO - 229 - --- FINALIZADA PÁGINA REVISTAS ---
2025-09-27 12:40:27,698 - ui.main_window - INFO - 235 - --- CREANDO PÁGINA AUTORES ---
2025-09-27 12:40:27,703 - ui.main_window - INFO - 357 - --- FINALIZADA PÁGINA AUTORES ---
2025-09-27 12:40:27,703 - ui.main_window - INFO - 362 - --- CREANDO PÁGINA TEMAS ---
2025-09-27 12:40:27,707 - ui.main_window - INFO - 423 - --- FINALIZADA PÁGINA TEMAS ---
2025-09-27 12:40:27,707 - ui.main_window - INFO - 428 - --- CREANDO PÁGINA ANALISIS ---
2025-09-27 12:40:27,712 - ui.main_window - INFO - 492 - --- FINALIZADA PÁGINA ANALISIS ---
2025-09-27 12:40:27,712 - ui.main_window - INFO - 494 - --- INICIO PROCEDIMIENTOS INCIALES ---
2025-09-27 12:40:27,712 - ui.main_window - INFO - 496 - --- FIN DE MAIN WINDOW ---
2025-09-27 12:40:27,910 - __main__ - INFO - 72 - Ventana principal mostrada - Se inicia Main loop
2025-09-27 12:40:58,775 - __main__ - INFO - 56 - === Iniciando la aplicación ===
2025-09-27 12:40:58,776 - __main__ - INFO - 28 - Iniciando configuración de la aplicación El Porteño - Index
- Versión: 3.0.0
2025-09-27 12:40:58,824 - database.connection - INFO - 26 - Conexión establecida
2025-09-27 12:40:58,824 - __main__ - INFO - 64 - Creando ventana principal
2025-09-27 12:40:58,824 - ui.main_window - INFO - 34 - Creando widgets en MainWindow
2025-09-27 12:40:58,825 - ui.main_window - INFO - 62 - --- CREANDO PÁGINA REVISTAS ---
2025-09-27 12:40:58,845 - ui.main_window - INFO - 229 - --- FINALIZADA PÁGINA REVISTAS ---
2025-09-27 12:40:58,845 - ui.main_window - INFO - 235 - --- CREANDO PÁGINA AUTORES ---
2025-09-27 12:40:58,849 - ui.main_window - INFO - 357 - --- FINALIZADA PÁGINA AUTORES ---
2025-09-27 12:40:58,849 - ui.main_window - INFO - 362 - --- CREANDO PÁGINA TEMAS ---
2025-09-27 12:40:58,853 - ui.main_window - INFO - 423 - --- FINALIZADA PÁGINA TEMAS ---
2025-09-27 12:40:58,853 - ui.main_window - INFO - 428 - --- CREANDO PÁGINA ANALISIS ---
2025-09-27 12:40:58,858 - ui.main_window - INFO - 492 - --- FINALIZADA PÁGINA ANALISIS ---
2025-09-27 12:40:58,858 - ui.main_window - INFO - 494 - --- INICIO PROCEDIMIENTOS INCIALES ---
2025-09-27 12:40:58,858 - ui.main_window - INFO - 496 - --- FIN DE MAIN WINDOW ---
2025-09-27 12:40:59,058 - __main__ - INFO - 72 - Ventana principal mostrada - Se inicia Main loop
2025-09-27 12:41:24,763 - __main__ - INFO - 56 - === Iniciando la aplicación ===
2025-09-27 12:41:24,763 - __main__ - INFO - 28 - Iniciando configuración de la aplicación El Porteño - Index
- Versión: 3.0.0
2025-09-27 12:41:24,815 - database.connection - INFO - 26 - Conexión establecida
2025-09-27 12:41:24,815 - __main__ - INFO - 64 - Creando ventana principal
2025-09-27 12:41:24,816 - ui.main_window - INFO - 34 - Creando widgets en MainWindow
2025-09-27 12:41:24,817 - ui.main_window - INFO - 62 - --- CREANDO PÁGINA REVISTAS ---
2025-09-27 12:41:24,836 - ui.main_window - INFO - 229 - --- FINALIZADA PÁGINA REVISTAS ---
2025-09-27 12:41:24,836 - ui.main_window - INFO - 235 - --- CREANDO PÁGINA AUTORES ---
2025-09-27 12:41:24,841 - ui.main_window - INFO - 357 - --- FINALIZADA PÁGINA AUTORES ---
2025-09-27 12:41:24,841 - ui.main_window - INFO - 362 - --- CREANDO PÁGINA TEMAS ---
2025-09-27 12:41:24,845 - ui.main_window - INFO - 423 - --- FINALIZADA PÁGINA TEMAS ---
2025-09-27 12:41:24,845 - ui.main_window - INFO - 428 - --- CREANDO PÁGINA ANALISIS ---
2025-09-27 12:41:24,849 - ui.main_window - INFO - 492 - --- FINALIZADA PÁGINA ANALISIS ---
2025-09-27 12:41:24,849 - ui.main_window - INFO - 494 - --- INICIO PROCEDIMIENTOS INCIALES ---
2025-09-27 12:41:24,849 - ui.main_window - INFO - 496 - --- FIN DE MAIN WINDOW ---
2025-09-27 12:41:25,068 - __main__ - INFO - 72 - Ventana principal mostrada - Se inicia Main loop
2025-09-27 12:42:49,904 - __main__ - INFO - 56 - === Iniciando la aplicación ===
2025-09-27 12:42:49,904 - __main__ - INFO - 28 - Iniciando configuración de la aplicación El Porteño - Index
- Versión: 3.0.0
2025-09-27 12:42:49,959 - database.connection - INFO - 26 - Conexión establecida
2025-09-27 12:42:49,959 - __main__ - INFO - 64 - Creando ventana principal
2025-09-27 12:42:49,960 - ui.main_window - INFO - 34 - Creando widgets en MainWindow
2025-09-27 12:42:49,960 - ui.main_window - INFO - 62 - --- CREANDO PÁGINA REVISTAS ---
2025-09-27 12:42:49,981 - ui.main_window - INFO - 229 - --- FINALIZADA PÁGINA REVISTAS ---
2025-09-27 12:42:49,981 - ui.main_window - INFO - 235 - --- CREANDO PÁGINA AUTORES ---
2025-09-27 12:42:49,986 - ui.main_window - INFO - 357 - --- FINALIZADA PÁGINA AUTORES ---
2025-09-27 12:42:49,986 - ui.main_window - INFO - 362 - --- CREANDO PÁGINA TEMAS ---
2025-09-27 12:42:49,990 - ui.main_window - INFO - 423 - --- FINALIZADA PÁGINA TEMAS ---
2025-09-27 12:42:49,990 - ui.main_window - INFO - 428 - --- CREANDO PÁGINA ANALISIS ---
2025-09-27 12:42:49,994 - ui.main_window - INFO - 492 - --- FINALIZADA PÁGINA ANALISIS ---
2025-09-27 12:42:49,994 - ui.main_window - INFO - 494 - --- INICIO PROCEDIMIENTOS INCIALES ---
2025-09-27 12:42:49,994 - ui.main_window - INFO - 496 - --- FIN DE MAIN WINDOW ---
2025-09-27 12:42:50,224 - __main__ - INFO - 72 - Ventana principal mostrada - Se inicia Main loop
2025-09-27 12:44:05,753 - __main__ - INFO - 56 - === Iniciando la aplicación ===
2025-09-27 12:44:05,753 - __main__ - INFO - 28 - Iniciando configuración de la aplicación El Porteño - Index
- Versión: 3.0.0
2025-09-27 12:44:05,801 - database.connection - INFO - 26 - Conexión establecida
2025-09-27 12:44:05,801 - __main__ - INFO - 64 - Creando ventana principal
2025-09-27 12:44:05,802 - ui.main_window - INFO - 34 - Creando widgets en MainWindow
2025-09-27 12:44:05,803 - ui.main_window - INFO - 62 - --- CREANDO PÁGINA REVISTAS ---
2025-09-27 12:44:05,822 - ui.main_window - INFO - 229 - --- FINALIZADA PÁGINA REVISTAS ---
2025-09-27 12:44:05,822 - ui.main_window - INFO - 235 - --- CREANDO PÁGINA AUTORES ---
2025-09-27 12:44:05,827 - ui.main_window - INFO - 357 - --- FINALIZADA PÁGINA AUTORES ---
2025-09-27 12:44:05,827 - ui.main_window - INFO - 362 - --- CREANDO PÁGINA TEMAS ---
2025-09-27 12:44:05,831 - ui.main_window - INFO - 423 - --- FINALIZADA PÁGINA TEMAS ---
2025-09-27 12:44:05,831 - ui.main_window - INFO - 428 - --- CREANDO PÁGINA ANALISIS ---
2025-09-27 12:44:05,836 - ui.main_window - INFO - 492 - --- FINALIZADA PÁGINA ANALISIS ---
2025-09-27 12:44:05,836 - ui.main_window - INFO - 494 - --- INICIO PROCEDIMIENTOS INCIALES ---
2025-09-27 12:44:05,836 - ui.main_window - INFO - 496 - --- FIN DE MAIN WINDOW ---
2025-09-27 12:44:06,043 - __main__ - INFO - 72 - Ventana principal mostrada - Se inicia Main loop
2025-09-27 12:46:09,120 - __main__ - INFO - 56 - === Iniciando la aplicación ===
2025-09-27 12:46:09,120 - __main__ - INFO - 28 - Iniciando configuración de la aplicación El Porteño - Index
- Versión: 3.0.0
2025-09-27 12:46:09,168 - database.connection - INFO - 26 - Conexión establecida
2025-09-27 12:46:09,168 - __main__ - INFO - 64 - Creando ventana principal
2025-09-27 12:46:09,169 - ui.main_window - INFO - 34 - Creando widgets en MainWindow
2025-09-27 12:46:09,170 - ui.main_window - INFO - 62 - --- CREANDO PÁGINA REVISTAS ---
2025-09-27 12:46:09,190 - ui.main_window - INFO - 229 - --- FINALIZADA PÁGINA REVISTAS ---
2025-09-27 12:46:09,190 - ui.main_window - INFO - 235 - --- CREANDO PÁGINA AUTORES ---
2025-09-27 12:46:09,195 - ui.main_window - INFO - 357 - --- FINALIZADA PÁGINA AUTORES ---
2025-09-27 12:46:09,195 - ui.main_window - INFO - 362 - --- CREANDO PÁGINA TEMAS ---
2025-09-27 12:46:09,199 - ui.main_window - INFO - 423 - --- FINALIZADA PÁGINA TEMAS ---
2025-09-27 12:46:09,199 - ui.main_window - INFO - 428 - --- CREANDO PÁGINA ANALISIS ---
2025-09-27 12:46:09,203 - ui.main_window - INFO - 492 - --- FINALIZADA PÁGINA ANALISIS ---
2025-09-27 12:46:09,203 - ui.main_window - INFO - 494 - --- INICIO PROCEDIMIENTOS INCIALES ---
2025-09-27 12:46:09,203 - ui.main_window - INFO - 496 - --- FIN DE MAIN WINDOW ---
2025-09-27 12:46:09,396 - __main__ - INFO - 72 - Ventana principal mostrada - Se inicia Main loop
2025-09-27 12:46:11,221 - database.connection - INFO - 37 - Conexión cerrada
2025-09-27 12:46:11,222 - __main__ - INFO - 77 - === Aplicación finalizada correctamente ===
2025-09-27 12:47:08,695 - __main__ - INFO - 56 - === Iniciando la aplicación ===
2025-09-27 12:47:08,695 - __main__ - INFO - 28 - Iniciando configuración de la aplicación El Porteño - Index
- Versión: 3.0.0
2025-09-27 12:47:08,745 - database.connection - INFO - 26 - Conexión establecida
2025-09-27 12:47:08,745 - __main__ - INFO - 64 - Creando ventana principal
2025-09-27 12:47:08,746 - ui.main_window - INFO - 34 - Creando widgets en MainWindow
2025-09-27 12:47:08,746 - ui.main_window - INFO - 62 - --- CREANDO PÁGINA REVISTAS ---
2025-09-27 12:47:08,772 - ui.main_window - INFO - 229 - --- FINALIZADA PÁGINA REVISTAS ---
2025-09-27 12:47:08,772 - ui.main_window - INFO - 235 - --- CREANDO PÁGINA AUTORES ---
2025-09-27 12:47:08,779 - ui.main_window - INFO - 357 - --- FINALIZADA PÁGINA AUTORES ---
2025-09-27 12:47:08,779 - ui.main_window - INFO - 362 - --- CREANDO PÁGINA TEMAS ---
2025-09-27 12:47:08,784 - ui.main_window - INFO - 423 - --- FINALIZADA PÁGINA TEMAS ---
2025-09-27 12:47:08,784 - ui.main_window - INFO - 428 - --- CREANDO PÁGINA ANALISIS ---
2025-09-27 12:47:08,790 - ui.main_window - INFO - 492 - --- FINALIZADA PÁGINA ANALISIS ---
2025-09-27 12:47:08,790 - ui.main_window - INFO - 494 - --- INICIO PROCEDIMIENTOS INCIALES ---
2025-09-27 12:47:08,790 - ui.main_window - INFO - 496 - --- FIN DE MAIN WINDOW ---
2025-09-27 12:47:09,120 - __main__ - INFO - 72 - Ventana principal mostrada - Se inicia Main loop
2025-09-27 12:47:12,783 - database.connection - INFO - 37 - Conexión cerrada
2025-09-27 12:47:12,785 - __main__ - INFO - 77 - === Aplicación finalizada correctamente ===
2025-09-27 12:52:17,293 - __main__ - INFO - 56 - === Iniciando la aplicación ===
2025-09-27 12:52:17,294 - __main__ - INFO - 28 - Iniciando configuración de la aplicación El Porteño - Index
- Versión: 3.0.0
2025-09-27 12:52:17,346 - database.connection - INFO - 26 - Conexión establecida
2025-09-27 12:52:17,346 - __main__ - INFO - 64 - Creando ventana principal
2025-09-27 12:52:17,347 - ui.main_window - INFO - 34 - Creando widgets en MainWindow
2025-09-27 12:52:17,348 - ui.main_window - INFO - 62 - --- CREANDO PÁGINA REVISTAS ---
2025-09-27 12:52:17,370 - ui.main_window - INFO - 229 - --- FINALIZADA PÁGINA REVISTAS ---
2025-09-27 12:52:17,370 - ui.main_window - INFO - 235 - --- CREANDO PÁGINA AUTORES ---
2025-09-27 12:52:17,375 - ui.main_window - INFO - 357 - --- FINALIZADA PÁGINA AUTORES ---
2025-09-27 12:52:17,376 - ui.main_window - INFO - 362 - --- CREANDO PÁGINA TEMAS ---
2025-09-27 12:52:17,380 - ui.main_window - INFO - 423 - --- FINALIZADA PÁGINA TEMAS ---
2025-09-27 12:52:17,380 - ui.main_window - INFO - 428 - --- CREANDO PÁGINA ANALISIS ---
2025-09-27 12:52:17,385 - ui.main_window - INFO - 492 - --- FINALIZADA PÁGINA ANALISIS ---
2025-09-27 12:52:17,385 - ui.main_window - INFO - 494 - --- INICIO PROCEDIMIENTOS INCIALES ---
2025-09-27 12:52:17,385 - ui.main_window - INFO - 496 - --- FIN DE MAIN WINDOW ---
2025-09-27 12:52:17,756 - __main__ - INFO - 72 - Ventana principal mostrada - Se inicia Main loop
2025-09-27 12:52:26,351 - database.connection - INFO - 37 - Conexión cerrada
2025-09-27 12:52:26,352 - __main__ - INFO - 77 - === Aplicación finalizada correctamente ===
2025-09-27 12:52:52,398 - __main__ - INFO - 56 - === Iniciando la aplicación ===
2025-09-27 12:52:52,398 - __main__ - INFO - 28 - Iniciando configuración de la aplicación El Porteño - Index
- Versión: 3.0.0
2025-09-27 12:52:52,449 - database.connection - INFO - 26 - Conexión establecida
2025-09-27 12:52:52,449 - __main__ - INFO - 64 - Creando ventana principal
2025-09-27 12:52:52,450 - ui.main_window - INFO - 34 - Creando widgets en MainWindow
2025-09-27 12:52:52,450 - ui.main_window - INFO - 62 - --- CREANDO PÁGINA REVISTAS ---
2025-09-27 12:52:52,473 - ui.main_window - INFO - 229 - --- FINALIZADA PÁGINA REVISTAS ---
2025-09-27 12:52:52,473 - ui.main_window - INFO - 235 - --- CREANDO PÁGINA AUTORES ---
2025-09-27 12:52:52,478 - ui.main_window - INFO - 357 - --- FINALIZADA PÁGINA AUTORES ---
2025-09-27 12:52:52,478 - ui.main_window - INFO - 362 - --- CREANDO PÁGINA TEMAS ---
2025-09-27 12:52:52,482 - ui.main_window - INFO - 423 - --- FINALIZADA PÁGINA TEMAS ---
2025-09-27 12:52:52,482 - ui.main_window - INFO - 428 - --- CREANDO PÁGINA ANALISIS ---
2025-09-27 12:52:52,487 - ui.main_window - INFO - 492 - --- FINALIZADA PÁGINA ANALISIS ---
2025-09-27 12:52:52,487 - ui.main_window - INFO - 494 - --- INICIO PROCEDIMIENTOS INCIALES ---
2025-09-27 12:52:52,487 - ui.main_window - INFO - 496 - --- FIN DE MAIN WINDOW ---
2025-09-27 12:52:52,724 - __main__ - INFO - 72 - Ventana principal mostrada - Se inicia Main loop
2025-09-27 12:52:56,644 - database.connection - INFO - 37 - Conexión cerrada
2025-09-27 12:52:56,645 - __main__ - INFO - 77 - === Aplicación finalizada correctamente ===
2025-09-27 12:56:10,901 - __main__ - INFO - 56 - === Iniciando la aplicación ===
2025-09-27 12:56:10,901 - __main__ - INFO - 28 - Iniciando configuración de la aplicación El Porteño - Index
- Versión: 3.0.0
2025-09-27 12:56:10,950 - database.connection - INFO - 26 - Conexión establecida
2025-09-27 12:56:10,951 - __main__ - INFO - 64 - Creando ventana principal
2025-09-27 12:56:10,951 - ui.main_window - INFO - 34 - Creando widgets en MainWindow
2025-09-27 12:56:10,952 - ui.main_window - INFO - 62 - --- CREANDO PÁGINA REVISTAS ---
2025-09-27 12:56:10,971 - ui.main_window - INFO - 229 - --- FINALIZADA PÁGINA REVISTAS ---
2025-09-27 12:56:10,971 - ui.main_window - INFO - 235 - --- CREANDO PÁGINA AUTORES ---
2025-09-27 12:56:10,976 - ui.main_window - INFO - 357 - --- FINALIZADA PÁGINA AUTORES ---
2025-09-27 12:56:10,976 - ui.main_window - INFO - 362 - --- CREANDO PÁGINA TEMAS ---
2025-09-27 12:56:10,980 - ui.main_window - INFO - 423 - --- FINALIZADA PÁGINA TEMAS ---
2025-09-27 12:56:10,980 - ui.main_window - INFO - 428 - --- CREANDO PÁGINA ANALISIS ---
2025-09-27 12:56:10,984 - ui.main_window - INFO - 492 - --- FINALIZADA PÁGINA ANALISIS ---
2025-09-27 12:56:10,984 - ui.main_window - INFO - 494 - --- INICIO PROCEDIMIENTOS INCIALES ---
2025-09-27 12:56:10,984 - ui.main_window - INFO - 496 - --- FIN DE MAIN WINDOW ---
2025-09-27 12:56:11,263 - __main__ - INFO - 72 - Ventana principal mostrada - Se inicia Main loop
2025-09-27 12:56:17,283 - database.connection - INFO - 37 - Conexión cerrada
2025-09-27 12:56:17,284 - __main__ - INFO - 77 - === Aplicación finalizada correctamente ===
2025-09-27 12:57:38,701 - __main__ - INFO - 56 - === Iniciando la aplicación ===
2025-09-27 12:57:38,701 - __main__ - INFO - 28 - Iniciando configuración de la aplicación El Porteño - Index
- Versión: 3.0.0
2025-09-27 12:57:38,750 - database.connection - INFO - 26 - Conexión establecida
2025-09-27 12:57:38,750 - __main__ - INFO - 64 - Creando ventana principal
2025-09-27 12:57:38,751 - ui.main_window - INFO - 34 - Creando widgets en MainWindow
2025-09-27 12:57:38,752 - ui.main_window - INFO - 62 - --- CREANDO PÁGINA REVISTAS ---
2025-09-27 12:57:38,772 - ui.main_window - INFO - 229 - --- FINALIZADA PÁGINA REVISTAS ---
2025-09-27 12:57:38,772 - ui.main_window - INFO - 235 - --- CREANDO PÁGINA AUTORES ---
2025-09-27 12:57:38,777 - ui.main_window - INFO - 357 - --- FINALIZADA PÁGINA AUTORES ---
2025-09-27 12:57:38,777 - ui.main_window - INFO - 362 - --- CREANDO PÁGINA TEMAS ---
2025-09-27 12:57:38,782 - ui.main_window - INFO - 423 - --- FINALIZADA PÁGINA TEMAS ---
2025-09-27 12:57:38,782 - ui.main_window - INFO - 428 - --- CREANDO PÁGINA ANALISIS ---
2025-09-27 12:57:38,787 - ui.main_window - INFO - 492 - --- FINALIZADA PÁGINA ANALISIS ---
2025-09-27 12:57:38,787 - ui.main_window - INFO - 494 - --- INICIO PROCEDIMIENTOS INCIALES ---
2025-09-27 12:57:38,787 - ui.main_window - INFO - 496 - --- FIN DE MAIN WINDOW ---
2025-09-27 12:57:39,053 - __main__ - INFO - 72 - Ventana principal mostrada - Se inicia Main loop
2025-09-27 12:57:44,405 - database.connection - INFO - 37 - Conexión cerrada
2025-09-27 12:57:44,408 - __main__ - INFO - 77 - === Aplicación finalizada correctamente ===
2025-09-27 12:58:54,673 - __main__ - INFO - 56 - === Iniciando la aplicación ===
2025-09-27 12:58:54,673 - __main__ - INFO - 28 - Iniciando configuración de la aplicación El Porteño - Index
- Versión: 3.0.0
2025-09-27 12:58:54,724 - database.connection - INFO - 26 - Conexión establecida
2025-09-27 12:58:54,724 - __main__ - INFO - 64 - Creando ventana principal
2025-09-27 12:58:54,725 - ui.main_window - INFO - 34 - Creando widgets en MainWindow
2025-09-27 12:58:54,725 - ui.main_window - INFO - 62 - --- CREANDO PÁGINA REVISTAS ---
2025-09-27 12:58:54,745 - ui.main_window - INFO - 229 - --- FINALIZADA PÁGINA REVISTAS ---
2025-09-27 12:58:54,745 - ui.main_window - INFO - 235 - --- CREANDO PÁGINA AUTORES ---
2025-09-27 12:58:54,750 - ui.main_window - INFO - 357 - --- FINALIZADA PÁGINA AUTORES ---
2025-09-27 12:58:54,750 - ui.main_window - INFO - 362 - --- CREANDO PÁGINA TEMAS ---
2025-09-27 12:58:54,754 - ui.main_window - INFO - 423 - --- FINALIZADA PÁGINA TEMAS ---
2025-09-27 12:58:54,754 - ui.main_window - INFO - 428 - --- CREANDO PÁGINA ANALISIS ---
2025-09-27 12:58:54,758 - ui.main_window - INFO - 492 - --- FINALIZADA PÁGINA ANALISIS ---
2025-09-27 12:58:54,758 - ui.main_window - INFO - 494 - --- INICIO PROCEDIMIENTOS INCIALES ---
2025-09-27 12:58:54,758 - ui.main_window - INFO - 496 - --- FIN DE MAIN WINDOW ---
2025-09-27 12:58:54,962 - __main__ - INFO - 72 - Ventana principal mostrada - Se inicia Main loop
2025-09-27 12:58:57,035 - database.connection - INFO - 37 - Conexión cerrada
2025-09-27 12:58:57,037 - __main__ - INFO - 77 - === Aplicación finalizada correctamente ===
2025-09-27 12:59:03,170 - __main__ - INFO - 56 - === Iniciando la aplicación ===
2025-09-27 12:59:03,170 - __main__ - INFO - 28 - Iniciando configuración de la aplicación El Porteño - Index
- Versión: 3.0.0
2025-09-27 12:59:03,222 - database.connection - INFO - 26 - Conexión establecida
2025-09-27 12:59:03,222 - __main__ - INFO - 64 - Creando ventana principal
2025-09-27 12:59:03,222 - ui.main_window - INFO - 34 - Creando widgets en MainWindow
2025-09-27 12:59:03,223 - ui.main_window - INFO - 62 - --- CREANDO PÁGINA REVISTAS ---
2025-09-27 12:59:03,243 - ui.main_window - INFO - 229 - --- FINALIZADA PÁGINA REVISTAS ---
2025-09-27 12:59:03,243 - ui.main_window - INFO - 235 - --- CREANDO PÁGINA AUTORES ---
2025-09-27 12:59:03,249 - ui.main_window - INFO - 357 - --- FINALIZADA PÁGINA AUTORES ---
2025-09-27 12:59:03,249 - ui.main_window - INFO - 362 - --- CREANDO PÁGINA TEMAS ---
2025-09-27 12:59:03,253 - ui.main_window - INFO - 423 - --- FINALIZADA PÁGINA TEMAS ---
2025-09-27 12:59:03,253 - ui.main_window - INFO - 428 - --- CREANDO PÁGINA ANALISIS ---
2025-09-27 12:59:03,258 - ui.main_window - INFO - 492 - --- FINALIZADA PÁGINA ANALISIS ---
2025-09-27 12:59:03,258 - ui.main_window - INFO - 494 - --- INICIO PROCEDIMIENTOS INCIALES ---
2025-09-27 12:59:03,258 - ui.main_window - INFO - 496 - --- FIN DE MAIN WINDOW ---
2025-09-27 12:59:03,610 - __main__ - INFO - 72 - Ventana principal mostrada - Se inicia Main loop
2025-09-27 12:59:08,860 - database.connection - INFO - 37 - Conexión cerrada
2025-09-27 12:59:08,862 - __main__ - INFO - 77 - === Aplicación finalizada correctamente ===
2025-09-27 12:59:15,052 - __main__ - INFO - 56 - === Iniciando la aplicación ===
2025-09-27 12:59:15,052 - __main__ - INFO - 28 - Iniciando configuración de la aplicación El Porteño - Index
- Versión: 3.0.0
2025-09-27 12:59:15,103 - database.connection - INFO - 26 - Conexión establecida
2025-09-27 12:59:15,103 - __main__ - INFO - 64 - Creando ventana principal
2025-09-27 12:59:15,104 - ui.main_window - INFO - 34 - Creando widgets en MainWindow
2025-09-27 12:59:15,104 - ui.main_window - INFO - 62 - --- CREANDO PÁGINA REVISTAS ---
2025-09-27 12:59:15,124 - ui.main_window - INFO - 229 - --- FINALIZADA PÁGINA REVISTAS ---
2025-09-27 12:59:15,124 - ui.main_window - INFO - 235 - --- CREANDO PÁGINA AUTORES ---
2025-09-27 12:59:15,130 - ui.main_window - INFO - 357 - --- FINALIZADA PÁGINA AUTORES ---
2025-09-27 12:59:15,130 - ui.main_window - INFO - 362 - --- CREANDO PÁGINA TEMAS ---
2025-09-27 12:59:15,135 - ui.main_window - INFO - 423 - --- FINALIZADA PÁGINA TEMAS ---
2025-09-27 12:59:15,135 - ui.main_window - INFO - 428 - --- CREANDO PÁGINA ANALISIS ---
2025-09-27 12:59:15,140 - ui.main_window - INFO - 492 - --- FINALIZADA PÁGINA ANALISIS ---
2025-09-27 12:59:15,140 - ui.main_window - INFO - 494 - --- INICIO PROCEDIMIENTOS INCIALES ---
2025-09-27 12:59:15,140 - ui.main_window - INFO - 496 - --- FIN DE MAIN WINDOW ---
2025-09-27 12:59:15,392 - __main__ - INFO - 72 - Ventana principal mostrada - Se inicia Main loop
2025-09-27 12:59:26,797 - database.connection - INFO - 37 - Conexión cerrada
2025-09-27 12:59:26,798 - __main__ - INFO - 77 - === Aplicación finalizada correctamente ===
2025-09-27 13:01:27,953 - __main__ - INFO - 56 - === Iniciando la aplicación ===
2025-09-27 13:01:27,954 - __main__ - INFO - 28 - Iniciando configuración de la aplicación El Porteño - Index
- Versión: 3.0.0
2025-09-27 13:01:28,004 - database.connection - INFO - 26 - Conexión establecida
2025-09-27 13:01:28,004 - __main__ - INFO - 64 - Creando ventana principal
2025-09-27 13:01:28,004 - ui.main_window - INFO - 34 - Creando widgets en MainWindow
2025-09-27 13:01:28,005 - ui.main_window - INFO - 62 - --- CREANDO PÁGINA REVISTAS ---
2025-09-27 13:01:28,024 - ui.main_window - INFO - 229 - --- FINALIZADA PÁGINA REVISTAS ---
2025-09-27 13:01:28,024 - ui.main_window - INFO - 235 - --- CREANDO PÁGINA AUTORES ---
2025-09-27 13:01:28,029 - ui.main_window - INFO - 357 - --- FINALIZADA PÁGINA AUTORES ---
2025-09-27 13:01:28,029 - ui.main_window - INFO - 362 - --- CREANDO PÁGINA TEMAS ---
2025-09-27 13:01:28,033 - ui.main_window - INFO - 423 - --- FINALIZADA PÁGINA TEMAS ---
2025-09-27 13:01:28,034 - ui.main_window - INFO - 428 - --- CREANDO PÁGINA ANALISIS ---
2025-09-27 13:01:28,038 - ui.main_window - INFO - 492 - --- FINALIZADA PÁGINA ANALISIS ---
2025-09-27 13:01:28,038 - ui.main_window - INFO - 494 - --- INICIO PROCEDIMIENTOS INCIALES ---
2025-09-27 13:01:28,038 - ui.main_window - INFO - 496 - --- FIN DE MAIN WINDOW ---
2025-09-27 13:01:28,242 - __main__ - INFO - 72 - Ventana principal mostrada - Se inicia Main loop
2025-09-27 13:01:33,544 - database.connection - INFO - 37 - Conexión cerrada
2025-09-27 13:01:33,545 - __main__ - INFO - 77 - === Aplicación finalizada correctamente ===
2025-09-27 13:01:37,271 - __main__ - INFO - 56 - === Iniciando la aplicación ===
2025-09-27 13:01:37,271 - __main__ - INFO - 28 - Iniciando configuración de la aplicación El Porteño - Index
- Versión: 3.0.0
2025-09-27 13:01:37,321 - database.connection - INFO - 26 - Conexión establecida
2025-09-27 13:01:37,321 - __main__ - INFO - 64 - Creando ventana principal
2025-09-27 13:01:37,322 - ui.main_window - INFO - 34 - Creando widgets en MainWindow
2025-09-27 13:01:37,323 - ui.main_window - INFO - 62 - --- CREANDO PÁGINA REVISTAS ---
2025-09-27 13:01:37,342 - ui.main_window - INFO - 229 - --- FINALIZADA PÁGINA REVISTAS ---
2025-09-27 13:01:37,342 - ui.main_window - INFO - 235 - --- CREANDO PÁGINA AUTORES ---
2025-09-27 13:01:37,347 - ui.main_window - INFO - 357 - --- FINALIZADA PÁGINA AUTORES ---
2025-09-27 13:01:37,347 - ui.main_window - INFO - 362 - --- CREANDO PÁGINA TEMAS ---
2025-09-27 13:01:37,351 - ui.main_window - INFO - 423 - --- FINALIZADA PÁGINA TEMAS ---
2025-09-27 13:01:37,351 - ui.main_window - INFO - 428 - --- CREANDO PÁGINA ANALISIS ---
2025-09-27 13:01:37,356 - ui.main_window - INFO - 492 - --- FINALIZADA PÁGINA ANALISIS ---
2025-09-27 13:01:37,356 - ui.main_window - INFO - 494 - --- INICIO PROCEDIMIENTOS INCIALES ---
2025-09-27 13:01:37,356 - ui.main_window - INFO - 496 - --- FIN DE MAIN WINDOW ---
2025-09-27 13:01:37,604 - __main__ - INFO - 72 - Ventana principal mostrada - Se inicia Main loop
2025-09-27 13:01:46,545 - database.connection - INFO - 37 - Conexión cerrada
2025-09-27 13:01:46,546 - __main__ - INFO - 77 - === Aplicación finalizada correctamente ===
2025-09-27 13:06:06,133 - __main__ - INFO - 56 - === Iniciando la aplicación ===
2025-09-27 13:06:06,133 - __main__ - INFO - 28 - Iniciando configuración de la aplicación El Porteño - Index
- Versión: 3.0.0
2025-09-27 13:06:06,185 - database.connection - INFO - 26 - Conexión establecida
2025-09-27 13:06:06,185 - __main__ - INFO - 64 - Creando ventana principal
2025-09-27 13:06:06,186 - ui.main_window - INFO - 34 - Creando widgets en MainWindow
2025-09-27 13:06:06,187 - ui.main_window - INFO - 62 - --- CREANDO PÁGINA REVISTAS ---
2025-09-27 13:06:06,208 - ui.main_window - INFO - 229 - --- FINALIZADA PÁGINA REVISTAS ---
2025-09-27 13:06:06,208 - ui.main_window - INFO - 235 - --- CREANDO PÁGINA AUTORES ---
2025-09-27 13:06:06,214 - ui.main_window - INFO - 357 - --- FINALIZADA PÁGINA AUTORES ---
2025-09-27 13:06:06,214 - ui.main_window - INFO - 362 - --- CREANDO PÁGINA TEMAS ---
2025-09-27 13:06:06,218 - ui.main_window - INFO - 423 - --- FINALIZADA PÁGINA TEMAS ---
2025-09-27 13:06:06,218 - ui.main_window - INFO - 428 - --- CREANDO PÁGINA ANALISIS ---
2025-09-27 13:06:06,223 - ui.main_window - INFO - 492 - --- FINALIZADA PÁGINA ANALISIS ---
2025-09-27 13:06:06,223 - ui.main_window - INFO - 494 - --- INICIO PROCEDIMIENTOS INCIALES ---
2025-09-27 13:06:06,223 - ui.main_window - INFO - 496 - --- FIN DE MAIN WINDOW ---
2025-09-27 13:06:06,550 - __main__ - INFO - 72 - Ventana principal mostrada - Se inicia Main loop
2025-09-27 13:06:16,556 - database.connection - INFO - 37 - Conexión cerrada
2025-09-27 13:06:16,558 - __main__ - INFO - 77 - === Aplicación finalizada correctamente ===
2025-09-27 13:06:28,106 - __main__ - INFO - 56 - === Iniciando la aplicación ===
2025-09-27 13:06:28,106 - __main__ - INFO - 28 - Iniciando configuración de la aplicación El Porteño - Index
- Versión: 3.0.0
2025-09-27 13:06:28,156 - database.connection - INFO - 26 - Conexión establecida
2025-09-27 13:06:28,157 - __main__ - INFO - 64 - Creando ventana principal
2025-09-27 13:06:28,157 - ui.main_window - INFO - 34 - Creando widgets en MainWindow
2025-09-27 13:06:28,158 - ui.main_window - INFO - 62 - --- CREANDO PÁGINA REVISTAS ---
2025-09-27 13:06:28,178 - ui.main_window - INFO - 229 - --- FINALIZADA PÁGINA REVISTAS ---
2025-09-27 13:06:28,178 - ui.main_window - INFO - 235 - --- CREANDO PÁGINA AUTORES ---
2025-09-27 13:06:28,182 - ui.main_window - INFO - 357 - --- FINALIZADA PÁGINA AUTORES ---
2025-09-27 13:06:28,182 - ui.main_window - INFO - 362 - --- CREANDO PÁGINA TEMAS ---
2025-09-27 13:06:28,186 - ui.main_window - INFO - 423 - --- FINALIZADA PÁGINA TEMAS ---
2025-09-27 13:06:28,186 - ui.main_window - INFO - 428 - --- CREANDO PÁGINA ANALISIS ---
2025-09-27 13:06:28,191 - ui.main_window - INFO - 492 - --- FINALIZADA PÁGINA ANALISIS ---
2025-09-27 13:06:28,191 - ui.main_window - INFO - 494 - --- INICIO PROCEDIMIENTOS INCIALES ---
2025-09-27 13:06:28,191 - ui.main_window - INFO - 496 - --- FIN DE MAIN WINDOW ---
2025-09-27 13:06:28,488 - __main__ - INFO - 72 - Ventana principal mostrada - Se inicia Main loop
2025-09-27 13:06:33,679 - database.connection - INFO - 37 - Conexión cerrada
2025-09-27 13:06:33,679 - __main__ - INFO - 77 - === Aplicación finalizada correctamente ===
2025-09-27 13:06:41,829 - __main__ - INFO - 56 - === Iniciando la aplicación ===
2025-09-27 13:06:41,830 - __main__ - INFO - 28 - Iniciando configuración de la aplicación El Porteño - Index
- Versión: 3.0.0
2025-09-27 13:06:41,878 - database.connection - INFO - 26 - Conexión establecida
2025-09-27 13:06:41,879 - __main__ - INFO - 64 - Creando ventana principal
2025-09-27 13:06:41,879 - ui.main_window - INFO - 34 - Creando widgets en MainWindow
2025-09-27 13:06:41,880 - ui.main_window - INFO - 62 - --- CREANDO PÁGINA REVISTAS ---
2025-09-27 13:06:41,899 - ui.main_window - INFO - 229 - --- FINALIZADA PÁGINA REVISTAS ---
2025-09-27 13:06:41,899 - ui.main_window - INFO - 235 - --- CREANDO PÁGINA AUTORES ---
2025-09-27 13:06:41,903 - ui.main_window - INFO - 357 - --- FINALIZADA PÁGINA AUTORES ---
2025-09-27 13:06:41,903 - ui.main_window - INFO - 362 - --- CREANDO PÁGINA TEMAS ---
2025-09-27 13:06:41,907 - ui.main_window - INFO - 423 - --- FINALIZADA PÁGINA TEMAS ---
2025-09-27 13:06:41,907 - ui.main_window - INFO - 428 - --- CREANDO PÁGINA ANALISIS ---
2025-09-27 13:06:41,912 - ui.main_window - INFO - 492 - --- FINALIZADA PÁGINA ANALISIS ---
2025-09-27 13:06:41,912 - ui.main_window - INFO - 494 - --- INICIO PROCEDIMIENTOS INCIALES ---
2025-09-27 13:06:41,912 - ui.main_window - INFO - 496 - --- FIN DE MAIN WINDOW ---
2025-09-27 13:06:42,163 - __main__ - INFO - 72 - Ventana principal mostrada - Se inicia Main loop
2025-09-27 13:06:52,584 - database.connection - INFO - 37 - Conexión cerrada
2025-09-27 13:06:52,587 - __main__ - INFO - 77 - === Aplicación finalizada correctamente ===
2025-09-27 13:09:22,651 - __main__ - INFO - 56 - === Iniciando la aplicación ===
2025-09-27 13:09:22,651 - __main__ - INFO - 28 - Iniciando configuración de la aplicación El Porteño - Index
- Versión: 3.0.0
2025-09-27 13:09:22,705 - database.connection - INFO - 26 - Conexión establecida
2025-09-27 13:09:22,705 - __main__ - INFO - 64 - Creando ventana principal
2025-09-27 13:09:22,706 - ui.main_window - INFO - 34 - Creando widgets en MainWindow
2025-09-27 13:09:22,706 - ui.main_window - INFO - 62 - --- CREANDO PÁGINA REVISTAS ---
2025-09-27 13:09:22,727 - ui.main_window - INFO - 229 - --- FINALIZADA PÁGINA REVISTAS ---
2025-09-27 13:09:22,727 - ui.main_window - INFO - 235 - --- CREANDO PÁGINA AUTORES ---
2025-09-27 13:09:22,732 - ui.main_window - INFO - 357 - --- FINALIZADA PÁGINA AUTORES ---
2025-09-27 13:09:22,732 - ui.main_window - INFO - 362 - --- CREANDO PÁGINA TEMAS ---
2025-09-27 13:09:22,736 - ui.main_window - INFO - 423 - --- FINALIZADA PÁGINA TEMAS ---
2025-09-27 13:09:22,736 - ui.main_window - INFO - 428 - --- CREANDO PÁGINA ANALISIS ---
2025-09-27 13:09:22,741 - ui.main_window - INFO - 492 - --- FINALIZADA PÁGINA ANALISIS ---
2025-09-27 13:09:22,741 - ui.main_window - INFO - 494 - --- INICIO PROCEDIMIENTOS INCIALES ---
2025-09-27 13:09:22,741 - ui.main_window - INFO - 496 - --- FIN DE MAIN WINDOW ---
2025-09-27 13:09:23,015 - __main__ - INFO - 72 - Ventana principal mostrada - Se inicia Main loop
2025-09-27 13:09:24,502 - __main__ - ERROR - 49 - Excepción no manejada:
Traceback (most recent call last):
  File "/home/luc/Documents/10_Archivo/Revistas/El Porteño/ui/main_window.py", line 980, in bt_cartas_en_revista_clicked
    window_correo = DialogCorreo(self.app_state)
                    ^^^^^^^^^^^^^^^^^^^^^^^^^^^^
  File "/home/luc/Documents/10_Archivo/Revistas/El Porteño/ui/dialogs.py", line 15, in __init__
    self._setup_ui()
  File "/home/luc/Documents/10_Archivo/Revistas/El Porteño/ui/dialogs.py", line 63, in _setup_ui
    grid.attach(self.ent_comentarios,1,3,1,1)
TypeError: argument child: Expected Gtk.Widget, but got ui.widgets.EntradaComentarios
2025-09-27 13:09:54,700 - __main__ - INFO - 56 - === Iniciando la aplicación ===
2025-09-27 13:09:54,700 - __main__ - INFO - 28 - Iniciando configuración de la aplicación El Porteño - Index
- Versión: 3.0.0
2025-09-27 13:09:54,751 - database.connection - INFO - 26 - Conexión establecida
2025-09-27 13:09:54,751 - __main__ - INFO - 64 - Creando ventana principal
2025-09-27 13:09:54,752 - ui.main_window - INFO - 34 - Creando widgets en MainWindow
2025-09-27 13:09:54,753 - ui.main_window - INFO - 62 - --- CREANDO PÁGINA REVISTAS ---
2025-09-27 13:09:54,773 - ui.main_window - INFO - 229 - --- FINALIZADA PÁGINA REVISTAS ---
2025-09-27 13:09:54,773 - ui.main_window - INFO - 235 - --- CREANDO PÁGINA AUTORES ---
2025-09-27 13:09:54,778 - ui.main_window - INFO - 357 - --- FINALIZADA PÁGINA AUTORES ---
2025-09-27 13:09:54,778 - ui.main_window - INFO - 362 - --- CREANDO PÁGINA TEMAS ---
2025-09-27 13:09:54,782 - ui.main_window - INFO - 423 - --- FINALIZADA PÁGINA TEMAS ---
2025-09-27 13:09:54,782 - ui.main_window - INFO - 428 - --- CREANDO PÁGINA ANALISIS ---
2025-09-27 13:09:54,786 - ui.main_window - INFO - 492 - --- FINALIZADA PÁGINA ANALISIS ---
2025-09-27 13:09:54,786 - ui.main_window - INFO - 494 - --- INICIO PROCEDIMIENTOS INCIALES ---
2025-09-27 13:09:54,786 - ui.main_window - INFO - 496 - --- FIN DE MAIN WINDOW ---
2025-09-27 13:09:55,071 - __main__ - INFO - 72 - Ventana principal mostrada - Se inicia Main loop
2025-09-27 13:10:18,180 - database.connection - INFO - 37 - Conexión cerrada
2025-09-27 13:10:18,181 - __main__ - INFO - 77 - === Aplicación finalizada correctamente ===
2025-09-27 13:16:52,508 - __main__ - INFO - 56 - === Iniciando la aplicación ===
2025-09-27 13:16:52,508 - __main__ - INFO - 28 - Iniciando configuración de la aplicación El Porteño - Index
- Versión: 3.0.0
2025-09-27 13:16:52,556 - database.connection - INFO - 26 - Conexión establecida
2025-09-27 13:16:52,556 - __main__ - INFO - 64 - Creando ventana principal
2025-09-27 13:16:52,557 - ui.main_window - INFO - 34 - Creando widgets en MainWindow
2025-09-27 13:16:52,557 - ui.main_window - INFO - 62 - --- CREANDO PÁGINA REVISTAS ---
2025-09-27 13:16:52,577 - ui.main_window - INFO - 229 - --- FINALIZADA PÁGINA REVISTAS ---
2025-09-27 13:16:52,577 - ui.main_window - INFO - 235 - --- CREANDO PÁGINA AUTORES ---
2025-09-27 13:16:52,581 - ui.main_window - INFO - 357 - --- FINALIZADA PÁGINA AUTORES ---
2025-09-27 13:16:52,581 - ui.main_window - INFO - 362 - --- CREANDO PÁGINA TEMAS ---
2025-09-27 13:16:52,585 - ui.main_window - INFO - 423 - --- FINALIZADA PÁGINA TEMAS ---
2025-09-27 13:16:52,585 - ui.main_window - INFO - 428 - --- CREANDO PÁGINA ANALISIS ---
2025-09-27 13:16:52,590 - ui.main_window - INFO - 492 - --- FINALIZADA PÁGINA ANALISIS ---
2025-09-27 13:16:52,590 - ui.main_window - INFO - 494 - --- INICIO PROCEDIMIENTOS INCIALES ---
2025-09-27 13:16:52,590 - ui.main_window - INFO - 496 - --- FIN DE MAIN WINDOW ---
2025-09-27 13:16:52,794 - __main__ - INFO - 72 - Ventana principal mostrada - Se inicia Main loop
2025-09-27 13:16:54,043 - __main__ - ERROR - 49 - Excepción no manejada:
Traceback (most recent call last):
  File "/home/luc/Documents/10_Archivo/Revistas/El Porteño/ui/main_window.py", line 980, in bt_cartas_en_revista_clicked
    window_correo = DialogCorreo(self.app_state)
                    ^^^^^^^^^^^^^^^^^^^^^^^^^^^^
  File "/home/luc/Documents/10_Archivo/Revistas/El Porteño/ui/dialogs.py", line 16, in __init__
    self._connect_signals()
  File "/home/luc/Documents/10_Archivo/Revistas/El Porteño/ui/dialogs.py", line 88, in _connect_signals
    self.bt_salir.connect("clicked", self.bt_salir_clicked)
                                     ^^^^^^^^^^^^^^^^^^^^^
AttributeError: 'DialogCorreo' object has no attribute 'bt_salir_clicked'
2025-09-27 13:17:54,339 - __main__ - INFO - 56 - === Iniciando la aplicación ===
2025-09-27 13:17:54,339 - __main__ - INFO - 28 - Iniciando configuración de la aplicación El Porteño - Index
- Versión: 3.0.0
2025-09-27 13:17:54,391 - database.connection - INFO - 26 - Conexión establecida
2025-09-27 13:17:54,391 - __main__ - INFO - 64 - Creando ventana principal
2025-09-27 13:17:54,391 - ui.main_window - INFO - 34 - Creando widgets en MainWindow
2025-09-27 13:17:54,392 - ui.main_window - INFO - 62 - --- CREANDO PÁGINA REVISTAS ---
2025-09-27 13:17:54,413 - ui.main_window - INFO - 229 - --- FINALIZADA PÁGINA REVISTAS ---
2025-09-27 13:17:54,414 - ui.main_window - INFO - 235 - --- CREANDO PÁGINA AUTORES ---
2025-09-27 13:17:54,419 - ui.main_window - INFO - 357 - --- FINALIZADA PÁGINA AUTORES ---
2025-09-27 13:17:54,419 - ui.main_window - INFO - 362 - --- CREANDO PÁGINA TEMAS ---
2025-09-27 13:17:54,423 - ui.main_window - INFO - 423 - --- FINALIZADA PÁGINA TEMAS ---
2025-09-27 13:17:54,423 - ui.main_window - INFO - 428 - --- CREANDO PÁGINA ANALISIS ---
2025-09-27 13:17:54,428 - ui.main_window - INFO - 492 - --- FINALIZADA PÁGINA ANALISIS ---
2025-09-27 13:17:54,428 - ui.main_window - INFO - 494 - --- INICIO PROCEDIMIENTOS INCIALES ---
2025-09-27 13:17:54,428 - ui.main_window - INFO - 496 - --- FIN DE MAIN WINDOW ---
2025-09-27 13:17:54,753 - __main__ - INFO - 72 - Ventana principal mostrada - Se inicia Main loop
2025-09-27 13:18:03,397 - database.connection - INFO - 37 - Conexión cerrada
2025-09-27 13:18:03,398 - __main__ - INFO - 77 - === Aplicación finalizada correctamente ===
2025-09-27 13:18:56,756 - __main__ - INFO - 56 - === Iniciando la aplicación ===
2025-09-27 13:18:56,756 - __main__ - INFO - 28 - Iniciando configuración de la aplicación El Porteño - Index
- Versión: 3.0.0
2025-09-27 13:18:56,810 - database.connection - INFO - 26 - Conexión establecida
2025-09-27 13:18:56,810 - __main__ - INFO - 64 - Creando ventana principal
2025-09-27 13:18:56,811 - ui.main_window - INFO - 34 - Creando widgets en MainWindow
2025-09-27 13:18:56,812 - ui.main_window - INFO - 62 - --- CREANDO PÁGINA REVISTAS ---
2025-09-27 13:18:56,832 - ui.main_window - INFO - 229 - --- FINALIZADA PÁGINA REVISTAS ---
2025-09-27 13:18:56,832 - ui.main_window - INFO - 235 - --- CREANDO PÁGINA AUTORES ---
2025-09-27 13:18:56,837 - ui.main_window - INFO - 357 - --- FINALIZADA PÁGINA AUTORES ---
2025-09-27 13:18:56,838 - ui.main_window - INFO - 362 - --- CREANDO PÁGINA TEMAS ---
2025-09-27 13:18:56,842 - ui.main_window - INFO - 423 - --- FINALIZADA PÁGINA TEMAS ---
2025-09-27 13:18:56,842 - ui.main_window - INFO - 428 - --- CREANDO PÁGINA ANALISIS ---
2025-09-27 13:18:56,846 - ui.main_window - INFO - 492 - --- FINALIZADA PÁGINA ANALISIS ---
2025-09-27 13:18:56,846 - ui.main_window - INFO - 494 - --- INICIO PROCEDIMIENTOS INCIALES ---
2025-09-27 13:18:56,846 - ui.main_window - INFO - 496 - --- FIN DE MAIN WINDOW ---
2025-09-27 13:18:57,064 - __main__ - INFO - 72 - Ventana principal mostrada - Se inicia Main loop
2025-09-27 13:19:57,423 - database.connection - INFO - 37 - Conexión cerrada
2025-09-27 13:19:57,424 - __main__ - INFO - 77 - === Aplicación finalizada correctamente ===
2025-09-27 13:21:16,074 - __main__ - INFO - 56 - === Iniciando la aplicación ===
2025-09-27 13:21:16,074 - __main__ - INFO - 28 - Iniciando configuración de la aplicación El Porteño - Index
- Versión: 3.0.0
2025-09-27 13:21:16,129 - database.connection - INFO - 26 - Conexión establecida
2025-09-27 13:21:16,129 - __main__ - INFO - 64 - Creando ventana principal
2025-09-27 13:21:16,130 - ui.main_window - INFO - 34 - Creando widgets en MainWindow
2025-09-27 13:21:16,130 - ui.main_window - INFO - 62 - --- CREANDO PÁGINA REVISTAS ---
2025-09-27 13:21:16,152 - ui.main_window - INFO - 229 - --- FINALIZADA PÁGINA REVISTAS ---
2025-09-27 13:21:16,152 - ui.main_window - INFO - 235 - --- CREANDO PÁGINA AUTORES ---
2025-09-27 13:21:16,157 - ui.main_window - INFO - 357 - --- FINALIZADA PÁGINA AUTORES ---
2025-09-27 13:21:16,157 - ui.main_window - INFO - 362 - --- CREANDO PÁGINA TEMAS ---
2025-09-27 13:21:16,161 - ui.main_window - INFO - 423 - --- FINALIZADA PÁGINA TEMAS ---
2025-09-27 13:21:16,161 - ui.main_window - INFO - 428 - --- CREANDO PÁGINA ANALISIS ---
2025-09-27 13:21:16,166 - ui.main_window - INFO - 492 - --- FINALIZADA PÁGINA ANALISIS ---
2025-09-27 13:21:16,166 - ui.main_window - INFO - 494 - --- INICIO PROCEDIMIENTOS INCIALES ---
2025-09-27 13:21:16,166 - ui.main_window - INFO - 496 - --- FIN DE MAIN WINDOW ---
2025-09-27 13:21:16,439 - __main__ - INFO - 72 - Ventana principal mostrada - Se inicia Main loop
2025-09-27 13:23:02,964 - database.connection - INFO - 37 - Conexión cerrada
2025-09-27 13:23:02,965 - __main__ - INFO - 77 - === Aplicación finalizada correctamente ===
2025-09-27 13:54:25,956 - __main__ - INFO - 56 - === Iniciando la aplicación ===
2025-09-27 13:54:25,956 - __main__ - INFO - 28 - Iniciando configuración de la aplicación El Porteño - Index
- Versión: 3.0.0
2025-09-27 13:54:26,013 - database.connection - INFO - 26 - Conexión establecida
2025-09-27 13:54:26,013 - __main__ - INFO - 64 - Creando ventana principal
2025-09-27 13:54:26,013 - ui.main_window - INFO - 34 - Creando widgets en MainWindow
2025-09-27 13:54:26,014 - ui.main_window - INFO - 62 - --- CREANDO PÁGINA REVISTAS ---
2025-09-27 13:54:26,033 - ui.main_window - INFO - 229 - --- FINALIZADA PÁGINA REVISTAS ---
2025-09-27 13:54:26,033 - ui.main_window - INFO - 235 - --- CREANDO PÁGINA AUTORES ---
2025-09-27 13:54:26,038 - ui.main_window - INFO - 357 - --- FINALIZADA PÁGINA AUTORES ---
2025-09-27 13:54:26,038 - ui.main_window - INFO - 362 - --- CREANDO PÁGINA TEMAS ---
2025-09-27 13:54:26,042 - ui.main_window - INFO - 423 - --- FINALIZADA PÁGINA TEMAS ---
2025-09-27 13:54:26,042 - ui.main_window - INFO - 428 - --- CREANDO PÁGINA ANALISIS ---
2025-09-27 13:54:26,047 - ui.main_window - INFO - 492 - --- FINALIZADA PÁGINA ANALISIS ---
2025-09-27 13:54:26,047 - ui.main_window - INFO - 494 - --- INICIO PROCEDIMIENTOS INCIALES ---
2025-09-27 13:54:26,047 - ui.main_window - INFO - 496 - --- FIN DE MAIN WINDOW ---
2025-09-27 13:54:26,262 - __main__ - INFO - 72 - Ventana principal mostrada - Se inicia Main loop
2025-09-27 13:54:32,333 - __main__ - ERROR - 49 - Excepción no manejada:
Traceback (most recent call last):
  File "/home/luc/Documents/10_Archivo/Revistas/El Porteño/ui/main_window.py", line 1179, in fb_grupos_on_tag_selected
    self.actualizar_cartas_analisis(selected_tag.id)
  File "/home/luc/Documents/10_Archivo/Revistas/El Porteño/ui/main_window.py", line 928, in actualizar_cartas_analisis
    cartas = utils.to_cartas(cartas)
             ^^^^^^^^^^^^^^^^^^^^^^^
  File "/home/luc/Documents/10_Archivo/Revistas/El Porteño/utils.py", line 77, in to_cartas
    for elemento in lista_temas:
                    ^^^^^^^^^^^
NameError: name 'lista_temas' is not defined. Did you mean: 'lista_cartas'?
2025-09-27 13:55:23,661 - __main__ - INFO - 56 - === Iniciando la aplicación ===
2025-09-27 13:55:23,661 - __main__ - INFO - 28 - Iniciando configuración de la aplicación El Porteño - Index
- Versión: 3.0.0
2025-09-27 13:55:23,710 - database.connection - INFO - 26 - Conexión establecida
2025-09-27 13:55:23,711 - __main__ - INFO - 64 - Creando ventana principal
2025-09-27 13:55:23,711 - ui.main_window - INFO - 34 - Creando widgets en MainWindow
2025-09-27 13:55:23,712 - ui.main_window - INFO - 62 - --- CREANDO PÁGINA REVISTAS ---
2025-09-27 13:55:23,732 - ui.main_window - INFO - 229 - --- FINALIZADA PÁGINA REVISTAS ---
2025-09-27 13:55:23,732 - ui.main_window - INFO - 235 - --- CREANDO PÁGINA AUTORES ---
2025-09-27 13:55:23,736 - ui.main_window - INFO - 357 - --- FINALIZADA PÁGINA AUTORES ---
2025-09-27 13:55:23,736 - ui.main_window - INFO - 362 - --- CREANDO PÁGINA TEMAS ---
2025-09-27 13:55:23,740 - ui.main_window - INFO - 423 - --- FINALIZADA PÁGINA TEMAS ---
2025-09-27 13:55:23,740 - ui.main_window - INFO - 428 - --- CREANDO PÁGINA ANALISIS ---
2025-09-27 13:55:23,745 - ui.main_window - INFO - 492 - --- FINALIZADA PÁGINA ANALISIS ---
2025-09-27 13:55:23,745 - ui.main_window - INFO - 494 - --- INICIO PROCEDIMIENTOS INCIALES ---
2025-09-27 13:55:23,745 - ui.main_window - INFO - 496 - --- FIN DE MAIN WINDOW ---
2025-09-27 13:55:23,946 - __main__ - INFO - 72 - Ventana principal mostrada - Se inicia Main loop
2025-09-27 13:55:28,007 - __main__ - ERROR - 49 - Excepción no manejada:
Traceback (most recent call last):
  File "/home/luc/Documents/10_Archivo/Revistas/El Porteño/ui/main_window.py", line 1180, in fb_grupos_on_tag_selected
    n_filas = len(self.vc_analisis.vc.get_model())
                  ^^^^^^^^^^^^^^^^^^^
AttributeError: 'VisualizadorCartas' object has no attribute 'vc'
2025-09-27 14:09:37,082 - __main__ - INFO - 56 - === Iniciando la aplicación ===
2025-09-27 14:09:37,082 - __main__ - INFO - 28 - Iniciando configuración de la aplicación El Porteño - Index
- Versión: 3.0.0
2025-09-27 14:09:37,134 - database.connection - INFO - 26 - Conexión establecida
2025-09-27 14:09:37,134 - __main__ - INFO - 64 - Creando ventana principal
2025-09-27 14:09:37,134 - ui.main_window - INFO - 34 - Creando widgets en MainWindow
2025-09-27 14:09:37,135 - ui.main_window - INFO - 62 - --- CREANDO PÁGINA REVISTAS ---
2025-09-27 14:09:37,155 - ui.main_window - INFO - 229 - --- FINALIZADA PÁGINA REVISTAS ---
2025-09-27 14:09:37,156 - ui.main_window - INFO - 235 - --- CREANDO PÁGINA AUTORES ---
2025-09-27 14:09:37,161 - ui.main_window - INFO - 357 - --- FINALIZADA PÁGINA AUTORES ---
2025-09-27 14:09:37,161 - ui.main_window - INFO - 362 - --- CREANDO PÁGINA TEMAS ---
2025-09-27 14:09:37,165 - ui.main_window - INFO - 423 - --- FINALIZADA PÁGINA TEMAS ---
2025-09-27 14:09:37,165 - ui.main_window - INFO - 428 - --- CREANDO PÁGINA ANALISIS ---
2025-09-27 14:09:37,170 - ui.main_window - INFO - 492 - --- FINALIZADA PÁGINA ANALISIS ---
2025-09-27 14:09:37,171 - ui.main_window - INFO - 494 - --- INICIO PROCEDIMIENTOS INCIALES ---
2025-09-27 14:09:37,171 - ui.main_window - INFO - 496 - --- FIN DE MAIN WINDOW ---
2025-09-27 14:09:37,385 - __main__ - INFO - 72 - Ventana principal mostrada - Se inicia Main loop
2025-09-27 14:09:53,172 - __main__ - ERROR - 49 - Excepción no manejada:
Traceback (most recent call last):
  File "/home/luc/Documents/10_Archivo/Revistas/El Porteño/ui/main_window.py", line 1180, in fb_grupos_on_tag_selected
    n_filas = len(self.vc_analisis.vc.get_model())
                  ^^^^^^^^^^^^^^^^^^^
AttributeError: 'VisualizadorCartas' object has no attribute 'vc'
2025-09-27 14:16:40,648 - __main__ - INFO - 56 - === Iniciando la aplicación ===
2025-09-27 14:16:40,648 - __main__ - INFO - 28 - Iniciando configuración de la aplicación El Porteño - Index
- Versión: 3.0.0
2025-09-27 14:16:40,702 - database.connection - INFO - 26 - Conexión establecida
2025-09-27 14:16:40,702 - __main__ - INFO - 64 - Creando ventana principal
2025-09-27 14:16:40,702 - ui.main_window - INFO - 34 - Creando widgets en MainWindow
2025-09-27 14:16:40,703 - ui.main_window - INFO - 62 - --- CREANDO PÁGINA REVISTAS ---
2025-09-27 14:16:40,724 - ui.main_window - INFO - 229 - --- FINALIZADA PÁGINA REVISTAS ---
2025-09-27 14:16:40,724 - ui.main_window - INFO - 235 - --- CREANDO PÁGINA AUTORES ---
2025-09-27 14:16:40,729 - ui.main_window - INFO - 357 - --- FINALIZADA PÁGINA AUTORES ---
2025-09-27 14:16:40,729 - ui.main_window - INFO - 362 - --- CREANDO PÁGINA TEMAS ---
2025-09-27 14:16:40,734 - ui.main_window - INFO - 423 - --- FINALIZADA PÁGINA TEMAS ---
2025-09-27 14:16:40,734 - ui.main_window - INFO - 428 - --- CREANDO PÁGINA ANALISIS ---
2025-09-27 14:16:40,739 - ui.main_window - INFO - 492 - --- FINALIZADA PÁGINA ANALISIS ---
2025-09-27 14:16:40,739 - ui.main_window - INFO - 494 - --- INICIO PROCEDIMIENTOS INCIALES ---
2025-09-27 14:16:40,739 - ui.main_window - INFO - 496 - --- FIN DE MAIN WINDOW ---
2025-09-27 14:16:41,132 - __main__ - INFO - 72 - Ventana principal mostrada - Se inicia Main loop
2025-09-27 14:16:53,334 - ui.main_window - ERROR - 1278 - No se pudo actualizar el VisualizadorDeNotas porque parámetro desde = análisis no está identificado
2025-09-27 14:16:53,340 - database.connection - INFO - 37 - Conexión cerrada
2025-09-27 14:16:53,340 - __main__ - INFO - 77 - === Aplicación finalizada correctamente ===
2025-09-27 14:21:12,100 - __main__ - INFO - 56 - === Iniciando la aplicación ===
2025-09-27 14:21:12,100 - __main__ - INFO - 28 - Iniciando configuración de la aplicación El Porteño - Index
- Versión: 3.0.0
2025-09-27 14:21:12,158 - database.connection - INFO - 26 - Conexión establecida
2025-09-27 14:21:12,158 - __main__ - INFO - 64 - Creando ventana principal
2025-09-27 14:21:12,158 - ui.main_window - INFO - 34 - Creando widgets en MainWindow
2025-09-27 14:21:12,159 - ui.main_window - INFO - 62 - --- CREANDO PÁGINA REVISTAS ---
2025-09-27 14:21:12,179 - ui.main_window - INFO - 229 - --- FINALIZADA PÁGINA REVISTAS ---
2025-09-27 14:21:12,179 - ui.main_window - INFO - 235 - --- CREANDO PÁGINA AUTORES ---
2025-09-27 14:21:12,184 - ui.main_window - INFO - 357 - --- FINALIZADA PÁGINA AUTORES ---
2025-09-27 14:21:12,184 - ui.main_window - INFO - 362 - --- CREANDO PÁGINA TEMAS ---
2025-09-27 14:21:12,188 - ui.main_window - INFO - 423 - --- FINALIZADA PÁGINA TEMAS ---
2025-09-27 14:21:12,188 - ui.main_window - INFO - 428 - --- CREANDO PÁGINA ANALISIS ---
2025-09-27 14:21:12,192 - ui.main_window - INFO - 492 - --- FINALIZADA PÁGINA ANALISIS ---
2025-09-27 14:21:12,192 - ui.main_window - INFO - 494 - --- INICIO PROCEDIMIENTOS INCIALES ---
2025-09-27 14:21:12,192 - ui.main_window - INFO - 496 - --- FIN DE MAIN WINDOW ---
2025-09-27 14:21:12,401 - __main__ - INFO - 72 - Ventana principal mostrada - Se inicia Main loop
2025-09-27 14:21:24,752 - ui.main_window - ERROR - 1278 - No se pudo actualizar el VisualizadorDeNotas porque parámetro desde = análisis no está identificado
2025-09-27 14:21:24,763 - database.connection - INFO - 37 - Conexión cerrada
2025-09-27 14:21:24,763 - __main__ - INFO - 77 - === Aplicación finalizada correctamente ===
2025-09-27 14:22:57,443 - __main__ - INFO - 56 - === Iniciando la aplicación ===
2025-09-27 14:22:57,443 - __main__ - INFO - 28 - Iniciando configuración de la aplicación El Porteño - Index
- Versión: 3.0.0
2025-09-27 14:22:57,512 - database.connection - INFO - 26 - Conexión establecida
2025-09-27 14:22:57,512 - __main__ - INFO - 64 - Creando ventana principal
2025-09-27 14:22:57,512 - ui.main_window - INFO - 34 - Creando widgets en MainWindow
2025-09-27 14:22:57,513 - ui.main_window - INFO - 62 - --- CREANDO PÁGINA REVISTAS ---
2025-09-27 14:22:57,534 - ui.main_window - INFO - 229 - --- FINALIZADA PÁGINA REVISTAS ---
2025-09-27 14:22:57,534 - ui.main_window - INFO - 235 - --- CREANDO PÁGINA AUTORES ---
2025-09-27 14:22:57,539 - ui.main_window - INFO - 357 - --- FINALIZADA PÁGINA AUTORES ---
2025-09-27 14:22:57,539 - ui.main_window - INFO - 362 - --- CREANDO PÁGINA TEMAS ---
2025-09-27 14:22:57,543 - ui.main_window - INFO - 423 - --- FINALIZADA PÁGINA TEMAS ---
2025-09-27 14:22:57,543 - ui.main_window - INFO - 428 - --- CREANDO PÁGINA ANALISIS ---
2025-09-27 14:22:57,549 - ui.main_window - INFO - 492 - --- FINALIZADA PÁGINA ANALISIS ---
2025-09-27 14:22:57,549 - ui.main_window - INFO - 494 - --- INICIO PROCEDIMIENTOS INCIALES ---
2025-09-27 14:22:57,549 - ui.main_window - INFO - 496 - --- FIN DE MAIN WINDOW ---
2025-09-27 14:22:57,901 - __main__ - INFO - 72 - Ventana principal mostrada - Se inicia Main loop
2025-09-27 14:23:04,842 - ui.main_window - ERROR - 1278 - No se pudo actualizar el VisualizadorDeNotas porque parámetro desde = análisis no está identificado
2025-09-27 14:23:13,073 - database.connection - INFO - 37 - Conexión cerrada
2025-09-27 14:23:13,074 - __main__ - INFO - 77 - === Aplicación finalizada correctamente ===
2025-09-27 14:23:19,907 - __main__ - INFO - 56 - === Iniciando la aplicación ===
2025-09-27 14:23:19,907 - __main__ - INFO - 28 - Iniciando configuración de la aplicación El Porteño - Index
- Versión: 3.0.0
2025-09-27 14:23:19,954 - database.connection - INFO - 26 - Conexión establecida
2025-09-27 14:23:19,954 - __main__ - INFO - 64 - Creando ventana principal
2025-09-27 14:23:19,955 - ui.main_window - INFO - 34 - Creando widgets en MainWindow
2025-09-27 14:23:19,956 - ui.main_window - INFO - 62 - --- CREANDO PÁGINA REVISTAS ---
2025-09-27 14:23:19,975 - ui.main_window - INFO - 229 - --- FINALIZADA PÁGINA REVISTAS ---
2025-09-27 14:23:19,975 - ui.main_window - INFO - 235 - --- CREANDO PÁGINA AUTORES ---
2025-09-27 14:23:19,980 - ui.main_window - INFO - 357 - --- FINALIZADA PÁGINA AUTORES ---
2025-09-27 14:23:19,981 - ui.main_window - INFO - 362 - --- CREANDO PÁGINA TEMAS ---
2025-09-27 14:23:19,989 - ui.main_window - INFO - 423 - --- FINALIZADA PÁGINA TEMAS ---
2025-09-27 14:23:19,989 - ui.main_window - INFO - 428 - --- CREANDO PÁGINA ANALISIS ---
2025-09-27 14:23:19,997 - ui.main_window - INFO - 492 - --- FINALIZADA PÁGINA ANALISIS ---
2025-09-27 14:23:19,997 - ui.main_window - INFO - 494 - --- INICIO PROCEDIMIENTOS INCIALES ---
2025-09-27 14:23:19,997 - ui.main_window - INFO - 496 - --- FIN DE MAIN WINDOW ---
2025-09-27 14:23:20,281 - __main__ - INFO - 72 - Ventana principal mostrada - Se inicia Main loop
2025-09-27 14:23:50,881 - __main__ - INFO - 56 - === Iniciando la aplicación ===
2025-09-27 14:23:50,881 - __main__ - INFO - 28 - Iniciando configuración de la aplicación El Porteño - Index
- Versión: 3.0.0
2025-09-27 14:23:50,933 - database.connection - INFO - 26 - Conexión establecida
2025-09-27 14:23:50,933 - __main__ - INFO - 64 - Creando ventana principal
2025-09-27 14:23:50,933 - ui.main_window - INFO - 34 - Creando widgets en MainWindow
2025-09-27 14:23:50,934 - ui.main_window - INFO - 62 - --- CREANDO PÁGINA REVISTAS ---
2025-09-27 14:23:50,955 - ui.main_window - INFO - 229 - --- FINALIZADA PÁGINA REVISTAS ---
2025-09-27 14:23:50,956 - ui.main_window - INFO - 235 - --- CREANDO PÁGINA AUTORES ---
2025-09-27 14:23:50,960 - ui.main_window - INFO - 357 - --- FINALIZADA PÁGINA AUTORES ---
2025-09-27 14:23:50,961 - ui.main_window - INFO - 362 - --- CREANDO PÁGINA TEMAS ---
2025-09-27 14:23:50,964 - ui.main_window - INFO - 423 - --- FINALIZADA PÁGINA TEMAS ---
2025-09-27 14:23:50,964 - ui.main_window - INFO - 428 - --- CREANDO PÁGINA ANALISIS ---
2025-09-27 14:23:50,969 - ui.main_window - INFO - 492 - --- FINALIZADA PÁGINA ANALISIS ---
2025-09-27 14:23:50,969 - ui.main_window - INFO - 494 - --- INICIO PROCEDIMIENTOS INCIALES ---
2025-09-27 14:23:50,969 - ui.main_window - INFO - 496 - --- FIN DE MAIN WINDOW ---
2025-09-27 14:23:51,241 - __main__ - INFO - 72 - Ventana principal mostrada - Se inicia Main loop
2025-09-27 14:26:24,493 - __main__ - ERROR - 49 - Excepción no manejada:
Traceback (most recent call last):
  File "/home/luc/Documents/10_Archivo/Revistas/El Porteño/ui/main_window.py", line 1120, in list_temas_row_activated
    self.cargar_notas_en_visor_nota_temas()
  File "/home/luc/Documents/10_Archivo/Revistas/El Porteño/ui/main_window.py", line 888, in cargar_notas_en_visor_nota_temas
    notas = to_nota(lista_notas)
            ^^^^^^^
NameError: name 'to_nota' is not defined
2025-09-27 14:26:34,641 - __main__ - INFO - 56 - === Iniciando la aplicación ===
2025-09-27 14:26:34,641 - __main__ - INFO - 28 - Iniciando configuración de la aplicación El Porteño - Index
- Versión: 3.0.0
2025-09-27 14:26:34,688 - database.connection - INFO - 26 - Conexión establecida
2025-09-27 14:26:34,688 - __main__ - INFO - 64 - Creando ventana principal
2025-09-27 14:26:34,689 - ui.main_window - INFO - 34 - Creando widgets en MainWindow
2025-09-27 14:26:34,690 - ui.main_window - INFO - 62 - --- CREANDO PÁGINA REVISTAS ---
2025-09-27 14:26:34,715 - ui.main_window - INFO - 229 - --- FINALIZADA PÁGINA REVISTAS ---
2025-09-27 14:26:34,715 - ui.main_window - INFO - 235 - --- CREANDO PÁGINA AUTORES ---
2025-09-27 14:26:34,721 - ui.main_window - INFO - 357 - --- FINALIZADA PÁGINA AUTORES ---
2025-09-27 14:26:34,721 - ui.main_window - INFO - 362 - --- CREANDO PÁGINA TEMAS ---
2025-09-27 14:26:34,725 - ui.main_window - INFO - 423 - --- FINALIZADA PÁGINA TEMAS ---
2025-09-27 14:26:34,725 - ui.main_window - INFO - 428 - --- CREANDO PÁGINA ANALISIS ---
2025-09-27 14:26:34,730 - ui.main_window - INFO - 492 - --- FINALIZADA PÁGINA ANALISIS ---
2025-09-27 14:26:34,730 - ui.main_window - INFO - 494 - --- INICIO PROCEDIMIENTOS INCIALES ---
2025-09-27 14:26:34,730 - ui.main_window - INFO - 496 - --- FIN DE MAIN WINDOW ---
2025-09-27 14:26:34,951 - __main__ - INFO - 72 - Ventana principal mostrada - Se inicia Main loop
2025-09-27 14:30:22,388 - database.connection - INFO - 37 - Conexión cerrada
2025-09-27 14:30:22,389 - __main__ - INFO - 77 - === Aplicación finalizada correctamente ===
2025-09-27 14:30:26,559 - __main__ - INFO - 56 - === Iniciando la aplicación ===
2025-09-27 14:30:26,559 - __main__ - INFO - 28 - Iniciando configuración de la aplicación El Porteño - Index
- Versión: 3.0.0
2025-09-27 14:30:26,603 - database.connection - INFO - 26 - Conexión establecida
2025-09-27 14:30:26,603 - __main__ - INFO - 64 - Creando ventana principal
2025-09-27 14:30:26,604 - ui.main_window - INFO - 34 - Creando widgets en MainWindow
2025-09-27 14:30:26,605 - ui.main_window - INFO - 62 - --- CREANDO PÁGINA REVISTAS ---
2025-09-27 14:30:26,625 - ui.main_window - INFO - 229 - --- FINALIZADA PÁGINA REVISTAS ---
2025-09-27 14:30:26,625 - ui.main_window - INFO - 235 - --- CREANDO PÁGINA AUTORES ---
2025-09-27 14:30:26,630 - ui.main_window - INFO - 357 - --- FINALIZADA PÁGINA AUTORES ---
2025-09-27 14:30:26,630 - ui.main_window - INFO - 362 - --- CREANDO PÁGINA TEMAS ---
2025-09-27 14:30:26,634 - ui.main_window - INFO - 423 - --- FINALIZADA PÁGINA TEMAS ---
2025-09-27 14:30:26,634 - ui.main_window - INFO - 428 - --- CREANDO PÁGINA ANALISIS ---
2025-09-27 14:30:26,639 - ui.main_window - INFO - 492 - --- FINALIZADA PÁGINA ANALISIS ---
2025-09-27 14:30:26,639 - ui.main_window - INFO - 494 - --- INICIO PROCEDIMIENTOS INCIALES ---
2025-09-27 14:30:26,639 - ui.main_window - INFO - 496 - --- FIN DE MAIN WINDOW ---
2025-09-27 14:30:26,839 - __main__ - INFO - 72 - Ventana principal mostrada - Se inicia Main loop
2025-09-27 14:30:51,591 - __main__ - ERROR - 49 - Excepción no manejada:
Traceback (most recent call last):
  File "/home/luc/Documents/10_Archivo/Revistas/El Porteño/ui/main_window.py", line 1061, in list_autores_row_activate
    self.actualizar_autor(autor)
  File "/home/luc/Documents/10_Archivo/Revistas/El Porteño/ui/main_window.py", line 786, in actualizar_autor
    self.actualizar_widgets_autor()
  File "/home/luc/Documents/10_Archivo/Revistas/El Porteño/ui/main_window.py", line 791, in actualizar_widgets_autor
    self.cargar_widgets_autores(autor)
  File "/home/luc/Documents/10_Archivo/Revistas/El Porteño/ui/main_window.py", line 815, in cargar_widgets_autores
    notas = to_nota(lista_notas)
            ^^^^^^^
NameError: name 'to_nota' is not defined
2025-09-27 14:31:29,807 - __main__ - INFO - 56 - === Iniciando la aplicación ===
2025-09-27 14:31:29,807 - __main__ - INFO - 28 - Iniciando configuración de la aplicación El Porteño - Index
- Versión: 3.0.0
2025-09-27 14:31:29,856 - database.connection - INFO - 26 - Conexión establecida
2025-09-27 14:31:29,856 - __main__ - INFO - 64 - Creando ventana principal
2025-09-27 14:31:29,856 - ui.main_window - INFO - 34 - Creando widgets en MainWindow
2025-09-27 14:31:29,857 - ui.main_window - INFO - 62 - --- CREANDO PÁGINA REVISTAS ---
2025-09-27 14:31:29,876 - ui.main_window - INFO - 229 - --- FINALIZADA PÁGINA REVISTAS ---
2025-09-27 14:31:29,876 - ui.main_window - INFO - 235 - --- CREANDO PÁGINA AUTORES ---
2025-09-27 14:31:29,881 - ui.main_window - INFO - 357 - --- FINALIZADA PÁGINA AUTORES ---
2025-09-27 14:31:29,881 - ui.main_window - INFO - 362 - --- CREANDO PÁGINA TEMAS ---
2025-09-27 14:31:29,885 - ui.main_window - INFO - 423 - --- FINALIZADA PÁGINA TEMAS ---
2025-09-27 14:31:29,885 - ui.main_window - INFO - 428 - --- CREANDO PÁGINA ANALISIS ---
2025-09-27 14:31:29,890 - ui.main_window - INFO - 492 - --- FINALIZADA PÁGINA ANALISIS ---
2025-09-27 14:31:29,890 - ui.main_window - INFO - 494 - --- INICIO PROCEDIMIENTOS INCIALES ---
2025-09-27 14:31:29,890 - ui.main_window - INFO - 496 - --- FIN DE MAIN WINDOW ---
2025-09-27 14:31:30,092 - __main__ - INFO - 72 - Ventana principal mostrada - Se inicia Main loop
2025-09-27 14:32:02,984 - __main__ - ERROR - 49 - Excepción no manejada:
Traceback (most recent call last):
  File "/home/luc/Documents/10_Archivo/Revistas/El Porteño/ui/main_window.py", line 980, in bt_cartas_en_revista_clicked
    window_correo = DialogCorreo(self.app_state)
                    ^^^^^^^^^^^^^^^^^^^^^^^^^^^^
  File "/home/luc/Documents/10_Archivo/Revistas/El Porteño/ui/dialogs.py", line 16, in __init__
    self._setup_ui()
  File "/home/luc/Documents/10_Archivo/Revistas/El Porteño/ui/dialogs.py", line 72, in _setup_ui
    archivo_resumen = ArchivoResumenCarta({"id": 0, "nota_id": 0, "titulo": "", "cuerpo_texto": ""})
                      ^^^^^^^^^^^^^^^^^^^
NameError: name 'ArchivoResumenCarta' is not defined. Did you mean: 'ArchivoResumen'?
2025-09-27 14:32:06,981 - __main__ - INFO - 56 - === Iniciando la aplicación ===
2025-09-27 14:32:06,981 - __main__ - INFO - 28 - Iniciando configuración de la aplicación El Porteño - Index
- Versión: 3.0.0
2025-09-27 14:32:07,029 - database.connection - INFO - 26 - Conexión establecida
2025-09-27 14:32:07,030 - __main__ - INFO - 64 - Creando ventana principal
2025-09-27 14:32:07,030 - ui.main_window - INFO - 34 - Creando widgets en MainWindow
2025-09-27 14:32:07,031 - ui.main_window - INFO - 62 - --- CREANDO PÁGINA REVISTAS ---
2025-09-27 14:32:07,051 - ui.main_window - INFO - 229 - --- FINALIZADA PÁGINA REVISTAS ---
2025-09-27 14:32:07,051 - ui.main_window - INFO - 235 - --- CREANDO PÁGINA AUTORES ---
2025-09-27 14:32:07,057 - ui.main_window - INFO - 357 - --- FINALIZADA PÁGINA AUTORES ---
2025-09-27 14:32:07,057 - ui.main_window - INFO - 362 - --- CREANDO PÁGINA TEMAS ---
2025-09-27 14:32:07,061 - ui.main_window - INFO - 423 - --- FINALIZADA PÁGINA TEMAS ---
2025-09-27 14:32:07,061 - ui.main_window - INFO - 428 - --- CREANDO PÁGINA ANALISIS ---
2025-09-27 14:32:07,066 - ui.main_window - INFO - 492 - --- FINALIZADA PÁGINA ANALISIS ---
2025-09-27 14:32:07,066 - ui.main_window - INFO - 494 - --- INICIO PROCEDIMIENTOS INCIALES ---
2025-09-27 14:32:07,066 - ui.main_window - INFO - 496 - --- FIN DE MAIN WINDOW ---
2025-09-27 14:32:07,266 - __main__ - INFO - 72 - Ventana principal mostrada - Se inicia Main loop
2025-09-27 16:37:05,479 - database.connection - INFO - 37 - Conexión cerrada
2025-09-27 16:37:05,480 - __main__ - INFO - 77 - === Aplicación finalizada correctamente ===
2025-09-28 11:14:56,069 - __main__ - INFO - 56 - === Iniciando la aplicación ===
2025-09-28 11:14:56,069 - __main__ - INFO - 28 - Iniciando configuración de la aplicación El Porteño - Index
- Versión: 3.0.0
2025-09-28 11:14:56,172 - database.connection - INFO - 26 - Conexión establecida
2025-09-28 11:14:56,172 - __main__ - INFO - 64 - Creando ventana principal
2025-09-28 11:14:56,173 - ui.main_window - INFO - 34 - Creando widgets en MainWindow
2025-09-28 11:14:56,174 - ui.main_window - INFO - 62 - --- CREANDO PÁGINA REVISTAS ---
2025-09-28 11:14:56,202 - ui.main_window - INFO - 229 - --- FINALIZADA PÁGINA REVISTAS ---
2025-09-28 11:14:56,202 - ui.main_window - INFO - 235 - --- CREANDO PÁGINA AUTORES ---
2025-09-28 11:14:56,209 - ui.main_window - INFO - 357 - --- FINALIZADA PÁGINA AUTORES ---
2025-09-28 11:14:56,209 - ui.main_window - INFO - 362 - --- CREANDO PÁGINA TEMAS ---
2025-09-28 11:14:56,215 - ui.main_window - INFO - 423 - --- FINALIZADA PÁGINA TEMAS ---
2025-09-28 11:14:56,215 - ui.main_window - INFO - 428 - --- CREANDO PÁGINA ANALISIS ---
2025-09-28 11:14:56,222 - ui.main_window - INFO - 492 - --- FINALIZADA PÁGINA ANALISIS ---
2025-09-28 11:14:56,222 - ui.main_window - INFO - 494 - --- INICIO PROCEDIMIENTOS INCIALES ---
2025-09-28 11:14:56,222 - ui.main_window - INFO - 496 - --- FIN DE MAIN WINDOW ---
2025-09-28 11:14:56,565 - __main__ - INFO - 72 - Ventana principal mostrada - Se inicia Main loop
2025-09-28 11:14:57,852 - __main__ - ERROR - 49 - Excepción no manejada:
Traceback (most recent call last):
  File "/home/luc/Documents/10_Archivo/Revistas/El Porteño/ui/main_window.py", line 980, in bt_cartas_en_revista_clicked
    window_correo = DialogCorreo(self.app_state)
                    ^^^^^^^^^^^^^^^^^^^^^^^^^^^^
  File "/home/luc/Documents/10_Archivo/Revistas/El Porteño/ui/dialogs.py", line 16, in __init__
    self._setup_ui()
  File "/home/luc/Documents/10_Archivo/Revistas/El Porteño/ui/dialogs.py", line 72, in _setup_ui
    archivo_resumen = ArchivoResumenCarta({"id": 0, "nota_id": 0, "titulo": "", "cuerpo_texto": ""})
                      ^^^^^^^^^^^^^^^^^^^
NameError: name 'ArchivoResumenCarta' is not defined. Did you mean: 'ArchivoResumen'?
2025-09-28 11:15:12,987 - __main__ - INFO - 56 - === Iniciando la aplicación ===
2025-09-28 11:15:12,987 - __main__ - INFO - 28 - Iniciando configuración de la aplicación El Porteño - Index
- Versión: 3.0.0
2025-09-28 11:15:13,057 - database.connection - INFO - 26 - Conexión establecida
2025-09-28 11:15:13,057 - __main__ - INFO - 64 - Creando ventana principal
2025-09-28 11:15:13,058 - ui.main_window - INFO - 34 - Creando widgets en MainWindow
2025-09-28 11:15:13,059 - ui.main_window - INFO - 62 - --- CREANDO PÁGINA REVISTAS ---
2025-09-28 11:15:13,100 - ui.main_window - INFO - 229 - --- FINALIZADA PÁGINA REVISTAS ---
2025-09-28 11:15:13,100 - ui.main_window - INFO - 235 - --- CREANDO PÁGINA AUTORES ---
2025-09-28 11:15:13,111 - ui.main_window - INFO - 357 - --- FINALIZADA PÁGINA AUTORES ---
2025-09-28 11:15:13,111 - ui.main_window - INFO - 362 - --- CREANDO PÁGINA TEMAS ---
2025-09-28 11:15:13,120 - ui.main_window - INFO - 423 - --- FINALIZADA PÁGINA TEMAS ---
2025-09-28 11:15:13,120 - ui.main_window - INFO - 428 - --- CREANDO PÁGINA ANALISIS ---
2025-09-28 11:15:13,130 - ui.main_window - INFO - 492 - --- FINALIZADA PÁGINA ANALISIS ---
2025-09-28 11:15:13,130 - ui.main_window - INFO - 494 - --- INICIO PROCEDIMIENTOS INCIALES ---
2025-09-28 11:15:13,130 - ui.main_window - INFO - 496 - --- FIN DE MAIN WINDOW ---
2025-09-28 11:15:13,638 - __main__ - INFO - 72 - Ventana principal mostrada - Se inicia Main loop
2025-09-28 11:15:28,182 - database.connection - INFO - 37 - Conexión cerrada
2025-09-28 11:15:28,184 - __main__ - INFO - 77 - === Aplicación finalizada correctamente ===
2025-09-28 11:16:25,207 - __main__ - INFO - 56 - === Iniciando la aplicación ===
2025-09-28 11:16:25,207 - __main__ - INFO - 28 - Iniciando configuración de la aplicación El Porteño - Index
- Versión: 3.0.0
2025-09-28 11:16:25,281 - database.connection - INFO - 26 - Conexión establecida
2025-09-28 11:16:25,281 - __main__ - INFO - 64 - Creando ventana principal
2025-09-28 11:16:25,282 - ui.main_window - INFO - 34 - Creando widgets en MainWindow
2025-09-28 11:16:25,284 - ui.main_window - INFO - 62 - --- CREANDO PÁGINA REVISTAS ---
2025-09-28 11:16:25,312 - ui.main_window - INFO - 229 - --- FINALIZADA PÁGINA REVISTAS ---
2025-09-28 11:16:25,312 - ui.main_window - INFO - 235 - --- CREANDO PÁGINA AUTORES ---
2025-09-28 11:16:25,319 - ui.main_window - INFO - 357 - --- FINALIZADA PÁGINA AUTORES ---
2025-09-28 11:16:25,319 - ui.main_window - INFO - 362 - --- CREANDO PÁGINA TEMAS ---
2025-09-28 11:16:25,326 - ui.main_window - INFO - 423 - --- FINALIZADA PÁGINA TEMAS ---
2025-09-28 11:16:25,326 - ui.main_window - INFO - 428 - --- CREANDO PÁGINA ANALISIS ---
2025-09-28 11:16:25,332 - ui.main_window - INFO - 492 - --- FINALIZADA PÁGINA ANALISIS ---
2025-09-28 11:16:25,333 - ui.main_window - INFO - 494 - --- INICIO PROCEDIMIENTOS INCIALES ---
2025-09-28 11:16:25,333 - ui.main_window - INFO - 496 - --- FIN DE MAIN WINDOW ---
2025-09-28 11:16:25,932 - __main__ - INFO - 72 - Ventana principal mostrada - Se inicia Main loop
2025-09-28 11:16:34,008 - database.connection - INFO - 37 - Conexión cerrada
2025-09-28 11:16:34,010 - __main__ - INFO - 77 - === Aplicación finalizada correctamente ===
2025-09-28 11:16:49,690 - __main__ - INFO - 56 - === Iniciando la aplicación ===
2025-09-28 11:16:49,690 - __main__ - INFO - 28 - Iniciando configuración de la aplicación El Porteño - Index
- Versión: 3.0.0
2025-09-28 11:16:49,757 - database.connection - INFO - 26 - Conexión establecida
2025-09-28 11:16:49,758 - __main__ - INFO - 64 - Creando ventana principal
2025-09-28 11:16:49,758 - ui.main_window - INFO - 34 - Creando widgets en MainWindow
2025-09-28 11:16:49,759 - ui.main_window - INFO - 62 - --- CREANDO PÁGINA REVISTAS ---
2025-09-28 11:16:49,787 - ui.main_window - INFO - 229 - --- FINALIZADA PÁGINA REVISTAS ---
2025-09-28 11:16:49,787 - ui.main_window - INFO - 235 - --- CREANDO PÁGINA AUTORES ---
2025-09-28 11:16:49,794 - ui.main_window - INFO - 357 - --- FINALIZADA PÁGINA AUTORES ---
2025-09-28 11:16:49,794 - ui.main_window - INFO - 362 - --- CREANDO PÁGINA TEMAS ---
2025-09-28 11:16:49,800 - ui.main_window - INFO - 423 - --- FINALIZADA PÁGINA TEMAS ---
2025-09-28 11:16:49,800 - ui.main_window - INFO - 428 - --- CREANDO PÁGINA ANALISIS ---
2025-09-28 11:16:49,807 - ui.main_window - INFO - 492 - --- FINALIZADA PÁGINA ANALISIS ---
2025-09-28 11:16:49,807 - ui.main_window - INFO - 494 - --- INICIO PROCEDIMIENTOS INCIALES ---
2025-09-28 11:16:49,807 - ui.main_window - INFO - 496 - --- FIN DE MAIN WINDOW ---
2025-09-28 11:16:50,279 - __main__ - INFO - 72 - Ventana principal mostrada - Se inicia Main loop
2025-09-28 11:16:52,817 - database.connection - INFO - 37 - Conexión cerrada
2025-09-28 11:16:52,819 - __main__ - INFO - 77 - === Aplicación finalizada correctamente ===
2025-09-28 11:17:45,342 - __main__ - INFO - 56 - === Iniciando la aplicación ===
2025-09-28 11:17:45,342 - __main__ - INFO - 28 - Iniciando configuración de la aplicación El Porteño - Index
- Versión: 3.0.0
2025-09-28 11:17:45,410 - database.connection - INFO - 26 - Conexión establecida
2025-09-28 11:17:45,410 - __main__ - INFO - 64 - Creando ventana principal
2025-09-28 11:17:45,411 - ui.main_window - INFO - 34 - Creando widgets en MainWindow
2025-09-28 11:17:45,412 - ui.main_window - INFO - 62 - --- CREANDO PÁGINA REVISTAS ---
2025-09-28 11:17:45,439 - ui.main_window - INFO - 229 - --- FINALIZADA PÁGINA REVISTAS ---
2025-09-28 11:17:45,439 - ui.main_window - INFO - 235 - --- CREANDO PÁGINA AUTORES ---
2025-09-28 11:17:45,446 - ui.main_window - INFO - 357 - --- FINALIZADA PÁGINA AUTORES ---
2025-09-28 11:17:45,446 - ui.main_window - INFO - 362 - --- CREANDO PÁGINA TEMAS ---
2025-09-28 11:17:45,452 - ui.main_window - INFO - 423 - --- FINALIZADA PÁGINA TEMAS ---
2025-09-28 11:17:45,452 - ui.main_window - INFO - 428 - --- CREANDO PÁGINA ANALISIS ---
2025-09-28 11:17:45,459 - ui.main_window - INFO - 492 - --- FINALIZADA PÁGINA ANALISIS ---
2025-09-28 11:17:45,459 - ui.main_window - INFO - 494 - --- INICIO PROCEDIMIENTOS INCIALES ---
2025-09-28 11:17:45,459 - ui.main_window - INFO - 496 - --- FIN DE MAIN WINDOW ---
2025-09-28 11:17:45,895 - __main__ - INFO - 72 - Ventana principal mostrada - Se inicia Main loop
2025-09-28 11:18:00,329 - database.connection - INFO - 37 - Conexión cerrada
2025-09-28 11:18:00,331 - __main__ - INFO - 77 - === Aplicación finalizada correctamente ===
2025-09-28 11:18:27,562 - __main__ - INFO - 56 - === Iniciando la aplicación ===
2025-09-28 11:18:27,562 - __main__ - INFO - 28 - Iniciando configuración de la aplicación El Porteño - Index
- Versión: 3.0.0
2025-09-28 11:18:27,630 - database.connection - INFO - 26 - Conexión establecida
2025-09-28 11:18:27,630 - __main__ - INFO - 64 - Creando ventana principal
2025-09-28 11:18:27,631 - ui.main_window - INFO - 34 - Creando widgets en MainWindow
2025-09-28 11:18:27,632 - ui.main_window - INFO - 62 - --- CREANDO PÁGINA REVISTAS ---
2025-09-28 11:18:27,680 - ui.main_window - INFO - 229 - --- FINALIZADA PÁGINA REVISTAS ---
2025-09-28 11:18:27,681 - ui.main_window - INFO - 235 - --- CREANDO PÁGINA AUTORES ---
2025-09-28 11:18:27,698 - ui.main_window - INFO - 357 - --- FINALIZADA PÁGINA AUTORES ---
2025-09-28 11:18:27,699 - ui.main_window - INFO - 362 - --- CREANDO PÁGINA TEMAS ---
2025-09-28 11:18:27,713 - ui.main_window - INFO - 423 - --- FINALIZADA PÁGINA TEMAS ---
2025-09-28 11:18:27,713 - ui.main_window - INFO - 428 - --- CREANDO PÁGINA ANALISIS ---
2025-09-28 11:18:27,725 - ui.main_window - INFO - 492 - --- FINALIZADA PÁGINA ANALISIS ---
2025-09-28 11:18:27,725 - ui.main_window - INFO - 494 - --- INICIO PROCEDIMIENTOS INCIALES ---
2025-09-28 11:18:27,725 - ui.main_window - INFO - 496 - --- FIN DE MAIN WINDOW ---
2025-09-28 11:18:28,219 - __main__ - INFO - 72 - Ventana principal mostrada - Se inicia Main loop
2025-09-28 11:18:42,891 - database.connection - INFO - 37 - Conexión cerrada
2025-09-28 11:18:42,892 - __main__ - INFO - 77 - === Aplicación finalizada correctamente ===
2025-09-28 11:29:08,077 - __main__ - INFO - 56 - === Iniciando la aplicación ===
2025-09-28 11:29:08,077 - __main__ - INFO - 28 - Iniciando configuración de la aplicación El Porteño - Index
- Versión: 3.0.0
2025-09-28 11:29:08,145 - database.connection - INFO - 26 - Conexión establecida
2025-09-28 11:29:08,145 - __main__ - INFO - 64 - Creando ventana principal
2025-09-28 11:29:08,146 - ui.main_window - INFO - 34 - Creando widgets en MainWindow
2025-09-28 11:29:08,147 - ui.main_window - INFO - 62 - --- CREANDO PÁGINA REVISTAS ---
2025-09-28 11:29:08,189 - ui.main_window - INFO - 229 - --- FINALIZADA PÁGINA REVISTAS ---
2025-09-28 11:29:08,189 - ui.main_window - INFO - 235 - --- CREANDO PÁGINA AUTORES ---
2025-09-28 11:29:08,202 - ui.main_window - INFO - 357 - --- FINALIZADA PÁGINA AUTORES ---
2025-09-28 11:29:08,202 - ui.main_window - INFO - 362 - --- CREANDO PÁGINA TEMAS ---
2025-09-28 11:29:08,212 - ui.main_window - INFO - 423 - --- FINALIZADA PÁGINA TEMAS ---
2025-09-28 11:29:08,213 - ui.main_window - INFO - 428 - --- CREANDO PÁGINA ANALISIS ---
2025-09-28 11:29:08,223 - ui.main_window - INFO - 492 - --- FINALIZADA PÁGINA ANALISIS ---
2025-09-28 11:29:08,223 - ui.main_window - INFO - 494 - --- INICIO PROCEDIMIENTOS INCIALES ---
2025-09-28 11:29:08,223 - ui.main_window - INFO - 496 - --- FIN DE MAIN WINDOW ---
2025-09-28 11:29:08,728 - __main__ - INFO - 72 - Ventana principal mostrada - Se inicia Main loop
2025-09-28 12:27:42,998 - __main__ - INFO - 56 - === Iniciando la aplicación ===
2025-09-28 12:27:42,998 - __main__ - INFO - 28 - Iniciando configuración de la aplicación El Porteño - Index
- Versión: 3.0.0
2025-09-28 12:27:43,065 - database.connection - INFO - 26 - Conexión establecida
2025-09-28 12:27:43,065 - __main__ - INFO - 64 - Creando ventana principal
2025-09-28 12:27:43,066 - ui.main_window - INFO - 34 - Creando widgets en MainWindow
2025-09-28 12:27:43,067 - ui.main_window - INFO - 62 - --- CREANDO PÁGINA REVISTAS ---
2025-09-28 12:27:43,094 - ui.main_window - INFO - 229 - --- FINALIZADA PÁGINA REVISTAS ---
2025-09-28 12:27:43,094 - ui.main_window - INFO - 235 - --- CREANDO PÁGINA AUTORES ---
2025-09-28 12:27:43,101 - ui.main_window - INFO - 357 - --- FINALIZADA PÁGINA AUTORES ---
2025-09-28 12:27:43,101 - ui.main_window - INFO - 362 - --- CREANDO PÁGINA TEMAS ---
2025-09-28 12:27:43,107 - ui.main_window - INFO - 423 - --- FINALIZADA PÁGINA TEMAS ---
2025-09-28 12:27:43,107 - ui.main_window - INFO - 428 - --- CREANDO PÁGINA ANALISIS ---
2025-09-28 12:27:43,116 - ui.main_window - INFO - 492 - --- FINALIZADA PÁGINA ANALISIS ---
2025-09-28 12:27:43,116 - ui.main_window - INFO - 494 - --- INICIO PROCEDIMIENTOS INCIALES ---
2025-09-28 12:27:43,116 - ui.main_window - INFO - 496 - --- FIN DE MAIN WINDOW ---
2025-09-28 12:27:43,401 - __main__ - INFO - 72 - Ventana principal mostrada - Se inicia Main loop
2025-09-28 12:27:44,878 - __main__ - ERROR - 49 - Excepción no manejada:
Traceback (most recent call last):
  File "/home/luc/Documents/10_Archivo/Revistas/El Porteño/ui/main_window.py", line 980, in bt_cartas_en_revista_clicked
    window_correo = DialogCorreo(self.app_state)
                    ^^^^^^^^^^^^^^^^^^^^^^^^^^^^
  File "/home/luc/Documents/10_Archivo/Revistas/El Porteño/ui/dialogs.py", line 18, in __init__
    self._setup_ui()
  File "/home/luc/Documents/10_Archivo/Revistas/El Porteño/ui/dialogs.py", line 78, in _setup_ui
    self.bt_desplegar_editor.add(image)
TypeError: Gtk.Container.add() takes exactly 2 arguments (1 given)
2025-09-28 12:30:07,975 - __main__ - INFO - 56 - === Iniciando la aplicación ===
2025-09-28 12:30:07,975 - __main__ - INFO - 28 - Iniciando configuración de la aplicación El Porteño - Index
- Versión: 3.0.0
2025-09-28 12:30:08,043 - database.connection - INFO - 26 - Conexión establecida
2025-09-28 12:30:08,043 - __main__ - INFO - 64 - Creando ventana principal
2025-09-28 12:30:08,044 - ui.main_window - INFO - 34 - Creando widgets en MainWindow
2025-09-28 12:30:08,045 - ui.main_window - INFO - 62 - --- CREANDO PÁGINA REVISTAS ---
2025-09-28 12:30:08,088 - ui.main_window - INFO - 229 - --- FINALIZADA PÁGINA REVISTAS ---
2025-09-28 12:30:08,088 - ui.main_window - INFO - 235 - --- CREANDO PÁGINA AUTORES ---
2025-09-28 12:30:08,100 - ui.main_window - INFO - 357 - --- FINALIZADA PÁGINA AUTORES ---
2025-09-28 12:30:08,100 - ui.main_window - INFO - 362 - --- CREANDO PÁGINA TEMAS ---
2025-09-28 12:30:08,106 - ui.main_window - INFO - 423 - --- FINALIZADA PÁGINA TEMAS ---
2025-09-28 12:30:08,106 - ui.main_window - INFO - 428 - --- CREANDO PÁGINA ANALISIS ---
2025-09-28 12:30:08,113 - ui.main_window - INFO - 492 - --- FINALIZADA PÁGINA ANALISIS ---
2025-09-28 12:30:08,113 - ui.main_window - INFO - 494 - --- INICIO PROCEDIMIENTOS INCIALES ---
2025-09-28 12:30:08,113 - ui.main_window - INFO - 496 - --- FIN DE MAIN WINDOW ---
2025-09-28 12:30:08,615 - __main__ - INFO - 72 - Ventana principal mostrada - Se inicia Main loop
2025-09-28 12:30:10,017 - __main__ - ERROR - 49 - Excepción no manejada:
Traceback (most recent call last):
  File "/home/luc/Documents/10_Archivo/Revistas/El Porteño/ui/main_window.py", line 980, in bt_cartas_en_revista_clicked
    window_correo = DialogCorreo(self.app_state)
                    ^^^^^^^^^^^^^^^^^^^^^^^^^^^^
  File "/home/luc/Documents/10_Archivo/Revistas/El Porteño/ui/dialogs.py", line 18, in __init__
    self._setup_ui()
  File "/home/luc/Documents/10_Archivo/Revistas/El Porteño/ui/dialogs.py", line 78, in _setup_ui
    self.bt_desplegar_editor.set_image(image)
TypeError: argument self: Expected Gtk.Button, but got gi.repository.Gtk.Image
2025-09-28 12:32:00,439 - __main__ - INFO - 56 - === Iniciando la aplicación ===
2025-09-28 12:32:00,439 - __main__ - INFO - 28 - Iniciando configuración de la aplicación El Porteño - Index
- Versión: 3.0.0
2025-09-28 12:32:00,530 - database.connection - INFO - 26 - Conexión establecida
2025-09-28 12:32:00,531 - __main__ - INFO - 64 - Creando ventana principal
2025-09-28 12:32:00,532 - ui.main_window - INFO - 34 - Creando widgets en MainWindow
2025-09-28 12:32:00,533 - ui.main_window - INFO - 62 - --- CREANDO PÁGINA REVISTAS ---
2025-09-28 12:32:00,588 - ui.main_window - INFO - 229 - --- FINALIZADA PÁGINA REVISTAS ---
2025-09-28 12:32:00,589 - ui.main_window - INFO - 235 - --- CREANDO PÁGINA AUTORES ---
2025-09-28 12:32:00,609 - ui.main_window - INFO - 357 - --- FINALIZADA PÁGINA AUTORES ---
2025-09-28 12:32:00,609 - ui.main_window - INFO - 362 - --- CREANDO PÁGINA TEMAS ---
2025-09-28 12:32:00,628 - ui.main_window - INFO - 423 - --- FINALIZADA PÁGINA TEMAS ---
2025-09-28 12:32:00,628 - ui.main_window - INFO - 428 - --- CREANDO PÁGINA ANALISIS ---
2025-09-28 12:32:00,643 - ui.main_window - INFO - 492 - --- FINALIZADA PÁGINA ANALISIS ---
2025-09-28 12:32:00,644 - ui.main_window - INFO - 494 - --- INICIO PROCEDIMIENTOS INCIALES ---
2025-09-28 12:32:00,644 - ui.main_window - INFO - 496 - --- FIN DE MAIN WINDOW ---
2025-09-28 12:32:01,128 - __main__ - INFO - 72 - Ventana principal mostrada - Se inicia Main loop
2025-09-28 12:32:11,165 - database.connection - INFO - 37 - Conexión cerrada
2025-09-28 12:32:11,167 - __main__ - INFO - 77 - === Aplicación finalizada correctamente ===
2025-09-28 12:33:02,519 - __main__ - INFO - 56 - === Iniciando la aplicación ===
2025-09-28 12:33:02,519 - __main__ - INFO - 28 - Iniciando configuración de la aplicación El Porteño - Index
- Versión: 3.0.0
2025-09-28 12:33:02,586 - database.connection - INFO - 26 - Conexión establecida
2025-09-28 12:33:02,586 - __main__ - INFO - 64 - Creando ventana principal
2025-09-28 12:33:02,587 - ui.main_window - INFO - 34 - Creando widgets en MainWindow
2025-09-28 12:33:02,588 - ui.main_window - INFO - 62 - --- CREANDO PÁGINA REVISTAS ---
2025-09-28 12:33:02,625 - ui.main_window - INFO - 229 - --- FINALIZADA PÁGINA REVISTAS ---
2025-09-28 12:33:02,626 - ui.main_window - INFO - 235 - --- CREANDO PÁGINA AUTORES ---
2025-09-28 12:33:02,641 - ui.main_window - INFO - 357 - --- FINALIZADA PÁGINA AUTORES ---
2025-09-28 12:33:02,642 - ui.main_window - INFO - 362 - --- CREANDO PÁGINA TEMAS ---
2025-09-28 12:33:02,657 - ui.main_window - INFO - 423 - --- FINALIZADA PÁGINA TEMAS ---
2025-09-28 12:33:02,658 - ui.main_window - INFO - 428 - --- CREANDO PÁGINA ANALISIS ---
2025-09-28 12:33:02,674 - ui.main_window - INFO - 492 - --- FINALIZADA PÁGINA ANALISIS ---
2025-09-28 12:33:02,674 - ui.main_window - INFO - 494 - --- INICIO PROCEDIMIENTOS INCIALES ---
2025-09-28 12:33:02,674 - ui.main_window - INFO - 496 - --- FIN DE MAIN WINDOW ---
2025-09-28 12:33:03,165 - __main__ - INFO - 72 - Ventana principal mostrada - Se inicia Main loop
2025-09-28 12:33:24,004 - database.connection - INFO - 37 - Conexión cerrada
2025-09-28 12:33:24,006 - __main__ - INFO - 77 - === Aplicación finalizada correctamente ===
2025-09-28 12:33:46,883 - __main__ - INFO - 56 - === Iniciando la aplicación ===
2025-09-28 12:33:46,883 - __main__ - INFO - 28 - Iniciando configuración de la aplicación El Porteño - Index
- Versión: 3.0.0
2025-09-28 12:33:46,951 - database.connection - INFO - 26 - Conexión establecida
2025-09-28 12:33:46,951 - __main__ - INFO - 64 - Creando ventana principal
2025-09-28 12:33:46,952 - ui.main_window - INFO - 34 - Creando widgets en MainWindow
2025-09-28 12:33:46,953 - ui.main_window - INFO - 62 - --- CREANDO PÁGINA REVISTAS ---
2025-09-28 12:33:46,986 - ui.main_window - INFO - 229 - --- FINALIZADA PÁGINA REVISTAS ---
2025-09-28 12:33:46,986 - ui.main_window - INFO - 235 - --- CREANDO PÁGINA AUTORES ---
2025-09-28 12:33:47,002 - ui.main_window - INFO - 357 - --- FINALIZADA PÁGINA AUTORES ---
2025-09-28 12:33:47,002 - ui.main_window - INFO - 362 - --- CREANDO PÁGINA TEMAS ---
2025-09-28 12:33:47,011 - ui.main_window - INFO - 423 - --- FINALIZADA PÁGINA TEMAS ---
2025-09-28 12:33:47,011 - ui.main_window - INFO - 428 - --- CREANDO PÁGINA ANALISIS ---
2025-09-28 12:33:47,020 - ui.main_window - INFO - 492 - --- FINALIZADA PÁGINA ANALISIS ---
2025-09-28 12:33:47,020 - ui.main_window - INFO - 494 - --- INICIO PROCEDIMIENTOS INCIALES ---
2025-09-28 12:33:47,020 - ui.main_window - INFO - 496 - --- FIN DE MAIN WINDOW ---
2025-09-28 12:33:47,383 - __main__ - INFO - 72 - Ventana principal mostrada - Se inicia Main loop
2025-09-28 12:34:21,160 - database.connection - INFO - 37 - Conexión cerrada
2025-09-28 12:34:21,162 - __main__ - INFO - 77 - === Aplicación finalizada correctamente ===
2025-09-28 12:34:53,797 - __main__ - INFO - 56 - === Iniciando la aplicación ===
2025-09-28 12:34:53,797 - __main__ - INFO - 28 - Iniciando configuración de la aplicación El Porteño - Index
- Versión: 3.0.0
2025-09-28 12:34:53,863 - database.connection - INFO - 26 - Conexión establecida
2025-09-28 12:34:53,863 - __main__ - INFO - 64 - Creando ventana principal
2025-09-28 12:34:53,864 - ui.main_window - INFO - 34 - Creando widgets en MainWindow
2025-09-28 12:34:53,865 - ui.main_window - INFO - 62 - --- CREANDO PÁGINA REVISTAS ---
2025-09-28 12:34:53,892 - ui.main_window - INFO - 229 - --- FINALIZADA PÁGINA REVISTAS ---
2025-09-28 12:34:53,892 - ui.main_window - INFO - 235 - --- CREANDO PÁGINA AUTORES ---
2025-09-28 12:34:53,900 - ui.main_window - INFO - 357 - --- FINALIZADA PÁGINA AUTORES ---
2025-09-28 12:34:53,900 - ui.main_window - INFO - 362 - --- CREANDO PÁGINA TEMAS ---
2025-09-28 12:34:53,906 - ui.main_window - INFO - 423 - --- FINALIZADA PÁGINA TEMAS ---
2025-09-28 12:34:53,906 - ui.main_window - INFO - 428 - --- CREANDO PÁGINA ANALISIS ---
2025-09-28 12:34:53,912 - ui.main_window - INFO - 492 - --- FINALIZADA PÁGINA ANALISIS ---
2025-09-28 12:34:53,912 - ui.main_window - INFO - 494 - --- INICIO PROCEDIMIENTOS INCIALES ---
2025-09-28 12:34:53,912 - ui.main_window - INFO - 496 - --- FIN DE MAIN WINDOW ---
2025-09-28 12:34:54,393 - __main__ - INFO - 72 - Ventana principal mostrada - Se inicia Main loop
2025-09-28 12:35:16,922 - database.connection - INFO - 37 - Conexión cerrada
2025-09-28 12:35:16,923 - __main__ - INFO - 77 - === Aplicación finalizada correctamente ===
2025-09-28 12:36:08,960 - __main__ - INFO - 56 - === Iniciando la aplicación ===
2025-09-28 12:36:08,960 - __main__ - INFO - 28 - Iniciando configuración de la aplicación El Porteño - Index
- Versión: 3.0.0
2025-09-28 12:36:09,029 - database.connection - INFO - 26 - Conexión establecida
2025-09-28 12:36:09,029 - __main__ - INFO - 64 - Creando ventana principal
2025-09-28 12:36:09,030 - ui.main_window - INFO - 34 - Creando widgets en MainWindow
2025-09-28 12:36:09,031 - ui.main_window - INFO - 62 - --- CREANDO PÁGINA REVISTAS ---
2025-09-28 12:36:09,067 - ui.main_window - INFO - 229 - --- FINALIZADA PÁGINA REVISTAS ---
2025-09-28 12:36:09,067 - ui.main_window - INFO - 235 - --- CREANDO PÁGINA AUTORES ---
2025-09-28 12:36:09,074 - ui.main_window - INFO - 357 - --- FINALIZADA PÁGINA AUTORES ---
2025-09-28 12:36:09,074 - ui.main_window - INFO - 362 - --- CREANDO PÁGINA TEMAS ---
2025-09-28 12:36:09,080 - ui.main_window - INFO - 423 - --- FINALIZADA PÁGINA TEMAS ---
2025-09-28 12:36:09,080 - ui.main_window - INFO - 428 - --- CREANDO PÁGINA ANALISIS ---
2025-09-28 12:36:09,087 - ui.main_window - INFO - 492 - --- FINALIZADA PÁGINA ANALISIS ---
2025-09-28 12:36:09,087 - ui.main_window - INFO - 494 - --- INICIO PROCEDIMIENTOS INCIALES ---
2025-09-28 12:36:09,087 - ui.main_window - INFO - 496 - --- FIN DE MAIN WINDOW ---
2025-09-28 12:36:09,592 - __main__ - INFO - 72 - Ventana principal mostrada - Se inicia Main loop
2025-09-28 12:36:27,978 - database.connection - INFO - 37 - Conexión cerrada
2025-09-28 12:36:27,979 - __main__ - INFO - 77 - === Aplicación finalizada correctamente ===
2025-09-28 12:38:01,372 - __main__ - INFO - 56 - === Iniciando la aplicación ===
2025-09-28 12:38:01,372 - __main__ - INFO - 28 - Iniciando configuración de la aplicación El Porteño - Index
- Versión: 3.0.0
2025-09-28 12:38:01,442 - database.connection - INFO - 26 - Conexión establecida
2025-09-28 12:38:01,442 - __main__ - INFO - 64 - Creando ventana principal
2025-09-28 12:38:01,443 - ui.main_window - INFO - 34 - Creando widgets en MainWindow
2025-09-28 12:38:01,444 - ui.main_window - INFO - 62 - --- CREANDO PÁGINA REVISTAS ---
2025-09-28 12:38:01,471 - ui.main_window - INFO - 229 - --- FINALIZADA PÁGINA REVISTAS ---
2025-09-28 12:38:01,471 - ui.main_window - INFO - 235 - --- CREANDO PÁGINA AUTORES ---
2025-09-28 12:38:01,478 - ui.main_window - INFO - 357 - --- FINALIZADA PÁGINA AUTORES ---
2025-09-28 12:38:01,478 - ui.main_window - INFO - 362 - --- CREANDO PÁGINA TEMAS ---
2025-09-28 12:38:01,484 - ui.main_window - INFO - 423 - --- FINALIZADA PÁGINA TEMAS ---
2025-09-28 12:38:01,484 - ui.main_window - INFO - 428 - --- CREANDO PÁGINA ANALISIS ---
2025-09-28 12:38:01,491 - ui.main_window - INFO - 492 - --- FINALIZADA PÁGINA ANALISIS ---
2025-09-28 12:38:01,491 - ui.main_window - INFO - 494 - --- INICIO PROCEDIMIENTOS INCIALES ---
2025-09-28 12:38:01,491 - ui.main_window - INFO - 496 - --- FIN DE MAIN WINDOW ---
2025-09-28 12:38:01,815 - __main__ - INFO - 72 - Ventana principal mostrada - Se inicia Main loop
2025-09-28 12:38:24,734 - database.connection - INFO - 37 - Conexión cerrada
2025-09-28 12:38:24,736 - __main__ - INFO - 77 - === Aplicación finalizada correctamente ===
2025-09-28 12:38:50,574 - __main__ - INFO - 56 - === Iniciando la aplicación ===
2025-09-28 12:38:50,574 - __main__ - INFO - 28 - Iniciando configuración de la aplicación El Porteño - Index
- Versión: 3.0.0
2025-09-28 12:38:50,643 - database.connection - INFO - 26 - Conexión establecida
2025-09-28 12:38:50,643 - __main__ - INFO - 64 - Creando ventana principal
2025-09-28 12:38:50,644 - ui.main_window - INFO - 34 - Creando widgets en MainWindow
2025-09-28 12:38:50,645 - ui.main_window - INFO - 62 - --- CREANDO PÁGINA REVISTAS ---
2025-09-28 12:38:50,672 - ui.main_window - INFO - 229 - --- FINALIZADA PÁGINA REVISTAS ---
2025-09-28 12:38:50,672 - ui.main_window - INFO - 235 - --- CREANDO PÁGINA AUTORES ---
2025-09-28 12:38:50,679 - ui.main_window - INFO - 357 - --- FINALIZADA PÁGINA AUTORES ---
2025-09-28 12:38:50,679 - ui.main_window - INFO - 362 - --- CREANDO PÁGINA TEMAS ---
2025-09-28 12:38:50,685 - ui.main_window - INFO - 423 - --- FINALIZADA PÁGINA TEMAS ---
2025-09-28 12:38:50,685 - ui.main_window - INFO - 428 - --- CREANDO PÁGINA ANALISIS ---
2025-09-28 12:38:50,692 - ui.main_window - INFO - 492 - --- FINALIZADA PÁGINA ANALISIS ---
2025-09-28 12:38:50,692 - ui.main_window - INFO - 494 - --- INICIO PROCEDIMIENTOS INCIALES ---
2025-09-28 12:38:50,692 - ui.main_window - INFO - 496 - --- FIN DE MAIN WINDOW ---
2025-09-28 12:38:50,964 - __main__ - INFO - 72 - Ventana principal mostrada - Se inicia Main loop
2025-09-28 12:38:58,452 - database.connection - INFO - 37 - Conexión cerrada
2025-09-28 12:38:58,454 - __main__ - INFO - 77 - === Aplicación finalizada correctamente ===
2025-09-28 12:40:15,017 - __main__ - INFO - 56 - === Iniciando la aplicación ===
2025-09-28 12:40:15,018 - __main__ - INFO - 28 - Iniciando configuración de la aplicación El Porteño - Index
- Versión: 3.0.0
2025-09-28 12:40:15,085 - database.connection - INFO - 26 - Conexión establecida
2025-09-28 12:40:15,085 - __main__ - INFO - 64 - Creando ventana principal
2025-09-28 12:40:15,086 - ui.main_window - INFO - 34 - Creando widgets en MainWindow
2025-09-28 12:40:15,087 - ui.main_window - INFO - 62 - --- CREANDO PÁGINA REVISTAS ---
2025-09-28 12:40:15,126 - ui.main_window - INFO - 229 - --- FINALIZADA PÁGINA REVISTAS ---
2025-09-28 12:40:15,126 - ui.main_window - INFO - 235 - --- CREANDO PÁGINA AUTORES ---
2025-09-28 12:40:15,138 - ui.main_window - INFO - 357 - --- FINALIZADA PÁGINA AUTORES ---
2025-09-28 12:40:15,139 - ui.main_window - INFO - 362 - --- CREANDO PÁGINA TEMAS ---
2025-09-28 12:40:15,148 - ui.main_window - INFO - 423 - --- FINALIZADA PÁGINA TEMAS ---
2025-09-28 12:40:15,149 - ui.main_window - INFO - 428 - --- CREANDO PÁGINA ANALISIS ---
2025-09-28 12:40:15,160 - ui.main_window - INFO - 492 - --- FINALIZADA PÁGINA ANALISIS ---
2025-09-28 12:40:15,160 - ui.main_window - INFO - 494 - --- INICIO PROCEDIMIENTOS INCIALES ---
2025-09-28 12:40:15,160 - ui.main_window - INFO - 496 - --- FIN DE MAIN WINDOW ---
2025-09-28 12:40:15,715 - __main__ - INFO - 72 - Ventana principal mostrada - Se inicia Main loop
2025-09-28 12:40:19,735 - database.connection - INFO - 37 - Conexión cerrada
2025-09-28 12:40:19,736 - __main__ - INFO - 77 - === Aplicación finalizada correctamente ===
2025-09-28 12:47:44,246 - __main__ - INFO - 56 - === Iniciando la aplicación ===
2025-09-28 12:47:44,246 - __main__ - INFO - 28 - Iniciando configuración de la aplicación El Porteño - Index
- Versión: 3.0.0
2025-09-28 12:47:44,315 - database.connection - INFO - 26 - Conexión establecida
2025-09-28 12:47:44,315 - __main__ - INFO - 64 - Creando ventana principal
2025-09-28 12:47:44,316 - ui.main_window - INFO - 34 - Creando widgets en MainWindow
2025-09-28 12:47:44,317 - ui.main_window - INFO - 62 - --- CREANDO PÁGINA REVISTAS ---
2025-09-28 12:47:44,344 - ui.main_window - INFO - 229 - --- FINALIZADA PÁGINA REVISTAS ---
2025-09-28 12:47:44,344 - ui.main_window - INFO - 235 - --- CREANDO PÁGINA AUTORES ---
2025-09-28 12:47:44,353 - ui.main_window - INFO - 357 - --- FINALIZADA PÁGINA AUTORES ---
2025-09-28 12:47:44,353 - ui.main_window - INFO - 362 - --- CREANDO PÁGINA TEMAS ---
2025-09-28 12:47:44,359 - ui.main_window - INFO - 423 - --- FINALIZADA PÁGINA TEMAS ---
2025-09-28 12:47:44,359 - ui.main_window - INFO - 428 - --- CREANDO PÁGINA ANALISIS ---
2025-09-28 12:47:44,366 - ui.main_window - INFO - 492 - --- FINALIZADA PÁGINA ANALISIS ---
2025-09-28 12:47:44,367 - ui.main_window - INFO - 494 - --- INICIO PROCEDIMIENTOS INCIALES ---
2025-09-28 12:47:44,367 - ui.main_window - INFO - 496 - --- FIN DE MAIN WINDOW ---
2025-09-28 12:47:44,891 - __main__ - INFO - 72 - Ventana principal mostrada - Se inicia Main loop
2025-09-28 12:48:01,764 - database.connection - INFO - 37 - Conexión cerrada
2025-09-28 12:48:01,770 - __main__ - INFO - 77 - === Aplicación finalizada correctamente ===
2025-09-29 10:09:18,358 - __main__ - INFO - 56 - === Iniciando la aplicación ===
2025-09-29 10:09:18,359 - __main__ - INFO - 28 - Iniciando configuración de la aplicación El Porteño - Index
- Versión: 3.0.0
2025-09-29 10:09:18,461 - database.connection - INFO - 26 - Conexión establecida
2025-09-29 10:09:18,461 - __main__ - INFO - 64 - Creando ventana principal
2025-09-29 10:09:18,462 - ui.main_window - INFO - 34 - Creando widgets en MainWindow
2025-09-29 10:09:18,463 - ui.main_window - INFO - 62 - --- CREANDO PÁGINA REVISTAS ---
2025-09-29 10:09:18,519 - ui.main_window - INFO - 229 - --- FINALIZADA PÁGINA REVISTAS ---
2025-09-29 10:09:18,519 - ui.main_window - INFO - 235 - --- CREANDO PÁGINA AUTORES ---
2025-09-29 10:09:18,528 - ui.main_window - INFO - 357 - --- FINALIZADA PÁGINA AUTORES ---
2025-09-29 10:09:18,528 - ui.main_window - INFO - 362 - --- CREANDO PÁGINA TEMAS ---
2025-09-29 10:09:18,534 - ui.main_window - INFO - 423 - --- FINALIZADA PÁGINA TEMAS ---
2025-09-29 10:09:18,534 - ui.main_window - INFO - 428 - --- CREANDO PÁGINA ANALISIS ---
2025-09-29 10:09:18,541 - ui.main_window - INFO - 492 - --- FINALIZADA PÁGINA ANALISIS ---
2025-09-29 10:09:18,541 - ui.main_window - INFO - 494 - --- INICIO PROCEDIMIENTOS INCIALES ---
2025-09-29 10:09:18,541 - ui.main_window - INFO - 496 - --- FIN DE MAIN WINDOW ---
2025-09-29 10:09:18,958 - __main__ - INFO - 72 - Ventana principal mostrada - Se inicia Main loop
2025-09-29 10:09:34,144 - __main__ - ERROR - 49 - Excepción no manejada:
Traceback (most recent call last):
  File "/home/luc/Documents/10_Archivo/Revistas/El Porteño/ui/main_window.py", line 1246, in vn_analisis_row_activate
    self.run_text_editor_in_window(archivo_resumen, desde="analisis")
  File "/home/luc/Documents/10_Archivo/Revistas/El Porteño/ui/main_window.py", line 733, in run_text_editor_in_window
    editor.cargar_resumen()
TypeError: TextEditor.cargar_resumen() missing 1 required positional argument: 'archivo_resumen'
2025-09-29 10:09:57,137 - __main__ - INFO - 56 - === Iniciando la aplicación ===
2025-09-29 10:09:57,138 - __main__ - INFO - 28 - Iniciando configuración de la aplicación El Porteño - Index
- Versión: 3.0.0
2025-09-29 10:09:57,215 - database.connection - INFO - 26 - Conexión establecida
2025-09-29 10:09:57,215 - __main__ - INFO - 64 - Creando ventana principal
2025-09-29 10:09:57,216 - ui.main_window - INFO - 34 - Creando widgets en MainWindow
2025-09-29 10:09:57,217 - ui.main_window - INFO - 62 - --- CREANDO PÁGINA REVISTAS ---
2025-09-29 10:09:57,246 - ui.main_window - INFO - 229 - --- FINALIZADA PÁGINA REVISTAS ---
2025-09-29 10:09:57,246 - ui.main_window - INFO - 235 - --- CREANDO PÁGINA AUTORES ---
2025-09-29 10:09:57,253 - ui.main_window - INFO - 357 - --- FINALIZADA PÁGINA AUTORES ---
2025-09-29 10:09:57,253 - ui.main_window - INFO - 362 - --- CREANDO PÁGINA TEMAS ---
2025-09-29 10:09:57,259 - ui.main_window - INFO - 423 - --- FINALIZADA PÁGINA TEMAS ---
2025-09-29 10:09:57,259 - ui.main_window - INFO - 428 - --- CREANDO PÁGINA ANALISIS ---
2025-09-29 10:09:57,269 - ui.main_window - INFO - 492 - --- FINALIZADA PÁGINA ANALISIS ---
2025-09-29 10:09:57,269 - ui.main_window - INFO - 494 - --- INICIO PROCEDIMIENTOS INCIALES ---
2025-09-29 10:09:57,269 - ui.main_window - INFO - 496 - --- FIN DE MAIN WINDOW ---
2025-09-29 10:09:57,910 - __main__ - INFO - 72 - Ventana principal mostrada - Se inicia Main loop
2025-09-29 10:11:32,612 - __main__ - ERROR - 49 - Excepción no manejada:
Traceback (most recent call last):
  File "/home/luc/Documents/10_Archivo/Revistas/El Porteño/ui/main_window.py", line 1121, in list_temas_row_activated
    self.cargar_notas_en_visor_nota_temas()
  File "/home/luc/Documents/10_Archivo/Revistas/El Porteño/ui/main_window.py", line 889, in cargar_notas_en_visor_nota_temas
    notas = to_nota(lista_notas)
            ^^^^^^^
NameError: name 'to_nota' is not defined
2025-09-29 10:13:15,159 - __main__ - INFO - 56 - === Iniciando la aplicación ===
2025-09-29 10:13:15,159 - __main__ - INFO - 28 - Iniciando configuración de la aplicación El Porteño - Index
- Versión: 3.0.0
2025-09-29 10:13:15,242 - database.connection - INFO - 26 - Conexión establecida
2025-09-29 10:13:15,242 - __main__ - INFO - 64 - Creando ventana principal
2025-09-29 10:13:15,243 - ui.main_window - INFO - 34 - Creando widgets en MainWindow
2025-09-29 10:13:15,244 - ui.main_window - INFO - 62 - --- CREANDO PÁGINA REVISTAS ---
2025-09-29 10:13:15,300 - ui.main_window - INFO - 229 - --- FINALIZADA PÁGINA REVISTAS ---
2025-09-29 10:13:15,301 - ui.main_window - INFO - 235 - --- CREANDO PÁGINA AUTORES ---
2025-09-29 10:13:15,318 - ui.main_window - INFO - 357 - --- FINALIZADA PÁGINA AUTORES ---
2025-09-29 10:13:15,318 - ui.main_window - INFO - 362 - --- CREANDO PÁGINA TEMAS ---
2025-09-29 10:13:15,326 - ui.main_window - INFO - 423 - --- FINALIZADA PÁGINA TEMAS ---
2025-09-29 10:13:15,327 - ui.main_window - INFO - 428 - --- CREANDO PÁGINA ANALISIS ---
2025-09-29 10:13:15,335 - ui.main_window - INFO - 492 - --- FINALIZADA PÁGINA ANALISIS ---
2025-09-29 10:13:15,335 - ui.main_window - INFO - 494 - --- INICIO PROCEDIMIENTOS INCIALES ---
2025-09-29 10:13:15,335 - ui.main_window - INFO - 496 - --- FIN DE MAIN WINDOW ---
2025-09-29 10:13:15,638 - __main__ - INFO - 72 - Ventana principal mostrada - Se inicia Main loop
2025-09-29 10:13:17,505 - __main__ - ERROR - 49 - Excepción no manejada:
Traceback (most recent call last):
  File "/home/luc/Documents/10_Archivo/Revistas/El Porteño/ui/main_window.py", line 1120, in list_temas_row_activated
    self.cargar_notas_en_visor_nota_temas()
  File "/home/luc/Documents/10_Archivo/Revistas/El Porteño/ui/main_window.py", line 889, in cargar_notas_en_visor_nota_temas
    notas = to_nota(lista_notas)
            ^^^^^^^
NameError: name 'to_nota' is not defined
2025-09-29 10:14:01,461 - __main__ - INFO - 56 - === Iniciando la aplicación ===
2025-09-29 10:14:01,461 - __main__ - INFO - 28 - Iniciando configuración de la aplicación El Porteño - Index
- Versión: 3.0.0
2025-09-29 10:14:01,531 - database.connection - INFO - 26 - Conexión establecida
2025-09-29 10:14:01,531 - __main__ - INFO - 64 - Creando ventana principal
2025-09-29 10:14:01,532 - ui.main_window - INFO - 34 - Creando widgets en MainWindow
2025-09-29 10:14:01,533 - ui.main_window - INFO - 62 - --- CREANDO PÁGINA REVISTAS ---
2025-09-29 10:14:01,563 - ui.main_window - INFO - 229 - --- FINALIZADA PÁGINA REVISTAS ---
2025-09-29 10:14:01,563 - ui.main_window - INFO - 235 - --- CREANDO PÁGINA AUTORES ---
2025-09-29 10:14:01,570 - ui.main_window - INFO - 357 - --- FINALIZADA PÁGINA AUTORES ---
2025-09-29 10:14:01,570 - ui.main_window - INFO - 362 - --- CREANDO PÁGINA TEMAS ---
2025-09-29 10:14:01,576 - ui.main_window - INFO - 423 - --- FINALIZADA PÁGINA TEMAS ---
2025-09-29 10:14:01,576 - ui.main_window - INFO - 428 - --- CREANDO PÁGINA ANALISIS ---
2025-09-29 10:14:01,586 - ui.main_window - INFO - 492 - --- FINALIZADA PÁGINA ANALISIS ---
2025-09-29 10:14:01,586 - ui.main_window - INFO - 494 - --- INICIO PROCEDIMIENTOS INCIALES ---
2025-09-29 10:14:01,586 - ui.main_window - INFO - 496 - --- FIN DE MAIN WINDOW ---
2025-09-29 10:14:01,910 - __main__ - INFO - 72 - Ventana principal mostrada - Se inicia Main loop
2025-09-29 10:14:18,942 - __main__ - ERROR - 49 - Excepción no manejada:
Traceback (most recent call last):
  File "/home/luc/Documents/10_Archivo/Revistas/El Porteño/ui/main_window.py", line 981, in bt_cartas_en_revista_clicked
    window_correo = DialogCorreo(self.app_state)
                    ^^^^^^^^^^^^^^^^^^^^^^^^^^^^
  File "/home/luc/Documents/10_Archivo/Revistas/El Porteño/ui/dialogs.py", line 20, in __init__
    self._iniciar()
  File "/home/luc/Documents/10_Archivo/Revistas/El Porteño/ui/dialogs.py", line 143, in _iniciar
    self.cargar_carta_en_widgets(carta)
  File "/home/luc/Documents/10_Archivo/Revistas/El Porteño/ui/dialogs.py", line 177, in cargar_carta_en_widgets
    self.configurar_label_principal(carta.id)
  File "/home/luc/Documents/10_Archivo/Revistas/El Porteño/ui/dialogs.py", line 196, in configurar_label_principal
    correo = self.app_state.carta_seleccionada.correo
             ^^^^^^^^^^^^^^^^^^^^^^^^^^^^^^^^^^^^^^^^
AttributeError: 'Carta' object has no attribute 'correo'
2025-09-29 10:16:00,940 - __main__ - INFO - 56 - === Iniciando la aplicación ===
2025-09-29 10:16:00,941 - __main__ - INFO - 28 - Iniciando configuración de la aplicación El Porteño - Index
- Versión: 3.0.0
2025-09-29 10:16:01,010 - database.connection - INFO - 26 - Conexión establecida
2025-09-29 10:16:01,011 - __main__ - INFO - 64 - Creando ventana principal
2025-09-29 10:16:01,011 - ui.main_window - INFO - 34 - Creando widgets en MainWindow
2025-09-29 10:16:01,012 - ui.main_window - INFO - 62 - --- CREANDO PÁGINA REVISTAS ---
2025-09-29 10:16:01,042 - ui.main_window - INFO - 229 - --- FINALIZADA PÁGINA REVISTAS ---
2025-09-29 10:16:01,042 - ui.main_window - INFO - 235 - --- CREANDO PÁGINA AUTORES ---
2025-09-29 10:16:01,050 - ui.main_window - INFO - 357 - --- FINALIZADA PÁGINA AUTORES ---
2025-09-29 10:16:01,051 - ui.main_window - INFO - 362 - --- CREANDO PÁGINA TEMAS ---
2025-09-29 10:16:01,058 - ui.main_window - INFO - 423 - --- FINALIZADA PÁGINA TEMAS ---
2025-09-29 10:16:01,058 - ui.main_window - INFO - 428 - --- CREANDO PÁGINA ANALISIS ---
2025-09-29 10:16:01,065 - ui.main_window - INFO - 492 - --- FINALIZADA PÁGINA ANALISIS ---
2025-09-29 10:16:01,065 - ui.main_window - INFO - 494 - --- INICIO PROCEDIMIENTOS INCIALES ---
2025-09-29 10:16:01,065 - ui.main_window - INFO - 496 - --- FIN DE MAIN WINDOW ---
2025-09-29 10:16:01,367 - __main__ - INFO - 72 - Ventana principal mostrada - Se inicia Main loop
2025-09-29 10:16:02,353 - __main__ - ERROR - 49 - Excepción no manejada:
Traceback (most recent call last):
  File "/home/luc/Documents/10_Archivo/Revistas/El Porteño/ui/main_window.py", line 981, in bt_cartas_en_revista_clicked
    window_correo = DialogCorreo(self.app_state)
                    ^^^^^^^^^^^^^^^^^^^^^^^^^^^^
  File "/home/luc/Documents/10_Archivo/Revistas/El Porteño/ui/dialogs.py", line 20, in __init__
    self._iniciar()
  File "/home/luc/Documents/10_Archivo/Revistas/El Porteño/ui/dialogs.py", line 143, in _iniciar
    self.cargar_carta_en_widgets(carta)
  File "/home/luc/Documents/10_Archivo/Revistas/El Porteño/ui/dialogs.py", line 177, in cargar_carta_en_widgets
    self.configurar_label_principal(carta.id)
  File "/home/luc/Documents/10_Archivo/Revistas/El Porteño/ui/dialogs.py", line 196, in configurar_label_principal
    correo = self.app_state.carta_seleccionada.correo
             ^^^^^^^^^^^^^^^^^^^^^^^^^^^^^^^^^^^^^^^^
AttributeError: 'Carta' object has no attribute 'correo'
2025-09-29 10:54:34,709 - __main__ - INFO - 56 - === Iniciando la aplicación ===
2025-09-29 10:54:34,710 - __main__ - INFO - 28 - Iniciando configuración de la aplicación El Porteño - Index
- Versión: 3.0.0
2025-09-29 10:54:34,762 - database.connection - INFO - 26 - Conexión establecida
2025-09-29 10:54:34,762 - __main__ - INFO - 64 - Creando ventana principal
2025-09-29 10:54:34,762 - ui.main_window - INFO - 34 - Creando widgets en MainWindow
2025-09-29 10:54:34,763 - ui.main_window - INFO - 62 - --- CREANDO PÁGINA REVISTAS ---
2025-09-29 10:54:34,784 - ui.main_window - INFO - 229 - --- FINALIZADA PÁGINA REVISTAS ---
2025-09-29 10:54:34,784 - ui.main_window - INFO - 235 - --- CREANDO PÁGINA AUTORES ---
2025-09-29 10:54:34,790 - ui.main_window - INFO - 357 - --- FINALIZADA PÁGINA AUTORES ---
2025-09-29 10:54:34,790 - ui.main_window - INFO - 362 - --- CREANDO PÁGINA TEMAS ---
2025-09-29 10:54:34,795 - ui.main_window - INFO - 423 - --- FINALIZADA PÁGINA TEMAS ---
2025-09-29 10:54:34,795 - ui.main_window - INFO - 428 - --- CREANDO PÁGINA ANALISIS ---
2025-09-29 10:54:34,800 - ui.main_window - INFO - 492 - --- FINALIZADA PÁGINA ANALISIS ---
2025-09-29 10:54:34,800 - ui.main_window - INFO - 494 - --- INICIO PROCEDIMIENTOS INCIALES ---
2025-09-29 10:54:34,800 - ui.main_window - INFO - 496 - --- FIN DE MAIN WINDOW ---
2025-09-29 10:54:35,069 - __main__ - INFO - 72 - Ventana principal mostrada - Se inicia Main loop
2025-09-29 10:54:36,759 - __main__ - ERROR - 49 - Excepción no manejada:
Traceback (most recent call last):
  File "/home/luc/Documents/10_Archivo/Revistas/El Porteño/ui/main_window.py", line 981, in bt_cartas_en_revista_clicked
    window_correo = DialogCorreo(self.app_state)
                    ^^^^^^^^^^^^^^^^^^^^^^^^^^^^
  File "/home/luc/Documents/10_Archivo/Revistas/El Porteño/ui/dialogs.py", line 23, in __init__
    self._iniciar()
  File "/home/luc/Documents/10_Archivo/Revistas/El Porteño/ui/dialogs.py", line 133, in _iniciar
    self.cargar_carta_en_widgets(carta)
  File "/home/luc/Documents/10_Archivo/Revistas/El Porteño/ui/dialogs.py", line 167, in cargar_carta_en_widgets
    self.configurar_label_principal(carta.id)
  File "/home/luc/Documents/10_Archivo/Revistas/El Porteño/ui/dialogs.py", line 186, in configurar_label_principal
    correo = self.app_state.carta_seleccionada.correo
             ^^^^^^^^^^^^^^^^^^^^^^^^^^^^^^^^^^^^^^^^
AttributeError: 'Carta' object has no attribute 'correo'
2025-09-29 10:55:03,708 - __main__ - INFO - 56 - === Iniciando la aplicación ===
2025-09-29 10:55:03,708 - __main__ - INFO - 28 - Iniciando configuración de la aplicación El Porteño - Index
- Versión: 3.0.0
2025-09-29 10:55:03,758 - database.connection - INFO - 26 - Conexión establecida
2025-09-29 10:55:03,758 - __main__ - INFO - 64 - Creando ventana principal
2025-09-29 10:55:03,759 - ui.main_window - INFO - 34 - Creando widgets en MainWindow
2025-09-29 10:55:03,760 - ui.main_window - INFO - 62 - --- CREANDO PÁGINA REVISTAS ---
2025-09-29 10:55:03,780 - ui.main_window - INFO - 229 - --- FINALIZADA PÁGINA REVISTAS ---
2025-09-29 10:55:03,780 - ui.main_window - INFO - 235 - --- CREANDO PÁGINA AUTORES ---
2025-09-29 10:55:03,785 - ui.main_window - INFO - 357 - --- FINALIZADA PÁGINA AUTORES ---
2025-09-29 10:55:03,785 - ui.main_window - INFO - 362 - --- CREANDO PÁGINA TEMAS ---
2025-09-29 10:55:03,790 - ui.main_window - INFO - 423 - --- FINALIZADA PÁGINA TEMAS ---
2025-09-29 10:55:03,790 - ui.main_window - INFO - 428 - --- CREANDO PÁGINA ANALISIS ---
2025-09-29 10:55:03,795 - ui.main_window - INFO - 492 - --- FINALIZADA PÁGINA ANALISIS ---
2025-09-29 10:55:03,795 - ui.main_window - INFO - 494 - --- INICIO PROCEDIMIENTOS INCIALES ---
2025-09-29 10:55:03,795 - ui.main_window - INFO - 496 - --- FIN DE MAIN WINDOW ---
2025-09-29 10:55:04,031 - __main__ - INFO - 72 - Ventana principal mostrada - Se inicia Main loop
2025-09-29 10:55:21,102 - database.connection - INFO - 37 - Conexión cerrada
2025-09-29 10:55:21,105 - __main__ - INFO - 77 - === Aplicación finalizada correctamente ===
2025-09-29 10:56:29,602 - __main__ - INFO - 56 - === Iniciando la aplicación ===
2025-09-29 10:56:29,603 - __main__ - INFO - 28 - Iniciando configuración de la aplicación El Porteño - Index
- Versión: 3.0.0
2025-09-29 10:56:29,652 - database.connection - INFO - 26 - Conexión establecida
2025-09-29 10:56:29,653 - __main__ - INFO - 64 - Creando ventana principal
2025-09-29 10:56:29,653 - ui.main_window - INFO - 34 - Creando widgets en MainWindow
2025-09-29 10:56:29,654 - ui.main_window - INFO - 62 - --- CREANDO PÁGINA REVISTAS ---
2025-09-29 10:56:29,675 - ui.main_window - INFO - 229 - --- FINALIZADA PÁGINA REVISTAS ---
2025-09-29 10:56:29,675 - ui.main_window - INFO - 235 - --- CREANDO PÁGINA AUTORES ---
2025-09-29 10:56:29,680 - ui.main_window - INFO - 357 - --- FINALIZADA PÁGINA AUTORES ---
2025-09-29 10:56:29,680 - ui.main_window - INFO - 362 - --- CREANDO PÁGINA TEMAS ---
2025-09-29 10:56:29,684 - ui.main_window - INFO - 423 - --- FINALIZADA PÁGINA TEMAS ---
2025-09-29 10:56:29,684 - ui.main_window - INFO - 428 - --- CREANDO PÁGINA ANALISIS ---
2025-09-29 10:56:29,689 - ui.main_window - INFO - 492 - --- FINALIZADA PÁGINA ANALISIS ---
2025-09-29 10:56:29,689 - ui.main_window - INFO - 494 - --- INICIO PROCEDIMIENTOS INCIALES ---
2025-09-29 10:56:29,689 - ui.main_window - INFO - 496 - --- FIN DE MAIN WINDOW ---
2025-09-29 10:56:29,900 - __main__ - INFO - 72 - Ventana principal mostrada - Se inicia Main loop
2025-09-29 10:56:31,277 - __main__ - ERROR - 49 - Excepción no manejada:
Traceback (most recent call last):
  File "/home/luc/Documents/10_Archivo/Revistas/El Porteño/ui/main_window.py", line 981, in bt_cartas_en_revista_clicked
    window_correo = DialogCorreo(self.app_state)
                    ^^^^^^^^^^^^^^^^^^^^^^^^^^^^
  File "/home/luc/Documents/10_Archivo/Revistas/El Porteño/ui/dialogs.py", line 23, in __init__
    self._iniciar()
  File "/home/luc/Documents/10_Archivo/Revistas/El Porteño/ui/dialogs.py", line 134, in _iniciar
    self.habilitar_edicion(False)
  File "/home/luc/Documents/10_Archivo/Revistas/El Porteño/ui/dialogs.py", line 158, in habilitar_edicion
    self.configurar_botones_headbar(self.app_state.carta_seleccionada)
  File "/home/luc/Documents/10_Archivo/Revistas/El Porteño/ui/dialogs.py", line 172, in configurar_botones_headbar
    correo = self.app_state.carta_seleccionada.correo
             ^^^^^^^^^^^^^^^^^^^^^^^^^^^^^^^^^^^^^^^^
AttributeError: 'Carta' object has no attribute 'correo'
2025-09-29 10:56:58,216 - __main__ - INFO - 56 - === Iniciando la aplicación ===
2025-09-29 10:56:58,216 - __main__ - INFO - 28 - Iniciando configuración de la aplicación El Porteño - Index
- Versión: 3.0.0
2025-09-29 10:56:58,263 - database.connection - INFO - 26 - Conexión establecida
2025-09-29 10:56:58,263 - __main__ - INFO - 64 - Creando ventana principal
2025-09-29 10:56:58,264 - ui.main_window - INFO - 34 - Creando widgets en MainWindow
2025-09-29 10:56:58,265 - ui.main_window - INFO - 62 - --- CREANDO PÁGINA REVISTAS ---
2025-09-29 10:56:58,284 - ui.main_window - INFO - 229 - --- FINALIZADA PÁGINA REVISTAS ---
2025-09-29 10:56:58,284 - ui.main_window - INFO - 235 - --- CREANDO PÁGINA AUTORES ---
2025-09-29 10:56:58,289 - ui.main_window - INFO - 357 - --- FINALIZADA PÁGINA AUTORES ---
2025-09-29 10:56:58,289 - ui.main_window - INFO - 362 - --- CREANDO PÁGINA TEMAS ---
2025-09-29 10:56:58,293 - ui.main_window - INFO - 423 - --- FINALIZADA PÁGINA TEMAS ---
2025-09-29 10:56:58,293 - ui.main_window - INFO - 428 - --- CREANDO PÁGINA ANALISIS ---
2025-09-29 10:56:58,297 - ui.main_window - INFO - 492 - --- FINALIZADA PÁGINA ANALISIS ---
2025-09-29 10:56:58,297 - ui.main_window - INFO - 494 - --- INICIO PROCEDIMIENTOS INCIALES ---
2025-09-29 10:56:58,297 - ui.main_window - INFO - 496 - --- FIN DE MAIN WINDOW ---
2025-09-29 10:56:58,504 - __main__ - INFO - 72 - Ventana principal mostrada - Se inicia Main loop
2025-09-29 10:57:19,469 - database.connection - INFO - 37 - Conexión cerrada
2025-09-29 10:57:19,471 - __main__ - INFO - 77 - === Aplicación finalizada correctamente ===
2025-09-29 10:57:23,891 - __main__ - INFO - 56 - === Iniciando la aplicación ===
2025-09-29 10:57:23,891 - __main__ - INFO - 28 - Iniciando configuración de la aplicación El Porteño - Index
- Versión: 3.0.0
2025-09-29 10:57:23,939 - database.connection - INFO - 26 - Conexión establecida
2025-09-29 10:57:23,939 - __main__ - INFO - 64 - Creando ventana principal
2025-09-29 10:57:23,940 - ui.main_window - INFO - 34 - Creando widgets en MainWindow
2025-09-29 10:57:23,940 - ui.main_window - INFO - 62 - --- CREANDO PÁGINA REVISTAS ---
2025-09-29 10:57:23,960 - ui.main_window - INFO - 229 - --- FINALIZADA PÁGINA REVISTAS ---
2025-09-29 10:57:23,960 - ui.main_window - INFO - 235 - --- CREANDO PÁGINA AUTORES ---
2025-09-29 10:57:23,965 - ui.main_window - INFO - 357 - --- FINALIZADA PÁGINA AUTORES ---
2025-09-29 10:57:23,965 - ui.main_window - INFO - 362 - --- CREANDO PÁGINA TEMAS ---
2025-09-29 10:57:23,969 - ui.main_window - INFO - 423 - --- FINALIZADA PÁGINA TEMAS ---
2025-09-29 10:57:23,969 - ui.main_window - INFO - 428 - --- CREANDO PÁGINA ANALISIS ---
2025-09-29 10:57:23,973 - ui.main_window - INFO - 492 - --- FINALIZADA PÁGINA ANALISIS ---
2025-09-29 10:57:23,973 - ui.main_window - INFO - 494 - --- INICIO PROCEDIMIENTOS INCIALES ---
2025-09-29 10:57:23,973 - ui.main_window - INFO - 496 - --- FIN DE MAIN WINDOW ---
2025-09-29 10:57:24,186 - __main__ - INFO - 72 - Ventana principal mostrada - Se inicia Main loop
2025-09-29 10:57:37,700 - database.connection - INFO - 37 - Conexión cerrada
2025-09-29 10:57:37,701 - __main__ - INFO - 77 - === Aplicación finalizada correctamente ===
2025-09-29 10:59:45,184 - __main__ - INFO - 56 - === Iniciando la aplicación ===
2025-09-29 10:59:45,184 - __main__ - INFO - 28 - Iniciando configuración de la aplicación El Porteño - Index
- Versión: 3.0.0
2025-09-29 10:59:45,238 - database.connection - INFO - 26 - Conexión establecida
2025-09-29 10:59:45,238 - __main__ - INFO - 64 - Creando ventana principal
2025-09-29 10:59:45,238 - ui.main_window - INFO - 34 - Creando widgets en MainWindow
2025-09-29 10:59:45,239 - ui.main_window - INFO - 62 - --- CREANDO PÁGINA REVISTAS ---
2025-09-29 10:59:45,259 - ui.main_window - INFO - 229 - --- FINALIZADA PÁGINA REVISTAS ---
2025-09-29 10:59:45,259 - ui.main_window - INFO - 235 - --- CREANDO PÁGINA AUTORES ---
2025-09-29 10:59:45,264 - ui.main_window - INFO - 357 - --- FINALIZADA PÁGINA AUTORES ---
2025-09-29 10:59:45,264 - ui.main_window - INFO - 362 - --- CREANDO PÁGINA TEMAS ---
2025-09-29 10:59:45,268 - ui.main_window - INFO - 423 - --- FINALIZADA PÁGINA TEMAS ---
2025-09-29 10:59:45,268 - ui.main_window - INFO - 428 - --- CREANDO PÁGINA ANALISIS ---
2025-09-29 10:59:45,274 - ui.main_window - INFO - 492 - --- FINALIZADA PÁGINA ANALISIS ---
2025-09-29 10:59:45,274 - ui.main_window - INFO - 494 - --- INICIO PROCEDIMIENTOS INCIALES ---
2025-09-29 10:59:45,274 - ui.main_window - INFO - 496 - --- FIN DE MAIN WINDOW ---
2025-09-29 10:59:45,480 - __main__ - INFO - 72 - Ventana principal mostrada - Se inicia Main loop
2025-09-29 11:00:14,156 - database.connection - INFO - 37 - Conexión cerrada
2025-09-29 11:00:14,158 - __main__ - INFO - 77 - === Aplicación finalizada correctamente ===
2025-09-29 23:58:38,106 - __main__ - INFO - 56 - === Iniciando la aplicación ===
2025-09-29 23:58:38,107 - __main__ - INFO - 28 - Iniciando configuración de la aplicación El Porteño - Index
- Versión: 3.0.0
2025-09-29 23:58:38,193 - database.connection - INFO - 26 - Conexión establecida
2025-09-29 23:58:38,193 - __main__ - INFO - 64 - Creando ventana principal
2025-09-29 23:58:38,195 - ui.main_window - INFO - 34 - Creando widgets en MainWindow
2025-09-29 23:58:38,196 - ui.main_window - INFO - 62 - --- CREANDO PÁGINA REVISTAS ---
2025-09-29 23:58:38,228 - ui.main_window - INFO - 229 - --- FINALIZADA PÁGINA REVISTAS ---
2025-09-29 23:58:38,228 - ui.main_window - INFO - 235 - --- CREANDO PÁGINA AUTORES ---
2025-09-29 23:58:38,235 - ui.main_window - INFO - 357 - --- FINALIZADA PÁGINA AUTORES ---
2025-09-29 23:58:38,235 - ui.main_window - INFO - 362 - --- CREANDO PÁGINA TEMAS ---
2025-09-29 23:58:38,240 - ui.main_window - INFO - 423 - --- FINALIZADA PÁGINA TEMAS ---
2025-09-29 23:58:38,241 - ui.main_window - INFO - 428 - --- CREANDO PÁGINA ANALISIS ---
2025-09-29 23:58:38,247 - ui.main_window - INFO - 492 - --- FINALIZADA PÁGINA ANALISIS ---
2025-09-29 23:58:38,247 - ui.main_window - INFO - 494 - --- INICIO PROCEDIMIENTOS INCIALES ---
2025-09-29 23:58:38,247 - ui.main_window - INFO - 496 - --- FIN DE MAIN WINDOW ---
2025-09-29 23:58:38,588 - __main__ - INFO - 72 - Ventana principal mostrada - Se inicia Main loop
2025-09-29 23:59:16,010 - database.connection - INFO - 37 - Conexión cerrada
2025-09-29 23:59:16,012 - __main__ - INFO - 77 - === Aplicación finalizada correctamente ===
2025-10-01 19:00:10,279 - __main__ - INFO - 56 - === Iniciando la aplicación ===
2025-10-01 19:00:10,280 - __main__ - INFO - 28 - Iniciando configuración de la aplicación El Porteño - Index
- Versión: 3.0.0
2025-10-01 19:00:10,386 - database.connection - INFO - 26 - Conexión establecida
2025-10-01 19:00:10,386 - __main__ - INFO - 64 - Creando ventana principal
2025-10-01 19:00:10,388 - ui.main_window - INFO - 34 - Creando widgets en MainWindow
2025-10-01 19:00:10,390 - ui.main_window - INFO - 62 - --- CREANDO PÁGINA REVISTAS ---
2025-10-01 19:00:10,435 - ui.main_window - INFO - 229 - --- FINALIZADA PÁGINA REVISTAS ---
2025-10-01 19:00:10,435 - ui.main_window - INFO - 235 - --- CREANDO PÁGINA AUTORES ---
2025-10-01 19:00:10,447 - ui.main_window - INFO - 357 - --- FINALIZADA PÁGINA AUTORES ---
2025-10-01 19:00:10,447 - ui.main_window - INFO - 362 - --- CREANDO PÁGINA TEMAS ---
2025-10-01 19:00:10,458 - ui.main_window - INFO - 423 - --- FINALIZADA PÁGINA TEMAS ---
2025-10-01 19:00:10,458 - ui.main_window - INFO - 428 - --- CREANDO PÁGINA ANALISIS ---
2025-10-01 19:00:10,470 - ui.main_window - INFO - 492 - --- FINALIZADA PÁGINA ANALISIS ---
2025-10-01 19:00:10,470 - ui.main_window - INFO - 494 - --- INICIO PROCEDIMIENTOS INCIALES ---
2025-10-01 19:00:10,471 - ui.main_window - INFO - 496 - --- FIN DE MAIN WINDOW ---
2025-10-01 19:00:11,048 - __main__ - INFO - 72 - Ventana principal mostrada - Se inicia Main loop
2025-10-01 19:06:28,381 - __main__ - ERROR - 49 - Excepción no manejada:
Traceback (most recent call last):
  File "/home/luc/Documents/10_Archivo/Revistas/El Porteño/ui/main_window.py", line 1110, in ent_buscar_tema_changed
    self.actualizar_lista_temas(busqueda)
  File "/home/luc/Documents/10_Archivo/Revistas/El Porteño/ui/main_window.py", line 880, in actualizar_lista_temas
    ls.append(0, "No hay resultado")
TypeError: ListStore.append() takes from 1 to 2 positional arguments but 3 were given
2025-10-01 19:21:43,722 - __main__ - INFO - 56 - === Iniciando la aplicación ===
2025-10-01 19:21:43,722 - __main__ - INFO - 28 - Iniciando configuración de la aplicación El Porteño - Index
- Versión: 3.0.0
2025-10-01 19:21:43,801 - database.connection - INFO - 26 - Conexión establecida
2025-10-01 19:21:43,801 - __main__ - INFO - 64 - Creando ventana principal
2025-10-01 19:21:43,802 - ui.main_window - INFO - 34 - Creando widgets en MainWindow
2025-10-01 19:21:43,803 - ui.main_window - INFO - 62 - --- CREANDO PÁGINA REVISTAS ---
2025-10-01 19:21:43,845 - ui.main_window - INFO - 229 - --- FINALIZADA PÁGINA REVISTAS ---
2025-10-01 19:21:43,845 - ui.main_window - INFO - 235 - --- CREANDO PÁGINA AUTORES ---
2025-10-01 19:21:43,857 - ui.main_window - INFO - 357 - --- FINALIZADA PÁGINA AUTORES ---
2025-10-01 19:21:43,857 - ui.main_window - INFO - 362 - --- CREANDO PÁGINA TEMAS ---
2025-10-01 19:21:43,867 - ui.main_window - INFO - 423 - --- FINALIZADA PÁGINA TEMAS ---
2025-10-01 19:21:43,867 - ui.main_window - INFO - 428 - --- CREANDO PÁGINA ANALISIS ---
2025-10-01 19:21:43,879 - ui.main_window - INFO - 492 - --- FINALIZADA PÁGINA ANALISIS ---
2025-10-01 19:21:43,879 - ui.main_window - INFO - 494 - --- INICIO PROCEDIMIENTOS INCIALES ---
2025-10-01 19:21:43,879 - ui.main_window - INFO - 496 - --- FIN DE MAIN WINDOW ---
2025-10-01 19:21:44,221 - __main__ - INFO - 72 - Ventana principal mostrada - Se inicia Main loop
2025-10-01 19:21:45,999 - database.connection - INFO - 37 - Conexión cerrada
2025-10-01 19:21:46,000 - __main__ - INFO - 77 - === Aplicación finalizada correctamente ===
2025-10-01 19:21:48,068 - __main__ - INFO - 56 - === Iniciando la aplicación ===
2025-10-01 19:21:48,068 - __main__ - INFO - 28 - Iniciando configuración de la aplicación El Porteño - Index
- Versión: 3.0.0
2025-10-01 19:21:48,142 - database.connection - INFO - 26 - Conexión establecida
2025-10-01 19:21:48,142 - __main__ - INFO - 64 - Creando ventana principal
2025-10-01 19:21:48,143 - ui.main_window - INFO - 34 - Creando widgets en MainWindow
2025-10-01 19:21:48,144 - ui.main_window - INFO - 62 - --- CREANDO PÁGINA REVISTAS ---
2025-10-01 19:21:48,182 - ui.main_window - INFO - 229 - --- FINALIZADA PÁGINA REVISTAS ---
2025-10-01 19:21:48,182 - ui.main_window - INFO - 235 - --- CREANDO PÁGINA AUTORES ---
2025-10-01 19:21:48,199 - ui.main_window - INFO - 357 - --- FINALIZADA PÁGINA AUTORES ---
2025-10-01 19:21:48,199 - ui.main_window - INFO - 362 - --- CREANDO PÁGINA TEMAS ---
2025-10-01 19:21:48,212 - ui.main_window - INFO - 423 - --- FINALIZADA PÁGINA TEMAS ---
2025-10-01 19:21:48,213 - ui.main_window - INFO - 428 - --- CREANDO PÁGINA ANALISIS ---
2025-10-01 19:21:48,228 - ui.main_window - INFO - 492 - --- FINALIZADA PÁGINA ANALISIS ---
2025-10-01 19:21:48,228 - ui.main_window - INFO - 494 - --- INICIO PROCEDIMIENTOS INCIALES ---
2025-10-01 19:21:48,228 - ui.main_window - INFO - 496 - --- FIN DE MAIN WINDOW ---
2025-10-01 19:21:48,624 - __main__ - INFO - 72 - Ventana principal mostrada - Se inicia Main loop
2025-10-01 19:22:22,588 - database.connection - INFO - 37 - Conexión cerrada
2025-10-01 19:22:22,590 - __main__ - INFO - 77 - === Aplicación finalizada correctamente ===
2025-10-03 17:56:38,574 - __main__ - INFO - 56 - === Iniciando la aplicación ===
2025-10-03 17:56:38,574 - __main__ - INFO - 28 - Iniciando configuración de la aplicación El Porteño - Index
- Versión: 3.0.0
2025-10-03 17:56:38,658 - database.connection - INFO - 26 - Conexión establecida
2025-10-03 17:56:38,658 - __main__ - INFO - 64 - Creando ventana principal
2025-10-03 17:56:38,659 - ui.main_window - INFO - 34 - Creando widgets en MainWindow
2025-10-03 17:56:38,660 - ui.main_window - INFO - 62 - --- CREANDO PÁGINA REVISTAS ---
2025-10-03 17:56:38,688 - ui.main_window - INFO - 229 - --- FINALIZADA PÁGINA REVISTAS ---
2025-10-03 17:56:38,688 - ui.main_window - INFO - 235 - --- CREANDO PÁGINA AUTORES ---
2025-10-03 17:56:38,696 - ui.main_window - INFO - 357 - --- FINALIZADA PÁGINA AUTORES ---
2025-10-03 17:56:38,696 - ui.main_window - INFO - 362 - --- CREANDO PÁGINA TEMAS ---
2025-10-03 17:56:38,704 - ui.main_window - INFO - 423 - --- FINALIZADA PÁGINA TEMAS ---
2025-10-03 17:56:38,705 - ui.main_window - INFO - 428 - --- CREANDO PÁGINA ANALISIS ---
2025-10-03 17:56:38,715 - ui.main_window - INFO - 492 - --- FINALIZADA PÁGINA ANALISIS ---
2025-10-03 17:56:38,715 - ui.main_window - INFO - 494 - --- INICIO PROCEDIMIENTOS INCIALES ---
2025-10-03 17:56:38,715 - ui.main_window - INFO - 496 - --- FIN DE MAIN WINDOW ---
2025-10-03 17:56:39,067 - __main__ - INFO - 72 - Ventana principal mostrada - Se inicia Main loop
2025-10-03 18:11:38,898 - __main__ - INFO - 56 - === Iniciando la aplicación ===
2025-10-03 18:11:38,898 - __main__ - INFO - 28 - Iniciando configuración de la aplicación El Porteño - Index
- Versión: 3.0.0
2025-10-03 18:11:38,976 - database.connection - INFO - 26 - Conexión establecida
2025-10-03 18:11:38,977 - __main__ - INFO - 64 - Creando ventana principal
2025-10-03 18:11:38,978 - ui.main_window - INFO - 34 - Creando widgets en MainWindow
2025-10-03 18:11:38,979 - ui.main_window - INFO - 62 - --- CREANDO PÁGINA REVISTAS ---
2025-10-03 18:11:39,031 - ui.main_window - INFO - 229 - --- FINALIZADA PÁGINA REVISTAS ---
2025-10-03 18:11:39,032 - ui.main_window - INFO - 235 - --- CREANDO PÁGINA AUTORES ---
2025-10-03 18:11:39,042 - ui.main_window - INFO - 357 - --- FINALIZADA PÁGINA AUTORES ---
2025-10-03 18:11:39,043 - ui.main_window - INFO - 362 - --- CREANDO PÁGINA TEMAS ---
2025-10-03 18:11:39,049 - ui.main_window - INFO - 423 - --- FINALIZADA PÁGINA TEMAS ---
2025-10-03 18:11:39,049 - ui.main_window - INFO - 428 - --- CREANDO PÁGINA ANALISIS ---
2025-10-03 18:11:39,057 - ui.main_window - INFO - 492 - --- FINALIZADA PÁGINA ANALISIS ---
2025-10-03 18:11:39,057 - ui.main_window - INFO - 494 - --- INICIO PROCEDIMIENTOS INCIALES ---
2025-10-03 18:11:39,057 - ui.main_window - INFO - 496 - --- FIN DE MAIN WINDOW ---
2025-10-03 18:11:39,442 - __main__ - INFO - 72 - Ventana principal mostrada - Se inicia Main loop
2025-10-03 18:11:49,549 - database.connection - INFO - 37 - Conexión cerrada
2025-10-03 18:11:49,553 - __main__ - INFO - 77 - === Aplicación finalizada correctamente ===
2025-10-03 18:12:43,640 - __main__ - INFO - 56 - === Iniciando la aplicación ===
2025-10-03 18:12:43,640 - __main__ - INFO - 28 - Iniciando configuración de la aplicación El Porteño - Index
- Versión: 3.0.0
2025-10-03 18:12:43,708 - database.connection - INFO - 26 - Conexión establecida
2025-10-03 18:12:43,708 - __main__ - INFO - 64 - Creando ventana principal
2025-10-03 18:12:43,709 - ui.main_window - INFO - 34 - Creando widgets en MainWindow
2025-10-03 18:12:43,710 - ui.main_window - INFO - 62 - --- CREANDO PÁGINA REVISTAS ---
2025-10-03 18:12:43,737 - ui.main_window - INFO - 229 - --- FINALIZADA PÁGINA REVISTAS ---
2025-10-03 18:12:43,737 - ui.main_window - INFO - 235 - --- CREANDO PÁGINA AUTORES ---
2025-10-03 18:12:43,744 - ui.main_window - INFO - 357 - --- FINALIZADA PÁGINA AUTORES ---
2025-10-03 18:12:43,744 - ui.main_window - INFO - 362 - --- CREANDO PÁGINA TEMAS ---
2025-10-03 18:12:43,750 - ui.main_window - INFO - 423 - --- FINALIZADA PÁGINA TEMAS ---
2025-10-03 18:12:43,750 - ui.main_window - INFO - 428 - --- CREANDO PÁGINA ANALISIS ---
2025-10-03 18:12:43,757 - ui.main_window - INFO - 492 - --- FINALIZADA PÁGINA ANALISIS ---
2025-10-03 18:12:43,757 - ui.main_window - INFO - 494 - --- INICIO PROCEDIMIENTOS INCIALES ---
2025-10-03 18:12:43,757 - ui.main_window - INFO - 496 - --- FIN DE MAIN WINDOW ---
2025-10-03 18:12:44,061 - __main__ - INFO - 72 - Ventana principal mostrada - Se inicia Main loop
2025-10-03 18:12:55,532 - database.connection - INFO - 37 - Conexión cerrada
2025-10-03 18:12:55,534 - __main__ - INFO - 77 - === Aplicación finalizada correctamente ===
2025-10-03 18:13:11,298 - __main__ - INFO - 56 - === Iniciando la aplicación ===
2025-10-03 18:13:11,298 - __main__ - INFO - 28 - Iniciando configuración de la aplicación El Porteño - Index
- Versión: 3.0.0
2025-10-03 18:13:11,363 - database.connection - INFO - 26 - Conexión establecida
2025-10-03 18:13:11,363 - __main__ - INFO - 64 - Creando ventana principal
2025-10-03 18:13:11,364 - ui.main_window - INFO - 34 - Creando widgets en MainWindow
2025-10-03 18:13:11,365 - ui.main_window - INFO - 62 - --- CREANDO PÁGINA REVISTAS ---
2025-10-03 18:13:11,392 - ui.main_window - INFO - 229 - --- FINALIZADA PÁGINA REVISTAS ---
2025-10-03 18:13:11,392 - ui.main_window - INFO - 235 - --- CREANDO PÁGINA AUTORES ---
2025-10-03 18:13:11,399 - ui.main_window - INFO - 357 - --- FINALIZADA PÁGINA AUTORES ---
2025-10-03 18:13:11,399 - ui.main_window - INFO - 362 - --- CREANDO PÁGINA TEMAS ---
2025-10-03 18:13:11,404 - ui.main_window - INFO - 423 - --- FINALIZADA PÁGINA TEMAS ---
2025-10-03 18:13:11,404 - ui.main_window - INFO - 428 - --- CREANDO PÁGINA ANALISIS ---
2025-10-03 18:13:11,411 - ui.main_window - INFO - 492 - --- FINALIZADA PÁGINA ANALISIS ---
2025-10-03 18:13:11,411 - ui.main_window - INFO - 494 - --- INICIO PROCEDIMIENTOS INCIALES ---
2025-10-03 18:13:11,411 - ui.main_window - INFO - 496 - --- FIN DE MAIN WINDOW ---
2025-10-03 18:13:11,697 - __main__ - INFO - 72 - Ventana principal mostrada - Se inicia Main loop
2025-10-03 18:13:22,234 - database.connection - INFO - 37 - Conexión cerrada
2025-10-03 18:13:22,236 - __main__ - INFO - 77 - === Aplicación finalizada correctamente ===
2025-10-03 18:13:34,534 - __main__ - INFO - 56 - === Iniciando la aplicación ===
2025-10-03 18:13:34,534 - __main__ - INFO - 28 - Iniciando configuración de la aplicación El Porteño - Index
- Versión: 3.0.0
2025-10-03 18:13:34,603 - database.connection - INFO - 26 - Conexión establecida
2025-10-03 18:13:34,603 - __main__ - INFO - 64 - Creando ventana principal
2025-10-03 18:13:34,604 - ui.main_window - INFO - 34 - Creando widgets en MainWindow
2025-10-03 18:13:34,605 - ui.main_window - INFO - 62 - --- CREANDO PÁGINA REVISTAS ---
2025-10-03 18:13:34,633 - ui.main_window - INFO - 229 - --- FINALIZADA PÁGINA REVISTAS ---
2025-10-03 18:13:34,633 - ui.main_window - INFO - 235 - --- CREANDO PÁGINA AUTORES ---
2025-10-03 18:13:34,641 - ui.main_window - INFO - 357 - --- FINALIZADA PÁGINA AUTORES ---
2025-10-03 18:13:34,642 - ui.main_window - INFO - 362 - --- CREANDO PÁGINA TEMAS ---
2025-10-03 18:13:34,648 - ui.main_window - INFO - 423 - --- FINALIZADA PÁGINA TEMAS ---
2025-10-03 18:13:34,648 - ui.main_window - INFO - 428 - --- CREANDO PÁGINA ANALISIS ---
2025-10-03 18:13:34,656 - ui.main_window - INFO - 492 - --- FINALIZADA PÁGINA ANALISIS ---
2025-10-03 18:13:34,656 - ui.main_window - INFO - 494 - --- INICIO PROCEDIMIENTOS INCIALES ---
2025-10-03 18:13:34,656 - ui.main_window - INFO - 496 - --- FIN DE MAIN WINDOW ---
2025-10-03 18:13:34,942 - __main__ - INFO - 72 - Ventana principal mostrada - Se inicia Main loop
2025-10-03 18:13:42,114 - database.connection - INFO - 37 - Conexión cerrada
2025-10-03 18:13:42,116 - __main__ - INFO - 77 - === Aplicación finalizada correctamente ===
2025-10-03 18:13:47,758 - __main__ - INFO - 56 - === Iniciando la aplicación ===
2025-10-03 18:13:47,759 - __main__ - INFO - 28 - Iniciando configuración de la aplicación El Porteño - Index
- Versión: 3.0.0
2025-10-03 18:13:47,828 - database.connection - INFO - 26 - Conexión establecida
2025-10-03 18:13:47,828 - __main__ - INFO - 64 - Creando ventana principal
2025-10-03 18:13:47,829 - ui.main_window - INFO - 34 - Creando widgets en MainWindow
2025-10-03 18:13:47,829 - ui.main_window - INFO - 62 - --- CREANDO PÁGINA REVISTAS ---
2025-10-03 18:13:47,862 - ui.main_window - INFO - 229 - --- FINALIZADA PÁGINA REVISTAS ---
2025-10-03 18:13:47,862 - ui.main_window - INFO - 235 - --- CREANDO PÁGINA AUTORES ---
2025-10-03 18:13:47,870 - ui.main_window - INFO - 357 - --- FINALIZADA PÁGINA AUTORES ---
2025-10-03 18:13:47,870 - ui.main_window - INFO - 362 - --- CREANDO PÁGINA TEMAS ---
2025-10-03 18:13:47,876 - ui.main_window - INFO - 423 - --- FINALIZADA PÁGINA TEMAS ---
2025-10-03 18:13:47,877 - ui.main_window - INFO - 428 - --- CREANDO PÁGINA ANALISIS ---
2025-10-03 18:13:47,883 - ui.main_window - INFO - 492 - --- FINALIZADA PÁGINA ANALISIS ---
2025-10-03 18:13:47,883 - ui.main_window - INFO - 494 - --- INICIO PROCEDIMIENTOS INCIALES ---
2025-10-03 18:13:47,884 - ui.main_window - INFO - 496 - --- FIN DE MAIN WINDOW ---
2025-10-03 18:13:48,198 - __main__ - INFO - 72 - Ventana principal mostrada - Se inicia Main loop
2025-10-03 18:13:56,479 - database.connection - INFO - 37 - Conexión cerrada
2025-10-03 18:13:56,481 - __main__ - INFO - 77 - === Aplicación finalizada correctamente ===
2025-10-03 18:14:17,998 - __main__ - INFO - 56 - === Iniciando la aplicación ===
2025-10-03 18:14:17,998 - __main__ - INFO - 28 - Iniciando configuración de la aplicación El Porteño - Index
- Versión: 3.0.0
2025-10-03 18:14:18,081 - database.connection - INFO - 26 - Conexión establecida
2025-10-03 18:14:18,081 - __main__ - INFO - 64 - Creando ventana principal
2025-10-03 18:14:18,082 - ui.main_window - INFO - 34 - Creando widgets en MainWindow
2025-10-03 18:14:18,084 - ui.main_window - INFO - 62 - --- CREANDO PÁGINA REVISTAS ---
2025-10-03 18:14:18,137 - ui.main_window - INFO - 229 - --- FINALIZADA PÁGINA REVISTAS ---
2025-10-03 18:14:18,137 - ui.main_window - INFO - 235 - --- CREANDO PÁGINA AUTORES ---
2025-10-03 18:14:18,149 - ui.main_window - INFO - 357 - --- FINALIZADA PÁGINA AUTORES ---
2025-10-03 18:14:18,149 - ui.main_window - INFO - 362 - --- CREANDO PÁGINA TEMAS ---
2025-10-03 18:14:18,155 - ui.main_window - INFO - 423 - --- FINALIZADA PÁGINA TEMAS ---
2025-10-03 18:14:18,155 - ui.main_window - INFO - 428 - --- CREANDO PÁGINA ANALISIS ---
2025-10-03 18:14:18,162 - ui.main_window - INFO - 492 - --- FINALIZADA PÁGINA ANALISIS ---
2025-10-03 18:14:18,162 - ui.main_window - INFO - 494 - --- INICIO PROCEDIMIENTOS INCIALES ---
2025-10-03 18:14:18,162 - ui.main_window - INFO - 496 - --- FIN DE MAIN WINDOW ---
2025-10-03 18:14:18,481 - __main__ - INFO - 72 - Ventana principal mostrada - Se inicia Main loop
2025-10-03 19:39:07,856 - database.connection - INFO - 37 - Conexión cerrada
2025-10-03 19:39:07,857 - __main__ - INFO - 77 - === Aplicación finalizada correctamente ===
2025-10-05 20:00:31,186 - __main__ - INFO - 56 - === Iniciando la aplicación ===
2025-10-05 20:00:31,188 - __main__ - INFO - 28 - Iniciando configuración de la aplicación El Porteño - Index
- Versión: 3.0.0
2025-10-05 20:00:31,283 - database.connection - INFO - 26 - Conexión establecida
2025-10-05 20:00:31,283 - __main__ - INFO - 64 - Creando ventana principal
2025-10-05 20:00:31,284 - ui.main_window - INFO - 34 - Creando widgets en MainWindow
2025-10-05 20:00:31,286 - ui.main_window - INFO - 62 - --- CREANDO PÁGINA REVISTAS ---
2025-10-05 20:00:31,327 - ui.main_window - INFO - 229 - --- FINALIZADA PÁGINA REVISTAS ---
2025-10-05 20:00:31,327 - ui.main_window - INFO - 235 - --- CREANDO PÁGINA AUTORES ---
2025-10-05 20:00:31,339 - ui.main_window - INFO - 357 - --- FINALIZADA PÁGINA AUTORES ---
2025-10-05 20:00:31,339 - ui.main_window - INFO - 362 - --- CREANDO PÁGINA TEMAS ---
2025-10-05 20:00:31,349 - ui.main_window - INFO - 423 - --- FINALIZADA PÁGINA TEMAS ---
2025-10-05 20:00:31,349 - ui.main_window - INFO - 428 - --- CREANDO PÁGINA ANALISIS ---
2025-10-05 20:00:31,360 - ui.main_window - INFO - 492 - --- FINALIZADA PÁGINA ANALISIS ---
2025-10-05 20:00:31,360 - ui.main_window - INFO - 494 - --- INICIO PROCEDIMIENTOS INCIALES ---
2025-10-05 20:00:31,360 - ui.main_window - INFO - 496 - --- FIN DE MAIN WINDOW ---
2025-10-05 20:00:31,723 - __main__ - INFO - 72 - Ventana principal mostrada - Se inicia Main loop
2025-10-05 20:02:09,176 - database.connection - INFO - 37 - Conexión cerrada
2025-10-05 20:02:09,177 - __main__ - INFO - 77 - === Aplicación finalizada correctamente ===
2025-10-05 20:02:12,987 - __main__ - INFO - 56 - === Iniciando la aplicación ===
2025-10-05 20:02:12,987 - __main__ - INFO - 28 - Iniciando configuración de la aplicación El Porteño - Index
- Versión: 3.0.0
2025-10-05 20:02:13,072 - database.connection - INFO - 26 - Conexión establecida
2025-10-05 20:02:13,073 - __main__ - INFO - 64 - Creando ventana principal
2025-10-05 20:02:13,074 - ui.main_window - INFO - 34 - Creando widgets en MainWindow
2025-10-05 20:02:13,076 - ui.main_window - INFO - 62 - --- CREANDO PÁGINA REVISTAS ---
2025-10-05 20:02:13,138 - ui.main_window - INFO - 229 - --- FINALIZADA PÁGINA REVISTAS ---
2025-10-05 20:02:13,138 - ui.main_window - INFO - 235 - --- CREANDO PÁGINA AUTORES ---
2025-10-05 20:02:13,153 - ui.main_window - INFO - 357 - --- FINALIZADA PÁGINA AUTORES ---
2025-10-05 20:02:13,154 - ui.main_window - INFO - 362 - --- CREANDO PÁGINA TEMAS ---
2025-10-05 20:02:13,165 - ui.main_window - INFO - 423 - --- FINALIZADA PÁGINA TEMAS ---
2025-10-05 20:02:13,166 - ui.main_window - INFO - 428 - --- CREANDO PÁGINA ANALISIS ---
2025-10-05 20:02:13,174 - ui.main_window - INFO - 492 - --- FINALIZADA PÁGINA ANALISIS ---
2025-10-05 20:02:13,174 - ui.main_window - INFO - 494 - --- INICIO PROCEDIMIENTOS INCIALES ---
2025-10-05 20:02:13,174 - ui.main_window - INFO - 496 - --- FIN DE MAIN WINDOW ---
2025-10-05 20:02:13,510 - __main__ - INFO - 72 - Ventana principal mostrada - Se inicia Main loop
2025-10-05 20:02:28,072 - database.connection - INFO - 37 - Conexión cerrada
2025-10-05 20:02:28,074 - __main__ - INFO - 77 - === Aplicación finalizada correctamente ===
2025-10-05 20:03:19,802 - __main__ - INFO - 56 - === Iniciando la aplicación ===
2025-10-05 20:03:19,803 - __main__ - INFO - 28 - Iniciando configuración de la aplicación El Porteño - Index
- Versión: 3.0.0
2025-10-05 20:03:19,871 - database.connection - INFO - 26 - Conexión establecida
2025-10-05 20:03:19,871 - __main__ - INFO - 64 - Creando ventana principal
2025-10-05 20:03:19,873 - ui.main_window - INFO - 34 - Creando widgets en MainWindow
2025-10-05 20:03:19,874 - ui.main_window - INFO - 62 - --- CREANDO PÁGINA REVISTAS ---
2025-10-05 20:03:19,904 - ui.main_window - INFO - 229 - --- FINALIZADA PÁGINA REVISTAS ---
2025-10-05 20:03:19,904 - ui.main_window - INFO - 235 - --- CREANDO PÁGINA AUTORES ---
2025-10-05 20:03:19,911 - ui.main_window - INFO - 357 - --- FINALIZADA PÁGINA AUTORES ---
2025-10-05 20:03:19,911 - ui.main_window - INFO - 362 - --- CREANDO PÁGINA TEMAS ---
2025-10-05 20:03:19,916 - ui.main_window - INFO - 423 - --- FINALIZADA PÁGINA TEMAS ---
2025-10-05 20:03:19,916 - ui.main_window - INFO - 428 - --- CREANDO PÁGINA ANALISIS ---
2025-10-05 20:03:19,923 - ui.main_window - INFO - 492 - --- FINALIZADA PÁGINA ANALISIS ---
2025-10-05 20:03:19,923 - ui.main_window - INFO - 494 - --- INICIO PROCEDIMIENTOS INCIALES ---
2025-10-05 20:03:19,923 - ui.main_window - INFO - 496 - --- FIN DE MAIN WINDOW ---
2025-10-05 20:03:20,237 - __main__ - INFO - 72 - Ventana principal mostrada - Se inicia Main loop
2025-10-05 20:03:25,338 - database.connection - INFO - 37 - Conexión cerrada
2025-10-05 20:03:25,340 - __main__ - INFO - 77 - === Aplicación finalizada correctamente ===
2025-10-05 20:03:39,708 - __main__ - INFO - 56 - === Iniciando la aplicación ===
2025-10-05 20:03:39,708 - __main__ - INFO - 28 - Iniciando configuración de la aplicación El Porteño - Index
- Versión: 3.0.0
2025-10-05 20:03:39,776 - database.connection - INFO - 26 - Conexión establecida
2025-10-05 20:03:39,776 - __main__ - INFO - 64 - Creando ventana principal
2025-10-05 20:03:39,777 - ui.main_window - INFO - 34 - Creando widgets en MainWindow
2025-10-05 20:03:39,778 - ui.main_window - INFO - 62 - --- CREANDO PÁGINA REVISTAS ---
2025-10-05 20:03:39,808 - ui.main_window - INFO - 229 - --- FINALIZADA PÁGINA REVISTAS ---
2025-10-05 20:03:39,808 - ui.main_window - INFO - 235 - --- CREANDO PÁGINA AUTORES ---
2025-10-05 20:03:39,816 - ui.main_window - INFO - 357 - --- FINALIZADA PÁGINA AUTORES ---
2025-10-05 20:03:39,816 - ui.main_window - INFO - 362 - --- CREANDO PÁGINA TEMAS ---
2025-10-05 20:03:39,821 - ui.main_window - INFO - 423 - --- FINALIZADA PÁGINA TEMAS ---
2025-10-05 20:03:39,821 - ui.main_window - INFO - 428 - --- CREANDO PÁGINA ANALISIS ---
2025-10-05 20:03:39,828 - ui.main_window - INFO - 492 - --- FINALIZADA PÁGINA ANALISIS ---
2025-10-05 20:03:39,828 - ui.main_window - INFO - 494 - --- INICIO PROCEDIMIENTOS INCIALES ---
2025-10-05 20:03:39,828 - ui.main_window - INFO - 496 - --- FIN DE MAIN WINDOW ---
2025-10-05 20:03:40,112 - __main__ - INFO - 72 - Ventana principal mostrada - Se inicia Main loop
2025-10-05 20:03:50,484 - database.connection - INFO - 37 - Conexión cerrada
2025-10-05 20:03:50,486 - __main__ - INFO - 77 - === Aplicación finalizada correctamente ===
2025-10-05 20:11:01,861 - __main__ - INFO - 56 - === Iniciando la aplicación ===
2025-10-05 20:11:01,861 - __main__ - INFO - 28 - Iniciando configuración de la aplicación El Porteño - Index
- Versión: 3.0.0
2025-10-05 20:11:01,934 - database.connection - INFO - 26 - Conexión establecida
2025-10-05 20:11:01,934 - __main__ - INFO - 64 - Creando ventana principal
2025-10-05 20:11:01,935 - ui.main_window - INFO - 34 - Creando widgets en MainWindow
2025-10-05 20:11:01,935 - ui.main_window - INFO - 62 - --- CREANDO PÁGINA REVISTAS ---
2025-10-05 20:11:01,963 - ui.main_window - INFO - 229 - --- FINALIZADA PÁGINA REVISTAS ---
2025-10-05 20:11:01,963 - ui.main_window - INFO - 235 - --- CREANDO PÁGINA AUTORES ---
2025-10-05 20:11:01,970 - ui.main_window - INFO - 357 - --- FINALIZADA PÁGINA AUTORES ---
2025-10-05 20:11:01,970 - ui.main_window - INFO - 362 - --- CREANDO PÁGINA TEMAS ---
2025-10-05 20:11:01,976 - ui.main_window - INFO - 423 - --- FINALIZADA PÁGINA TEMAS ---
2025-10-05 20:11:01,976 - ui.main_window - INFO - 428 - --- CREANDO PÁGINA ANALISIS ---
2025-10-05 20:11:01,982 - ui.main_window - INFO - 492 - --- FINALIZADA PÁGINA ANALISIS ---
2025-10-05 20:11:01,982 - ui.main_window - INFO - 494 - --- INICIO PROCEDIMIENTOS INCIALES ---
2025-10-05 20:11:01,983 - ui.main_window - INFO - 496 - --- FIN DE MAIN WINDOW ---
2025-10-05 20:11:02,310 - __main__ - INFO - 72 - Ventana principal mostrada - Se inicia Main loop
2025-10-05 20:11:58,613 - database.connection - INFO - 37 - Conexión cerrada
2025-10-05 20:11:58,615 - __main__ - INFO - 77 - === Aplicación finalizada correctamente ===
2025-10-05 20:13:09,251 - __main__ - INFO - 56 - === Iniciando la aplicación ===
2025-10-05 20:13:09,251 - __main__ - INFO - 28 - Iniciando configuración de la aplicación El Porteño - Index
- Versión: 3.0.0
2025-10-05 20:13:09,317 - database.connection - INFO - 26 - Conexión establecida
2025-10-05 20:13:09,317 - __main__ - INFO - 64 - Creando ventana principal
2025-10-05 20:13:09,318 - ui.main_window - INFO - 34 - Creando widgets en MainWindow
2025-10-05 20:13:09,319 - ui.main_window - INFO - 62 - --- CREANDO PÁGINA REVISTAS ---
2025-10-05 20:13:09,347 - ui.main_window - INFO - 229 - --- FINALIZADA PÁGINA REVISTAS ---
2025-10-05 20:13:09,347 - ui.main_window - INFO - 235 - --- CREANDO PÁGINA AUTORES ---
2025-10-05 20:13:09,354 - ui.main_window - INFO - 357 - --- FINALIZADA PÁGINA AUTORES ---
2025-10-05 20:13:09,354 - ui.main_window - INFO - 362 - --- CREANDO PÁGINA TEMAS ---
2025-10-05 20:13:09,360 - ui.main_window - INFO - 423 - --- FINALIZADA PÁGINA TEMAS ---
2025-10-05 20:13:09,360 - ui.main_window - INFO - 428 - --- CREANDO PÁGINA ANALISIS ---
2025-10-05 20:13:09,366 - ui.main_window - INFO - 492 - --- FINALIZADA PÁGINA ANALISIS ---
2025-10-05 20:13:09,366 - ui.main_window - INFO - 494 - --- INICIO PROCEDIMIENTOS INCIALES ---
2025-10-05 20:13:09,366 - ui.main_window - INFO - 496 - --- FIN DE MAIN WINDOW ---
2025-10-05 20:13:09,644 - __main__ - INFO - 72 - Ventana principal mostrada - Se inicia Main loop
2025-10-05 20:13:24,971 - database.connection - INFO - 37 - Conexión cerrada
2025-10-05 20:13:24,973 - __main__ - INFO - 77 - === Aplicación finalizada correctamente ===
2025-10-05 21:31:24,278 - __main__ - INFO - 56 - === Iniciando la aplicación ===
2025-10-05 21:31:24,278 - __main__ - INFO - 28 - Iniciando configuración de la aplicación El Porteño - Index
- Versión: 3.0.0
2025-10-05 21:31:24,349 - database.connection - INFO - 26 - Conexión establecida
2025-10-05 21:31:24,349 - __main__ - INFO - 64 - Creando ventana principal
2025-10-05 21:31:24,350 - ui.main_window - INFO - 34 - Creando widgets en MainWindow
2025-10-05 21:31:24,351 - ui.main_window - INFO - 62 - --- CREANDO PÁGINA REVISTAS ---
2025-10-05 21:31:24,381 - ui.main_window - INFO - 229 - --- FINALIZADA PÁGINA REVISTAS ---
2025-10-05 21:31:24,382 - ui.main_window - INFO - 235 - --- CREANDO PÁGINA AUTORES ---
2025-10-05 21:31:24,396 - ui.main_window - INFO - 357 - --- FINALIZADA PÁGINA AUTORES ---
2025-10-05 21:31:24,396 - ui.main_window - INFO - 362 - --- CREANDO PÁGINA TEMAS ---
2025-10-05 21:31:24,409 - ui.main_window - INFO - 423 - --- FINALIZADA PÁGINA TEMAS ---
2025-10-05 21:31:24,409 - ui.main_window - INFO - 428 - --- CREANDO PÁGINA ANALISIS ---
2025-10-05 21:31:24,422 - ui.main_window - INFO - 492 - --- FINALIZADA PÁGINA ANALISIS ---
2025-10-05 21:31:24,422 - ui.main_window - INFO - 494 - --- INICIO PROCEDIMIENTOS INCIALES ---
2025-10-05 21:31:24,422 - ui.main_window - INFO - 496 - --- FIN DE MAIN WINDOW ---
2025-10-05 21:31:24,750 - __main__ - INFO - 72 - Ventana principal mostrada - Se inicia Main loop
2025-10-05 21:31:25,936 - __main__ - ERROR - 49 - Excepción no manejada:
Traceback (most recent call last):
  File "/home/luc/Documents/10_Archivo/Revistas/El Porteño/ui/main_window.py", line 980, in bt_cartas_en_revista_clicked
    window_correo = DialogCorreo(self.app_state)
                    ^^^^^^^^^^^^^^^^^^^^^^^^^^^^
  File "/home/luc/Documents/10_Archivo/Revistas/El Porteño/ui/dialogs.py", line 23, in __init__
    self._iniciar()
  File "/home/luc/Documents/10_Archivo/Revistas/El Porteño/ui/dialogs.py", line 148, in _iniciar
    self.actalizar_label_grupo_analisis()
    ^^^^^^^^^^^^^^^^^^^^^^^^^^^^^^^^^^^
AttributeError: 'DialogCorreo' object has no attribute 'actalizar_label_grupo_analisis'. Did you mean: 'actualizar_lb_grupo_analisis'?
2025-10-05 21:34:00,582 - __main__ - INFO - 56 - === Iniciando la aplicación ===
2025-10-05 21:34:00,582 - __main__ - INFO - 28 - Iniciando configuración de la aplicación El Porteño - Index
- Versión: 3.0.0
2025-10-05 21:34:00,648 - database.connection - INFO - 26 - Conexión establecida
2025-10-05 21:34:00,648 - __main__ - INFO - 64 - Creando ventana principal
2025-10-05 21:34:00,649 - ui.main_window - INFO - 34 - Creando widgets en MainWindow
2025-10-05 21:34:00,650 - ui.main_window - INFO - 62 - --- CREANDO PÁGINA REVISTAS ---
2025-10-05 21:34:00,677 - ui.main_window - INFO - 229 - --- FINALIZADA PÁGINA REVISTAS ---
2025-10-05 21:34:00,677 - ui.main_window - INFO - 235 - --- CREANDO PÁGINA AUTORES ---
2025-10-05 21:34:00,684 - ui.main_window - INFO - 357 - --- FINALIZADA PÁGINA AUTORES ---
2025-10-05 21:34:00,684 - ui.main_window - INFO - 362 - --- CREANDO PÁGINA TEMAS ---
2025-10-05 21:34:00,691 - ui.main_window - INFO - 423 - --- FINALIZADA PÁGINA TEMAS ---
2025-10-05 21:34:00,691 - ui.main_window - INFO - 428 - --- CREANDO PÁGINA ANALISIS ---
2025-10-05 21:34:00,698 - ui.main_window - INFO - 492 - --- FINALIZADA PÁGINA ANALISIS ---
2025-10-05 21:34:00,698 - ui.main_window - INFO - 494 - --- INICIO PROCEDIMIENTOS INCIALES ---
2025-10-05 21:34:00,698 - ui.main_window - INFO - 496 - --- FIN DE MAIN WINDOW ---
2025-10-05 21:34:00,982 - __main__ - INFO - 72 - Ventana principal mostrada - Se inicia Main loop
2025-10-05 21:34:02,141 - __main__ - ERROR - 49 - Excepción no manejada:
Traceback (most recent call last):
  File "/home/luc/Documents/10_Archivo/Revistas/El Porteño/ui/main_window.py", line 980, in bt_cartas_en_revista_clicked
    window_correo = DialogCorreo(self.app_state)
                    ^^^^^^^^^^^^^^^^^^^^^^^^^^^^
  File "/home/luc/Documents/10_Archivo/Revistas/El Porteño/ui/dialogs.py", line 23, in __init__
    self._iniciar()
  File "/home/luc/Documents/10_Archivo/Revistas/El Porteño/ui/dialogs.py", line 147, in _iniciar
    self.cargar_carta_en_widgets(carta)
  File "/home/luc/Documents/10_Archivo/Revistas/El Porteño/ui/dialogs.py", line 183, in cargar_carta_en_widgets
    self.actualizar_lb_grupo_analisis(carta.id)
TypeError: DialogCorreo.actualizar_lb_grupo_analisis() takes 1 positional argument but 2 were given
2025-10-05 21:36:42,447 - __main__ - INFO - 56 - === Iniciando la aplicación ===
2025-10-05 21:36:42,447 - __main__ - INFO - 28 - Iniciando configuración de la aplicación El Porteño - Index
- Versión: 3.0.0
2025-10-05 21:36:42,515 - database.connection - INFO - 26 - Conexión establecida
2025-10-05 21:36:42,516 - __main__ - INFO - 64 - Creando ventana principal
2025-10-05 21:36:42,517 - ui.main_window - INFO - 34 - Creando widgets en MainWindow
2025-10-05 21:36:42,517 - ui.main_window - INFO - 62 - --- CREANDO PÁGINA REVISTAS ---
2025-10-05 21:36:42,556 - ui.main_window - INFO - 229 - --- FINALIZADA PÁGINA REVISTAS ---
2025-10-05 21:36:42,556 - ui.main_window - INFO - 235 - --- CREANDO PÁGINA AUTORES ---
2025-10-05 21:36:42,565 - ui.main_window - INFO - 357 - --- FINALIZADA PÁGINA AUTORES ---
2025-10-05 21:36:42,565 - ui.main_window - INFO - 362 - --- CREANDO PÁGINA TEMAS ---
2025-10-05 21:36:42,570 - ui.main_window - INFO - 423 - --- FINALIZADA PÁGINA TEMAS ---
2025-10-05 21:36:42,570 - ui.main_window - INFO - 428 - --- CREANDO PÁGINA ANALISIS ---
2025-10-05 21:36:42,577 - ui.main_window - INFO - 492 - --- FINALIZADA PÁGINA ANALISIS ---
2025-10-05 21:36:42,577 - ui.main_window - INFO - 494 - --- INICIO PROCEDIMIENTOS INCIALES ---
2025-10-05 21:36:42,577 - ui.main_window - INFO - 496 - --- FIN DE MAIN WINDOW ---
2025-10-05 21:36:42,867 - __main__ - INFO - 72 - Ventana principal mostrada - Se inicia Main loop
2025-10-05 21:36:44,591 - __main__ - ERROR - 49 - Excepción no manejada:
Traceback (most recent call last):
  File "/home/luc/Documents/10_Archivo/Revistas/El Porteño/ui/main_window.py", line 980, in bt_cartas_en_revista_clicked
    window_correo = DialogCorreo(self.app_state)
                    ^^^^^^^^^^^^^^^^^^^^^^^^^^^^
  File "/home/luc/Documents/10_Archivo/Revistas/El Porteño/ui/dialogs.py", line 23, in __init__
    self._iniciar()
  File "/home/luc/Documents/10_Archivo/Revistas/El Porteño/ui/dialogs.py", line 147, in _iniciar
    self.cargar_carta_en_widgets(carta)
  File "/home/luc/Documents/10_Archivo/Revistas/El Porteño/ui/dialogs.py", line 183, in cargar_carta_en_widgets
    self.actualizar_lb_grupo_analisis(carta.id)
TypeError: DialogCorreo.actualizar_lb_grupo_analisis() takes 1 positional argument but 2 were given
2025-10-05 21:37:19,834 - __main__ - INFO - 56 - === Iniciando la aplicación ===
2025-10-05 21:37:19,834 - __main__ - INFO - 28 - Iniciando configuración de la aplicación El Porteño - Index
- Versión: 3.0.0
2025-10-05 21:37:19,902 - database.connection - INFO - 26 - Conexión establecida
2025-10-05 21:37:19,902 - __main__ - INFO - 64 - Creando ventana principal
2025-10-05 21:37:19,903 - ui.main_window - INFO - 34 - Creando widgets en MainWindow
2025-10-05 21:37:19,904 - ui.main_window - INFO - 62 - --- CREANDO PÁGINA REVISTAS ---
2025-10-05 21:37:19,931 - ui.main_window - INFO - 229 - --- FINALIZADA PÁGINA REVISTAS ---
2025-10-05 21:37:19,931 - ui.main_window - INFO - 235 - --- CREANDO PÁGINA AUTORES ---
2025-10-05 21:37:19,938 - ui.main_window - INFO - 357 - --- FINALIZADA PÁGINA AUTORES ---
2025-10-05 21:37:19,939 - ui.main_window - INFO - 362 - --- CREANDO PÁGINA TEMAS ---
2025-10-05 21:37:19,944 - ui.main_window - INFO - 423 - --- FINALIZADA PÁGINA TEMAS ---
2025-10-05 21:37:19,944 - ui.main_window - INFO - 428 - --- CREANDO PÁGINA ANALISIS ---
2025-10-05 21:37:19,951 - ui.main_window - INFO - 492 - --- FINALIZADA PÁGINA ANALISIS ---
2025-10-05 21:37:19,951 - ui.main_window - INFO - 494 - --- INICIO PROCEDIMIENTOS INCIALES ---
2025-10-05 21:37:19,951 - ui.main_window - INFO - 496 - --- FIN DE MAIN WINDOW ---
2025-10-05 21:37:20,233 - __main__ - INFO - 72 - Ventana principal mostrada - Se inicia Main loop
2025-10-05 21:37:21,234 - __main__ - ERROR - 49 - Excepción no manejada:
Traceback (most recent call last):
  File "/home/luc/Documents/10_Archivo/Revistas/El Porteño/ui/main_window.py", line 980, in bt_cartas_en_revista_clicked
    window_correo = DialogCorreo(self.app_state)
                    ^^^^^^^^^^^^^^^^^^^^^^^^^^^^
  File "/home/luc/Documents/10_Archivo/Revistas/El Porteño/ui/dialogs.py", line 23, in __init__
    self._iniciar()
  File "/home/luc/Documents/10_Archivo/Revistas/El Porteño/ui/dialogs.py", line 148, in _iniciar
    self.actualizar_label_grupo_analisis()
    ^^^^^^^^^^^^^^^^^^^^^^^^^^^^^^^^^^^^
AttributeError: 'DialogCorreo' object has no attribute 'actualizar_label_grupo_analisis'. Did you mean: 'actualizar_lb_grupo_analisis'?
2025-10-05 21:37:54,777 - __main__ - INFO - 56 - === Iniciando la aplicación ===
2025-10-05 21:37:54,777 - __main__ - INFO - 28 - Iniciando configuración de la aplicación El Porteño - Index
- Versión: 3.0.0
2025-10-05 21:37:54,856 - database.connection - INFO - 26 - Conexión establecida
2025-10-05 21:37:54,856 - __main__ - INFO - 64 - Creando ventana principal
2025-10-05 21:37:54,857 - ui.main_window - INFO - 34 - Creando widgets en MainWindow
2025-10-05 21:37:54,858 - ui.main_window - INFO - 62 - --- CREANDO PÁGINA REVISTAS ---
2025-10-05 21:37:54,891 - ui.main_window - INFO - 229 - --- FINALIZADA PÁGINA REVISTAS ---
2025-10-05 21:37:54,891 - ui.main_window - INFO - 235 - --- CREANDO PÁGINA AUTORES ---
2025-10-05 21:37:54,898 - ui.main_window - INFO - 357 - --- FINALIZADA PÁGINA AUTORES ---
2025-10-05 21:37:54,898 - ui.main_window - INFO - 362 - --- CREANDO PÁGINA TEMAS ---
2025-10-05 21:37:54,904 - ui.main_window - INFO - 423 - --- FINALIZADA PÁGINA TEMAS ---
2025-10-05 21:37:54,904 - ui.main_window - INFO - 428 - --- CREANDO PÁGINA ANALISIS ---
2025-10-05 21:37:54,912 - ui.main_window - INFO - 492 - --- FINALIZADA PÁGINA ANALISIS ---
2025-10-05 21:37:54,912 - ui.main_window - INFO - 494 - --- INICIO PROCEDIMIENTOS INCIALES ---
2025-10-05 21:37:54,912 - ui.main_window - INFO - 496 - --- FIN DE MAIN WINDOW ---
2025-10-05 21:37:55,201 - __main__ - INFO - 72 - Ventana principal mostrada - Se inicia Main loop
2025-10-05 21:38:19,475 - database.connection - INFO - 37 - Conexión cerrada
2025-10-05 21:38:19,476 - __main__ - INFO - 77 - === Aplicación finalizada correctamente ===
2025-10-05 21:39:07,344 - __main__ - INFO - 56 - === Iniciando la aplicación ===
2025-10-05 21:39:07,345 - __main__ - INFO - 28 - Iniciando configuración de la aplicación El Porteño - Index
- Versión: 3.0.0
2025-10-05 21:39:07,437 - database.connection - INFO - 26 - Conexión establecida
2025-10-05 21:39:07,437 - __main__ - INFO - 64 - Creando ventana principal
2025-10-05 21:39:07,439 - ui.main_window - INFO - 34 - Creando widgets en MainWindow
2025-10-05 21:39:07,441 - ui.main_window - INFO - 62 - --- CREANDO PÁGINA REVISTAS ---
2025-10-05 21:39:07,499 - ui.main_window - INFO - 229 - --- FINALIZADA PÁGINA REVISTAS ---
2025-10-05 21:39:07,499 - ui.main_window - INFO - 235 - --- CREANDO PÁGINA AUTORES ---
2025-10-05 21:39:07,511 - ui.main_window - INFO - 357 - --- FINALIZADA PÁGINA AUTORES ---
2025-10-05 21:39:07,511 - ui.main_window - INFO - 362 - --- CREANDO PÁGINA TEMAS ---
2025-10-05 21:39:07,519 - ui.main_window - INFO - 423 - --- FINALIZADA PÁGINA TEMAS ---
2025-10-05 21:39:07,519 - ui.main_window - INFO - 428 - --- CREANDO PÁGINA ANALISIS ---
2025-10-05 21:39:07,526 - ui.main_window - INFO - 492 - --- FINALIZADA PÁGINA ANALISIS ---
2025-10-05 21:39:07,526 - ui.main_window - INFO - 494 - --- INICIO PROCEDIMIENTOS INCIALES ---
2025-10-05 21:39:07,526 - ui.main_window - INFO - 496 - --- FIN DE MAIN WINDOW ---
2025-10-05 21:39:07,828 - __main__ - INFO - 72 - Ventana principal mostrada - Se inicia Main loop
2025-10-05 21:39:27,460 - database.connection - INFO - 37 - Conexión cerrada
2025-10-05 21:39:27,462 - __main__ - INFO - 77 - === Aplicación finalizada correctamente ===
2025-10-05 21:43:46,747 - __main__ - INFO - 56 - === Iniciando la aplicación ===
2025-10-05 21:43:46,747 - __main__ - INFO - 28 - Iniciando configuración de la aplicación El Porteño - Index
- Versión: 3.0.0
2025-10-05 21:43:46,820 - database.connection - INFO - 26 - Conexión establecida
2025-10-05 21:43:46,820 - __main__ - INFO - 64 - Creando ventana principal
2025-10-05 21:43:46,821 - ui.main_window - INFO - 34 - Creando widgets en MainWindow
2025-10-05 21:43:46,822 - ui.main_window - INFO - 62 - --- CREANDO PÁGINA REVISTAS ---
2025-10-05 21:43:46,849 - ui.main_window - INFO - 229 - --- FINALIZADA PÁGINA REVISTAS ---
2025-10-05 21:43:46,850 - ui.main_window - INFO - 235 - --- CREANDO PÁGINA AUTORES ---
2025-10-05 21:43:46,857 - ui.main_window - INFO - 357 - --- FINALIZADA PÁGINA AUTORES ---
2025-10-05 21:43:46,857 - ui.main_window - INFO - 362 - --- CREANDO PÁGINA TEMAS ---
2025-10-05 21:43:46,862 - ui.main_window - INFO - 423 - --- FINALIZADA PÁGINA TEMAS ---
2025-10-05 21:43:46,862 - ui.main_window - INFO - 428 - --- CREANDO PÁGINA ANALISIS ---
2025-10-05 21:43:46,869 - ui.main_window - INFO - 492 - --- FINALIZADA PÁGINA ANALISIS ---
2025-10-05 21:43:46,870 - ui.main_window - INFO - 494 - --- INICIO PROCEDIMIENTOS INCIALES ---
2025-10-05 21:43:46,870 - ui.main_window - INFO - 496 - --- FIN DE MAIN WINDOW ---
2025-10-05 21:43:47,152 - __main__ - INFO - 72 - Ventana principal mostrada - Se inicia Main loop
2025-10-05 21:44:14,084 - database.connection - INFO - 37 - Conexión cerrada
2025-10-05 21:44:14,086 - __main__ - INFO - 77 - === Aplicación finalizada correctamente ===
2025-10-05 22:14:49,360 - __main__ - INFO - 56 - === Iniciando la aplicación ===
2025-10-05 22:14:49,360 - __main__ - INFO - 28 - Iniciando configuración de la aplicación El Porteño - Index
- Versión: 3.0.0
2025-10-05 22:14:49,429 - database.connection - INFO - 26 - Conexión establecida
2025-10-05 22:14:49,429 - __main__ - INFO - 64 - Creando ventana principal
2025-10-05 22:14:49,430 - ui.main_window - INFO - 34 - Creando widgets en MainWindow
2025-10-05 22:14:49,431 - ui.main_window - INFO - 62 - --- CREANDO PÁGINA REVISTAS ---
2025-10-05 22:14:49,458 - ui.main_window - INFO - 229 - --- FINALIZADA PÁGINA REVISTAS ---
2025-10-05 22:14:49,458 - ui.main_window - INFO - 235 - --- CREANDO PÁGINA AUTORES ---
2025-10-05 22:14:49,465 - ui.main_window - INFO - 357 - --- FINALIZADA PÁGINA AUTORES ---
2025-10-05 22:14:49,465 - ui.main_window - INFO - 362 - --- CREANDO PÁGINA TEMAS ---
2025-10-05 22:14:49,470 - ui.main_window - INFO - 423 - --- FINALIZADA PÁGINA TEMAS ---
2025-10-05 22:14:49,470 - ui.main_window - INFO - 428 - --- CREANDO PÁGINA ANALISIS ---
2025-10-05 22:14:49,477 - ui.main_window - INFO - 492 - --- FINALIZADA PÁGINA ANALISIS ---
2025-10-05 22:14:49,477 - ui.main_window - INFO - 494 - --- INICIO PROCEDIMIENTOS INCIALES ---
2025-10-05 22:14:49,477 - ui.main_window - INFO - 496 - --- FIN DE MAIN WINDOW ---
2025-10-05 22:14:49,858 - __main__ - INFO - 72 - Ventana principal mostrada - Se inicia Main loop
2025-10-05 22:14:53,907 - __main__ - ERROR - 49 - Excepción no manejada:
Traceback (most recent call last):
  File "/home/luc/Documents/10_Archivo/Revistas/El Porteño/ui/dialogs.py", line 283, in bt_bar_posterior_clicked
    self.clear_widgets()
  File "/home/luc/Documents/10_Archivo/Revistas/El Porteño/ui/dialogs.py", line 198, in clear_widgets
    self.lb_cartas_analisis.set_text8("")
    ^^^^^^^^^^^^^^^^^^^^^^^^^^^^^^^^^
AttributeError: 'Label' object has no attribute 'set_text8'. Did you mean: 'set_text'?
2025-10-05 22:15:17,459 - __main__ - INFO - 56 - === Iniciando la aplicación ===
2025-10-05 22:15:17,459 - __main__ - INFO - 28 - Iniciando configuración de la aplicación El Porteño - Index
- Versión: 3.0.0
2025-10-05 22:15:17,537 - database.connection - INFO - 26 - Conexión establecida
2025-10-05 22:15:17,538 - __main__ - INFO - 64 - Creando ventana principal
2025-10-05 22:15:17,538 - ui.main_window - INFO - 34 - Creando widgets en MainWindow
2025-10-05 22:15:17,539 - ui.main_window - INFO - 62 - --- CREANDO PÁGINA REVISTAS ---
2025-10-05 22:15:17,568 - ui.main_window - INFO - 229 - --- FINALIZADA PÁGINA REVISTAS ---
2025-10-05 22:15:17,569 - ui.main_window - INFO - 235 - --- CREANDO PÁGINA AUTORES ---
2025-10-05 22:15:17,576 - ui.main_window - INFO - 357 - --- FINALIZADA PÁGINA AUTORES ---
2025-10-05 22:15:17,576 - ui.main_window - INFO - 362 - --- CREANDO PÁGINA TEMAS ---
2025-10-05 22:15:17,582 - ui.main_window - INFO - 423 - --- FINALIZADA PÁGINA TEMAS ---
2025-10-05 22:15:17,582 - ui.main_window - INFO - 428 - --- CREANDO PÁGINA ANALISIS ---
2025-10-05 22:15:17,590 - ui.main_window - INFO - 492 - --- FINALIZADA PÁGINA ANALISIS ---
2025-10-05 22:15:17,590 - ui.main_window - INFO - 494 - --- INICIO PROCEDIMIENTOS INCIALES ---
2025-10-05 22:15:17,590 - ui.main_window - INFO - 496 - --- FIN DE MAIN WINDOW ---
2025-10-05 22:15:17,906 - __main__ - INFO - 72 - Ventana principal mostrada - Se inicia Main loop
2025-10-05 22:15:38,384 - database.connection - INFO - 37 - Conexión cerrada
2025-10-05 22:15:38,386 - __main__ - INFO - 77 - === Aplicación finalizada correctamente ===
2025-10-05 22:16:11,591 - __main__ - INFO - 56 - === Iniciando la aplicación ===
2025-10-05 22:16:11,591 - __main__ - INFO - 28 - Iniciando configuración de la aplicación El Porteño - Index
- Versión: 3.0.0
2025-10-05 22:16:11,659 - database.connection - INFO - 26 - Conexión establecida
2025-10-05 22:16:11,659 - __main__ - INFO - 64 - Creando ventana principal
2025-10-05 22:16:11,661 - ui.main_window - INFO - 34 - Creando widgets en MainWindow
2025-10-05 22:16:11,662 - ui.main_window - INFO - 62 - --- CREANDO PÁGINA REVISTAS ---
2025-10-05 22:16:11,690 - ui.main_window - INFO - 229 - --- FINALIZADA PÁGINA REVISTAS ---
2025-10-05 22:16:11,690 - ui.main_window - INFO - 235 - --- CREANDO PÁGINA AUTORES ---
2025-10-05 22:16:11,698 - ui.main_window - INFO - 357 - --- FINALIZADA PÁGINA AUTORES ---
2025-10-05 22:16:11,698 - ui.main_window - INFO - 362 - --- CREANDO PÁGINA TEMAS ---
2025-10-05 22:16:11,704 - ui.main_window - INFO - 423 - --- FINALIZADA PÁGINA TEMAS ---
2025-10-05 22:16:11,704 - ui.main_window - INFO - 428 - --- CREANDO PÁGINA ANALISIS ---
2025-10-05 22:16:11,712 - ui.main_window - INFO - 492 - --- FINALIZADA PÁGINA ANALISIS ---
2025-10-05 22:16:11,712 - ui.main_window - INFO - 494 - --- INICIO PROCEDIMIENTOS INCIALES ---
2025-10-05 22:16:11,712 - ui.main_window - INFO - 496 - --- FIN DE MAIN WINDOW ---
2025-10-05 22:16:12,127 - __main__ - INFO - 72 - Ventana principal mostrada - Se inicia Main loop
2025-10-05 22:17:00,865 - __main__ - INFO - 56 - === Iniciando la aplicación ===
2025-10-05 22:17:00,865 - __main__ - INFO - 28 - Iniciando configuración de la aplicación El Porteño - Index
- Versión: 3.0.0
2025-10-05 22:17:00,943 - database.connection - INFO - 26 - Conexión establecida
2025-10-05 22:17:00,944 - __main__ - INFO - 64 - Creando ventana principal
2025-10-05 22:17:00,945 - ui.main_window - INFO - 34 - Creando widgets en MainWindow
2025-10-05 22:17:00,947 - ui.main_window - INFO - 62 - --- CREANDO PÁGINA REVISTAS ---
2025-10-05 22:17:00,999 - ui.main_window - INFO - 229 - --- FINALIZADA PÁGINA REVISTAS ---
2025-10-05 22:17:00,999 - ui.main_window - INFO - 235 - --- CREANDO PÁGINA AUTORES ---
2025-10-05 22:17:01,013 - ui.main_window - INFO - 357 - --- FINALIZADA PÁGINA AUTORES ---
2025-10-05 22:17:01,013 - ui.main_window - INFO - 362 - --- CREANDO PÁGINA TEMAS ---
2025-10-05 22:17:01,020 - ui.main_window - INFO - 423 - --- FINALIZADA PÁGINA TEMAS ---
2025-10-05 22:17:01,020 - ui.main_window - INFO - 428 - --- CREANDO PÁGINA ANALISIS ---
2025-10-05 22:17:01,027 - ui.main_window - INFO - 492 - --- FINALIZADA PÁGINA ANALISIS ---
2025-10-05 22:17:01,027 - ui.main_window - INFO - 494 - --- INICIO PROCEDIMIENTOS INCIALES ---
2025-10-05 22:17:01,027 - ui.main_window - INFO - 496 - --- FIN DE MAIN WINDOW ---
2025-10-05 22:17:01,316 - __main__ - INFO - 72 - Ventana principal mostrada - Se inicia Main loop
2025-10-05 22:17:30,044 - database.connection - INFO - 37 - Conexión cerrada
2025-10-05 22:17:30,046 - __main__ - INFO - 77 - === Aplicación finalizada correctamente ===
2025-10-05 22:18:14,460 - __main__ - INFO - 56 - === Iniciando la aplicación ===
2025-10-05 22:18:14,460 - __main__ - INFO - 28 - Iniciando configuración de la aplicación El Porteño - Index
- Versión: 3.0.0
2025-10-05 22:18:14,527 - database.connection - INFO - 26 - Conexión establecida
2025-10-05 22:18:14,528 - __main__ - INFO - 64 - Creando ventana principal
2025-10-05 22:18:14,528 - ui.main_window - INFO - 34 - Creando widgets en MainWindow
2025-10-05 22:18:14,529 - ui.main_window - INFO - 62 - --- CREANDO PÁGINA REVISTAS ---
2025-10-05 22:18:14,556 - ui.main_window - INFO - 229 - --- FINALIZADA PÁGINA REVISTAS ---
2025-10-05 22:18:14,556 - ui.main_window - INFO - 235 - --- CREANDO PÁGINA AUTORES ---
2025-10-05 22:18:14,563 - ui.main_window - INFO - 357 - --- FINALIZADA PÁGINA AUTORES ---
2025-10-05 22:18:14,563 - ui.main_window - INFO - 362 - --- CREANDO PÁGINA TEMAS ---
2025-10-05 22:18:14,568 - ui.main_window - INFO - 423 - --- FINALIZADA PÁGINA TEMAS ---
2025-10-05 22:18:14,568 - ui.main_window - INFO - 428 - --- CREANDO PÁGINA ANALISIS ---
2025-10-05 22:18:14,575 - ui.main_window - INFO - 492 - --- FINALIZADA PÁGINA ANALISIS ---
2025-10-05 22:18:14,575 - ui.main_window - INFO - 494 - --- INICIO PROCEDIMIENTOS INCIALES ---
2025-10-05 22:18:14,575 - ui.main_window - INFO - 496 - --- FIN DE MAIN WINDOW ---
2025-10-05 22:18:14,874 - __main__ - INFO - 72 - Ventana principal mostrada - Se inicia Main loop
2025-10-05 22:18:28,824 - database.connection - INFO - 37 - Conexión cerrada
2025-10-05 22:18:28,826 - __main__ - INFO - 77 - === Aplicación finalizada correctamente ===
2025-10-05 22:18:48,450 - __main__ - INFO - 56 - === Iniciando la aplicación ===
2025-10-05 22:18:48,450 - __main__ - INFO - 28 - Iniciando configuración de la aplicación El Porteño - Index
- Versión: 3.0.0
2025-10-05 22:18:48,545 - database.connection - INFO - 26 - Conexión establecida
2025-10-05 22:18:48,546 - __main__ - INFO - 64 - Creando ventana principal
2025-10-05 22:18:48,546 - ui.main_window - INFO - 34 - Creando widgets en MainWindow
2025-10-05 22:18:48,547 - ui.main_window - INFO - 62 - --- CREANDO PÁGINA REVISTAS ---
2025-10-05 22:18:48,584 - ui.main_window - INFO - 229 - --- FINALIZADA PÁGINA REVISTAS ---
2025-10-05 22:18:48,584 - ui.main_window - INFO - 235 - --- CREANDO PÁGINA AUTORES ---
2025-10-05 22:18:48,597 - ui.main_window - INFO - 357 - --- FINALIZADA PÁGINA AUTORES ---
2025-10-05 22:18:48,597 - ui.main_window - INFO - 362 - --- CREANDO PÁGINA TEMAS ---
2025-10-05 22:18:48,607 - ui.main_window - INFO - 423 - --- FINALIZADA PÁGINA TEMAS ---
2025-10-05 22:18:48,607 - ui.main_window - INFO - 428 - --- CREANDO PÁGINA ANALISIS ---
2025-10-05 22:18:48,619 - ui.main_window - INFO - 492 - --- FINALIZADA PÁGINA ANALISIS ---
2025-10-05 22:18:48,619 - ui.main_window - INFO - 494 - --- INICIO PROCEDIMIENTOS INCIALES ---
2025-10-05 22:18:48,619 - ui.main_window - INFO - 496 - --- FIN DE MAIN WINDOW ---
2025-10-05 22:18:48,931 - __main__ - INFO - 72 - Ventana principal mostrada - Se inicia Main loop
2025-10-05 22:19:38,273 - database.connection - INFO - 37 - Conexión cerrada
2025-10-05 22:19:38,275 - __main__ - INFO - 77 - === Aplicación finalizada correctamente ===
2025-10-05 22:22:58,766 - __main__ - INFO - 56 - === Iniciando la aplicación ===
2025-10-05 22:22:58,767 - __main__ - INFO - 28 - Iniciando configuración de la aplicación El Porteño - Index
- Versión: 3.0.0
2025-10-05 22:22:58,834 - database.connection - INFO - 26 - Conexión establecida
2025-10-05 22:22:58,834 - __main__ - INFO - 64 - Creando ventana principal
2025-10-05 22:22:58,835 - ui.main_window - INFO - 34 - Creando widgets en MainWindow
2025-10-05 22:22:58,836 - ui.main_window - INFO - 62 - --- CREANDO PÁGINA REVISTAS ---
2025-10-05 22:22:58,864 - ui.main_window - INFO - 229 - --- FINALIZADA PÁGINA REVISTAS ---
2025-10-05 22:22:58,864 - ui.main_window - INFO - 235 - --- CREANDO PÁGINA AUTORES ---
2025-10-05 22:22:58,872 - ui.main_window - INFO - 357 - --- FINALIZADA PÁGINA AUTORES ---
2025-10-05 22:22:58,872 - ui.main_window - INFO - 362 - --- CREANDO PÁGINA TEMAS ---
2025-10-05 22:22:58,879 - ui.main_window - INFO - 423 - --- FINALIZADA PÁGINA TEMAS ---
2025-10-05 22:22:58,879 - ui.main_window - INFO - 428 - --- CREANDO PÁGINA ANALISIS ---
2025-10-05 22:22:58,885 - ui.main_window - INFO - 492 - --- FINALIZADA PÁGINA ANALISIS ---
2025-10-05 22:22:58,886 - ui.main_window - INFO - 494 - --- INICIO PROCEDIMIENTOS INCIALES ---
2025-10-05 22:22:58,886 - ui.main_window - INFO - 496 - --- FIN DE MAIN WINDOW ---
2025-10-05 22:22:59,185 - __main__ - INFO - 72 - Ventana principal mostrada - Se inicia Main loop
2025-10-05 22:23:45,569 - database.connection - INFO - 37 - Conexión cerrada
2025-10-05 22:23:45,571 - __main__ - INFO - 77 - === Aplicación finalizada correctamente ===
2025-10-05 22:31:17,695 - __main__ - INFO - 56 - === Iniciando la aplicación ===
2025-10-05 22:31:17,695 - __main__ - INFO - 28 - Iniciando configuración de la aplicación El Porteño - Index
- Versión: 3.0.0
2025-10-05 22:31:17,763 - database.connection - INFO - 26 - Conexión establecida
2025-10-05 22:31:17,763 - __main__ - INFO - 64 - Creando ventana principal
2025-10-05 22:31:17,764 - ui.main_window - INFO - 34 - Creando widgets en MainWindow
2025-10-05 22:31:17,765 - ui.main_window - INFO - 62 - --- CREANDO PÁGINA REVISTAS ---
2025-10-05 22:31:17,792 - ui.main_window - INFO - 229 - --- FINALIZADA PÁGINA REVISTAS ---
2025-10-05 22:31:17,792 - ui.main_window - INFO - 235 - --- CREANDO PÁGINA AUTORES ---
2025-10-05 22:31:17,799 - ui.main_window - INFO - 357 - --- FINALIZADA PÁGINA AUTORES ---
2025-10-05 22:31:17,799 - ui.main_window - INFO - 362 - --- CREANDO PÁGINA TEMAS ---
2025-10-05 22:31:17,804 - ui.main_window - INFO - 423 - --- FINALIZADA PÁGINA TEMAS ---
2025-10-05 22:31:17,804 - ui.main_window - INFO - 428 - --- CREANDO PÁGINA ANALISIS ---
2025-10-05 22:31:17,811 - ui.main_window - INFO - 492 - --- FINALIZADA PÁGINA ANALISIS ---
2025-10-05 22:31:17,811 - ui.main_window - INFO - 494 - --- INICIO PROCEDIMIENTOS INCIALES ---
2025-10-05 22:31:17,811 - ui.main_window - INFO - 496 - --- FIN DE MAIN WINDOW ---
2025-10-05 22:31:18,169 - __main__ - INFO - 72 - Ventana principal mostrada - Se inicia Main loop
2025-10-05 22:31:38,310 - database.connection - INFO - 37 - Conexión cerrada
2025-10-05 22:31:38,312 - __main__ - INFO - 77 - === Aplicación finalizada correctamente ===
2025-10-05 22:35:25,327 - __main__ - INFO - 56 - === Iniciando la aplicación ===
2025-10-05 22:35:25,327 - __main__ - INFO - 28 - Iniciando configuración de la aplicación El Porteño - Index
- Versión: 3.0.0
2025-10-05 22:35:25,394 - database.connection - INFO - 26 - Conexión establecida
2025-10-05 22:35:25,395 - __main__ - INFO - 64 - Creando ventana principal
2025-10-05 22:35:25,395 - ui.main_window - INFO - 34 - Creando widgets en MainWindow
2025-10-05 22:35:25,396 - ui.main_window - INFO - 62 - --- CREANDO PÁGINA REVISTAS ---
2025-10-05 22:35:25,423 - ui.main_window - INFO - 229 - --- FINALIZADA PÁGINA REVISTAS ---
2025-10-05 22:35:25,424 - ui.main_window - INFO - 235 - --- CREANDO PÁGINA AUTORES ---
2025-10-05 22:35:25,431 - ui.main_window - INFO - 357 - --- FINALIZADA PÁGINA AUTORES ---
2025-10-05 22:35:25,431 - ui.main_window - INFO - 362 - --- CREANDO PÁGINA TEMAS ---
2025-10-05 22:35:25,436 - ui.main_window - INFO - 423 - --- FINALIZADA PÁGINA TEMAS ---
2025-10-05 22:35:25,437 - ui.main_window - INFO - 428 - --- CREANDO PÁGINA ANALISIS ---
2025-10-05 22:35:25,443 - ui.main_window - INFO - 492 - --- FINALIZADA PÁGINA ANALISIS ---
2025-10-05 22:35:25,443 - ui.main_window - INFO - 494 - --- INICIO PROCEDIMIENTOS INCIALES ---
2025-10-05 22:35:25,443 - ui.main_window - INFO - 496 - --- FIN DE MAIN WINDOW ---
2025-10-05 22:35:25,838 - __main__ - INFO - 72 - Ventana principal mostrada - Se inicia Main loop
2025-10-05 22:35:42,763 - database.connection - INFO - 37 - Conexión cerrada
2025-10-05 22:35:42,764 - __main__ - INFO - 77 - === Aplicación finalizada correctamente ===
2025-10-05 22:37:15,657 - __main__ - INFO - 56 - === Iniciando la aplicación ===
2025-10-05 22:37:15,657 - __main__ - INFO - 28 - Iniciando configuración de la aplicación El Porteño - Index
- Versión: 3.0.0
2025-10-05 22:37:15,744 - database.connection - INFO - 26 - Conexión establecida
2025-10-05 22:37:15,744 - __main__ - INFO - 64 - Creando ventana principal
2025-10-05 22:37:15,745 - ui.main_window - INFO - 34 - Creando widgets en MainWindow
2025-10-05 22:37:15,746 - ui.main_window - INFO - 62 - --- CREANDO PÁGINA REVISTAS ---
2025-10-05 22:37:15,775 - ui.main_window - INFO - 229 - --- FINALIZADA PÁGINA REVISTAS ---
2025-10-05 22:37:15,775 - ui.main_window - INFO - 235 - --- CREANDO PÁGINA AUTORES ---
2025-10-05 22:37:15,783 - ui.main_window - INFO - 357 - --- FINALIZADA PÁGINA AUTORES ---
2025-10-05 22:37:15,783 - ui.main_window - INFO - 362 - --- CREANDO PÁGINA TEMAS ---
2025-10-05 22:37:15,789 - ui.main_window - INFO - 423 - --- FINALIZADA PÁGINA TEMAS ---
2025-10-05 22:37:15,789 - ui.main_window - INFO - 428 - --- CREANDO PÁGINA ANALISIS ---
2025-10-05 22:37:15,796 - ui.main_window - INFO - 492 - --- FINALIZADA PÁGINA ANALISIS ---
2025-10-05 22:37:15,796 - ui.main_window - INFO - 494 - --- INICIO PROCEDIMIENTOS INCIALES ---
2025-10-05 22:37:15,796 - ui.main_window - INFO - 496 - --- FIN DE MAIN WINDOW ---
2025-10-05 22:37:16,067 - __main__ - INFO - 72 - Ventana principal mostrada - Se inicia Main loop
2025-10-05 22:37:28,795 - database.connection - INFO - 37 - Conexión cerrada
2025-10-05 22:37:28,797 - __main__ - INFO - 77 - === Aplicación finalizada correctamente ===
2025-10-05 22:37:35,078 - __main__ - INFO - 56 - === Iniciando la aplicación ===
2025-10-05 22:37:35,079 - __main__ - INFO - 28 - Iniciando configuración de la aplicación El Porteño - Index
- Versión: 3.0.0
2025-10-05 22:37:35,151 - database.connection - INFO - 26 - Conexión establecida
2025-10-05 22:37:35,151 - __main__ - INFO - 64 - Creando ventana principal
2025-10-05 22:37:35,152 - ui.main_window - INFO - 34 - Creando widgets en MainWindow
2025-10-05 22:37:35,153 - ui.main_window - INFO - 62 - --- CREANDO PÁGINA REVISTAS ---
2025-10-05 22:37:35,182 - ui.main_window - INFO - 229 - --- FINALIZADA PÁGINA REVISTAS ---
2025-10-05 22:37:35,182 - ui.main_window - INFO - 235 - --- CREANDO PÁGINA AUTORES ---
2025-10-05 22:37:35,192 - ui.main_window - INFO - 357 - --- FINALIZADA PÁGINA AUTORES ---
2025-10-05 22:37:35,193 - ui.main_window - INFO - 362 - --- CREANDO PÁGINA TEMAS ---
2025-10-05 22:37:35,204 - ui.main_window - INFO - 423 - --- FINALIZADA PÁGINA TEMAS ---
2025-10-05 22:37:35,204 - ui.main_window - INFO - 428 - --- CREANDO PÁGINA ANALISIS ---
2025-10-05 22:37:35,217 - ui.main_window - INFO - 492 - --- FINALIZADA PÁGINA ANALISIS ---
2025-10-05 22:37:35,217 - ui.main_window - INFO - 494 - --- INICIO PROCEDIMIENTOS INCIALES ---
2025-10-05 22:37:35,218 - ui.main_window - INFO - 496 - --- FIN DE MAIN WINDOW ---
2025-10-05 22:37:35,645 - __main__ - INFO - 72 - Ventana principal mostrada - Se inicia Main loop
2025-10-05 22:40:11,705 - __main__ - INFO - 56 - === Iniciando la aplicación ===
2025-10-05 22:40:11,705 - __main__ - INFO - 28 - Iniciando configuración de la aplicación El Porteño - Index
- Versión: 3.0.0
2025-10-05 22:40:11,772 - database.connection - INFO - 26 - Conexión establecida
2025-10-05 22:40:11,772 - __main__ - INFO - 64 - Creando ventana principal
2025-10-05 22:40:11,773 - ui.main_window - INFO - 34 - Creando widgets en MainWindow
2025-10-05 22:40:11,774 - ui.main_window - INFO - 62 - --- CREANDO PÁGINA REVISTAS ---
2025-10-05 22:40:11,801 - ui.main_window - INFO - 229 - --- FINALIZADA PÁGINA REVISTAS ---
2025-10-05 22:40:11,801 - ui.main_window - INFO - 235 - --- CREANDO PÁGINA AUTORES ---
2025-10-05 22:40:11,808 - ui.main_window - INFO - 357 - --- FINALIZADA PÁGINA AUTORES ---
2025-10-05 22:40:11,808 - ui.main_window - INFO - 362 - --- CREANDO PÁGINA TEMAS ---
2025-10-05 22:40:11,814 - ui.main_window - INFO - 423 - --- FINALIZADA PÁGINA TEMAS ---
2025-10-05 22:40:11,814 - ui.main_window - INFO - 428 - --- CREANDO PÁGINA ANALISIS ---
2025-10-05 22:40:11,822 - ui.main_window - INFO - 492 - --- FINALIZADA PÁGINA ANALISIS ---
2025-10-05 22:40:11,822 - ui.main_window - INFO - 494 - --- INICIO PROCEDIMIENTOS INCIALES ---
2025-10-05 22:40:11,822 - ui.main_window - INFO - 496 - --- FIN DE MAIN WINDOW ---
2025-10-05 22:40:12,122 - __main__ - INFO - 72 - Ventana principal mostrada - Se inicia Main loop
2025-10-05 22:40:46,908 - database.connection - INFO - 37 - Conexión cerrada
2025-10-05 22:40:46,910 - __main__ - INFO - 77 - === Aplicación finalizada correctamente ===
2025-10-05 23:40:29,871 - __main__ - INFO - 56 - === Iniciando la aplicación ===
2025-10-05 23:40:29,871 - __main__ - INFO - 28 - Iniciando configuración de la aplicación El Porteño - Index
- Versión: 3.0.0
2025-10-05 23:40:30,021 - database.connection - INFO - 26 - Conexión establecida
2025-10-05 23:40:30,022 - __main__ - INFO - 64 - Creando ventana principal
2025-10-05 23:40:30,023 - ui.main_window - INFO - 34 - Creando widgets en MainWindow
2025-10-05 23:40:30,025 - ui.main_window - INFO - 62 - --- CREANDO PÁGINA REVISTAS ---
2025-10-05 23:40:30,092 - ui.main_window - INFO - 229 - --- FINALIZADA PÁGINA REVISTAS ---
2025-10-05 23:40:30,092 - ui.main_window - INFO - 235 - --- CREANDO PÁGINA AUTORES ---
2025-10-05 23:40:30,113 - ui.main_window - INFO - 357 - --- FINALIZADA PÁGINA AUTORES ---
2025-10-05 23:40:30,113 - ui.main_window - INFO - 362 - --- CREANDO PÁGINA TEMAS ---
2025-10-05 23:40:30,126 - ui.main_window - INFO - 423 - --- FINALIZADA PÁGINA TEMAS ---
2025-10-05 23:40:30,127 - ui.main_window - INFO - 428 - --- CREANDO PÁGINA ANALISIS ---
2025-10-05 23:40:30,142 - ui.main_window - INFO - 492 - --- FINALIZADA PÁGINA ANALISIS ---
2025-10-05 23:40:30,142 - ui.main_window - INFO - 494 - --- INICIO PROCEDIMIENTOS INCIALES ---
2025-10-05 23:40:30,142 - ui.main_window - INFO - 496 - --- FIN DE MAIN WINDOW ---
2025-10-05 23:40:30,735 - __main__ - INFO - 72 - Ventana principal mostrada - Se inicia Main loop
2025-10-05 23:42:38,829 - database.connection - INFO - 37 - Conexión cerrada
2025-10-05 23:42:38,831 - __main__ - INFO - 77 - === Aplicación finalizada correctamente ===
2025-10-06 09:25:18,421 - __main__ - INFO - 56 - === Iniciando la aplicación ===
2025-10-06 09:25:18,421 - __main__ - INFO - 28 - Iniciando configuración de la aplicación El Porteño - Index
- Versión: 3.0.0
2025-10-06 09:25:18,500 - database.connection - INFO - 26 - Conexión establecida
2025-10-06 09:25:18,501 - __main__ - INFO - 64 - Creando ventana principal
2025-10-06 09:25:18,502 - ui.main_window - INFO - 34 - Creando widgets en MainWindow
2025-10-06 09:25:18,502 - ui.main_window - INFO - 62 - --- CREANDO PÁGINA REVISTAS ---
2025-10-06 09:25:18,530 - ui.main_window - INFO - 229 - --- FINALIZADA PÁGINA REVISTAS ---
2025-10-06 09:25:18,531 - ui.main_window - INFO - 235 - --- CREANDO PÁGINA AUTORES ---
2025-10-06 09:25:18,537 - ui.main_window - INFO - 357 - --- FINALIZADA PÁGINA AUTORES ---
2025-10-06 09:25:18,537 - ui.main_window - INFO - 362 - --- CREANDO PÁGINA TEMAS ---
2025-10-06 09:25:18,543 - ui.main_window - INFO - 423 - --- FINALIZADA PÁGINA TEMAS ---
2025-10-06 09:25:18,543 - ui.main_window - INFO - 428 - --- CREANDO PÁGINA ANALISIS ---
2025-10-06 09:25:18,550 - ui.main_window - INFO - 492 - --- FINALIZADA PÁGINA ANALISIS ---
2025-10-06 09:25:18,550 - ui.main_window - INFO - 494 - --- INICIO PROCEDIMIENTOS INCIALES ---
2025-10-06 09:25:18,550 - ui.main_window - INFO - 496 - --- FIN DE MAIN WINDOW ---
2025-10-06 09:25:18,892 - __main__ - INFO - 72 - Ventana principal mostrada - Se inicia Main loop
2025-10-06 09:25:43,574 - database.connection - INFO - 37 - Conexión cerrada
2025-10-06 09:25:43,576 - __main__ - INFO - 77 - === Aplicación finalizada correctamente ===
2025-10-06 09:27:39,467 - __main__ - INFO - 56 - === Iniciando la aplicación ===
2025-10-06 09:27:39,468 - __main__ - INFO - 28 - Iniciando configuración de la aplicación El Porteño - Index
- Versión: 3.0.0
2025-10-06 09:27:39,535 - database.connection - INFO - 26 - Conexión establecida
2025-10-06 09:27:39,535 - __main__ - INFO - 64 - Creando ventana principal
2025-10-06 09:27:39,536 - ui.main_window - INFO - 34 - Creando widgets en MainWindow
2025-10-06 09:27:39,537 - ui.main_window - INFO - 62 - --- CREANDO PÁGINA REVISTAS ---
2025-10-06 09:27:39,567 - ui.main_window - INFO - 229 - --- FINALIZADA PÁGINA REVISTAS ---
2025-10-06 09:27:39,567 - ui.main_window - INFO - 235 - --- CREANDO PÁGINA AUTORES ---
2025-10-06 09:27:39,575 - ui.main_window - INFO - 357 - --- FINALIZADA PÁGINA AUTORES ---
2025-10-06 09:27:39,575 - ui.main_window - INFO - 362 - --- CREANDO PÁGINA TEMAS ---
2025-10-06 09:27:39,581 - ui.main_window - INFO - 423 - --- FINALIZADA PÁGINA TEMAS ---
2025-10-06 09:27:39,581 - ui.main_window - INFO - 428 - --- CREANDO PÁGINA ANALISIS ---
2025-10-06 09:27:39,588 - ui.main_window - INFO - 492 - --- FINALIZADA PÁGINA ANALISIS ---
2025-10-06 09:27:39,589 - ui.main_window - INFO - 494 - --- INICIO PROCEDIMIENTOS INCIALES ---
2025-10-06 09:27:39,589 - ui.main_window - INFO - 496 - --- FIN DE MAIN WINDOW ---
2025-10-06 09:27:39,878 - __main__ - INFO - 72 - Ventana principal mostrada - Se inicia Main loop
2025-10-06 09:28:03,572 - database.connection - INFO - 37 - Conexión cerrada
2025-10-06 09:28:03,573 - __main__ - INFO - 77 - === Aplicación finalizada correctamente ===
2025-10-06 09:29:54,184 - __main__ - INFO - 56 - === Iniciando la aplicación ===
2025-10-06 09:29:54,184 - __main__ - INFO - 28 - Iniciando configuración de la aplicación El Porteño - Index
- Versión: 3.0.0
2025-10-06 09:29:54,252 - database.connection - INFO - 26 - Conexión establecida
2025-10-06 09:29:54,252 - __main__ - INFO - 64 - Creando ventana principal
2025-10-06 09:29:54,253 - ui.main_window - INFO - 34 - Creando widgets en MainWindow
2025-10-06 09:29:54,254 - ui.main_window - INFO - 62 - --- CREANDO PÁGINA REVISTAS ---
2025-10-06 09:29:54,283 - ui.main_window - INFO - 229 - --- FINALIZADA PÁGINA REVISTAS ---
2025-10-06 09:29:54,283 - ui.main_window - INFO - 235 - --- CREANDO PÁGINA AUTORES ---
2025-10-06 09:29:54,290 - ui.main_window - INFO - 357 - --- FINALIZADA PÁGINA AUTORES ---
2025-10-06 09:29:54,290 - ui.main_window - INFO - 362 - --- CREANDO PÁGINA TEMAS ---
2025-10-06 09:29:54,296 - ui.main_window - INFO - 423 - --- FINALIZADA PÁGINA TEMAS ---
2025-10-06 09:29:54,296 - ui.main_window - INFO - 428 - --- CREANDO PÁGINA ANALISIS ---
2025-10-06 09:29:54,302 - ui.main_window - INFO - 492 - --- FINALIZADA PÁGINA ANALISIS ---
2025-10-06 09:29:54,302 - ui.main_window - INFO - 494 - --- INICIO PROCEDIMIENTOS INCIALES ---
2025-10-06 09:29:54,303 - ui.main_window - INFO - 496 - --- FIN DE MAIN WINDOW ---
2025-10-06 09:29:54,599 - __main__ - INFO - 72 - Ventana principal mostrada - Se inicia Main loop
2025-10-06 09:30:19,563 - database.connection - INFO - 37 - Conexión cerrada
2025-10-06 09:30:19,565 - __main__ - INFO - 77 - === Aplicación finalizada correctamente ===
2025-10-06 09:30:43,382 - __main__ - INFO - 56 - === Iniciando la aplicación ===
2025-10-06 09:30:43,382 - __main__ - INFO - 28 - Iniciando configuración de la aplicación El Porteño - Index
- Versión: 3.0.0
2025-10-06 09:30:43,468 - database.connection - INFO - 26 - Conexión establecida
2025-10-06 09:30:43,468 - __main__ - INFO - 64 - Creando ventana principal
2025-10-06 09:30:43,469 - ui.main_window - INFO - 34 - Creando widgets en MainWindow
2025-10-06 09:30:43,470 - ui.main_window - INFO - 62 - --- CREANDO PÁGINA REVISTAS ---
2025-10-06 09:30:43,503 - ui.main_window - INFO - 229 - --- FINALIZADA PÁGINA REVISTAS ---
2025-10-06 09:30:43,503 - ui.main_window - INFO - 235 - --- CREANDO PÁGINA AUTORES ---
2025-10-06 09:30:43,510 - ui.main_window - INFO - 357 - --- FINALIZADA PÁGINA AUTORES ---
2025-10-06 09:30:43,510 - ui.main_window - INFO - 362 - --- CREANDO PÁGINA TEMAS ---
2025-10-06 09:30:43,516 - ui.main_window - INFO - 423 - --- FINALIZADA PÁGINA TEMAS ---
2025-10-06 09:30:43,516 - ui.main_window - INFO - 428 - --- CREANDO PÁGINA ANALISIS ---
2025-10-06 09:30:43,522 - ui.main_window - INFO - 492 - --- FINALIZADA PÁGINA ANALISIS ---
2025-10-06 09:30:43,522 - ui.main_window - INFO - 494 - --- INICIO PROCEDIMIENTOS INCIALES ---
2025-10-06 09:30:43,522 - ui.main_window - INFO - 496 - --- FIN DE MAIN WINDOW ---
2025-10-06 09:30:43,860 - __main__ - INFO - 72 - Ventana principal mostrada - Se inicia Main loop
2025-10-06 09:31:06,277 - database.connection - INFO - 37 - Conexión cerrada
2025-10-06 09:31:06,278 - __main__ - INFO - 77 - === Aplicación finalizada correctamente ===
2025-10-06 09:34:15,312 - __main__ - INFO - 56 - === Iniciando la aplicación ===
2025-10-06 09:34:15,312 - __main__ - INFO - 28 - Iniciando configuración de la aplicación El Porteño - Index
- Versión: 3.0.0
2025-10-06 09:34:15,381 - database.connection - INFO - 26 - Conexión establecida
2025-10-06 09:34:15,381 - __main__ - INFO - 64 - Creando ventana principal
2025-10-06 09:34:15,382 - ui.main_window - INFO - 34 - Creando widgets en MainWindow
2025-10-06 09:34:15,383 - ui.main_window - INFO - 62 - --- CREANDO PÁGINA REVISTAS ---
2025-10-06 09:34:15,414 - ui.main_window - INFO - 229 - --- FINALIZADA PÁGINA REVISTAS ---
2025-10-06 09:34:15,414 - ui.main_window - INFO - 235 - --- CREANDO PÁGINA AUTORES ---
2025-10-06 09:34:15,425 - ui.main_window - INFO - 357 - --- FINALIZADA PÁGINA AUTORES ---
2025-10-06 09:34:15,425 - ui.main_window - INFO - 362 - --- CREANDO PÁGINA TEMAS ---
2025-10-06 09:34:15,435 - ui.main_window - INFO - 423 - --- FINALIZADA PÁGINA TEMAS ---
2025-10-06 09:34:15,435 - ui.main_window - INFO - 428 - --- CREANDO PÁGINA ANALISIS ---
2025-10-06 09:34:15,445 - ui.main_window - INFO - 492 - --- FINALIZADA PÁGINA ANALISIS ---
2025-10-06 09:34:15,445 - ui.main_window - INFO - 494 - --- INICIO PROCEDIMIENTOS INCIALES ---
2025-10-06 09:34:15,445 - ui.main_window - INFO - 496 - --- FIN DE MAIN WINDOW ---
2025-10-06 09:34:15,728 - __main__ - INFO - 72 - Ventana principal mostrada - Se inicia Main loop
2025-10-06 09:35:07,992 - database.connection - INFO - 37 - Conexión cerrada
2025-10-06 09:35:07,993 - __main__ - INFO - 77 - === Aplicación finalizada correctamente ===
2025-10-06 16:16:44,153 - __main__ - INFO - 56 - === Iniciando la aplicación ===
2025-10-06 16:16:44,163 - __main__ - INFO - 28 - Iniciando configuración de la aplicación El Porteño - Index
- Versión: 3.0.0
2025-10-06 16:16:44,237 - database.connection - INFO - 26 - Conexión establecida
2025-10-06 16:16:44,238 - __main__ - INFO - 64 - Creando ventana principal
2025-10-06 16:16:44,239 - ui.main_window - INFO - 34 - Creando widgets en MainWindow
2025-10-06 16:16:44,241 - ui.main_window - INFO - 62 - --- CREANDO PÁGINA REVISTAS ---
2025-10-06 16:16:44,269 - ui.main_window - INFO - 229 - --- FINALIZADA PÁGINA REVISTAS ---
2025-10-06 16:16:44,269 - ui.main_window - INFO - 235 - --- CREANDO PÁGINA AUTORES ---
2025-10-06 16:16:44,276 - ui.main_window - INFO - 357 - --- FINALIZADA PÁGINA AUTORES ---
2025-10-06 16:16:44,276 - ui.main_window - INFO - 362 - --- CREANDO PÁGINA TEMAS ---
2025-10-06 16:16:44,283 - ui.main_window - INFO - 423 - --- FINALIZADA PÁGINA TEMAS ---
2025-10-06 16:16:44,283 - ui.main_window - INFO - 428 - --- CREANDO PÁGINA ANALISIS ---
2025-10-06 16:16:44,294 - ui.main_window - INFO - 492 - --- FINALIZADA PÁGINA ANALISIS ---
2025-10-06 16:16:44,294 - ui.main_window - INFO - 494 - --- INICIO PROCEDIMIENTOS INCIALES ---
2025-10-06 16:16:44,294 - ui.main_window - INFO - 496 - --- FIN DE MAIN WINDOW ---
2025-10-06 16:16:44,639 - __main__ - INFO - 72 - Ventana principal mostrada - Se inicia Main loop
2025-10-06 16:17:07,969 - database.connection - INFO - 37 - Conexión cerrada
2025-10-06 16:17:07,971 - __main__ - INFO - 77 - === Aplicación finalizada correctamente ===
2025-10-06 16:18:13,465 - __main__ - INFO - 56 - === Iniciando la aplicación ===
2025-10-06 16:18:13,465 - __main__ - INFO - 28 - Iniciando configuración de la aplicación El Porteño - Index
- Versión: 3.0.0
2025-10-06 16:18:13,532 - database.connection - INFO - 26 - Conexión establecida
2025-10-06 16:18:13,532 - __main__ - INFO - 64 - Creando ventana principal
2025-10-06 16:18:13,533 - ui.main_window - INFO - 34 - Creando widgets en MainWindow
2025-10-06 16:18:13,534 - ui.main_window - INFO - 62 - --- CREANDO PÁGINA REVISTAS ---
2025-10-06 16:18:13,562 - ui.main_window - INFO - 229 - --- FINALIZADA PÁGINA REVISTAS ---
2025-10-06 16:18:13,562 - ui.main_window - INFO - 235 - --- CREANDO PÁGINA AUTORES ---
2025-10-06 16:18:13,569 - ui.main_window - INFO - 357 - --- FINALIZADA PÁGINA AUTORES ---
2025-10-06 16:18:13,569 - ui.main_window - INFO - 362 - --- CREANDO PÁGINA TEMAS ---
2025-10-06 16:18:13,575 - ui.main_window - INFO - 423 - --- FINALIZADA PÁGINA TEMAS ---
2025-10-06 16:18:13,575 - ui.main_window - INFO - 428 - --- CREANDO PÁGINA ANALISIS ---
2025-10-06 16:18:13,582 - ui.main_window - INFO - 492 - --- FINALIZADA PÁGINA ANALISIS ---
2025-10-06 16:18:13,582 - ui.main_window - INFO - 494 - --- INICIO PROCEDIMIENTOS INCIALES ---
2025-10-06 16:18:13,582 - ui.main_window - INFO - 496 - --- FIN DE MAIN WINDOW ---
2025-10-06 16:18:13,903 - __main__ - INFO - 72 - Ventana principal mostrada - Se inicia Main loop
2025-10-06 16:18:34,252 - database.connection - INFO - 37 - Conexión cerrada
2025-10-06 16:18:34,254 - __main__ - INFO - 77 - === Aplicación finalizada correctamente ===
2025-10-06 16:20:03,865 - __main__ - INFO - 56 - === Iniciando la aplicación ===
2025-10-06 16:20:03,865 - __main__ - INFO - 28 - Iniciando configuración de la aplicación El Porteño - Index
- Versión: 3.0.0
2025-10-06 16:20:03,933 - database.connection - INFO - 26 - Conexión establecida
2025-10-06 16:20:03,933 - __main__ - INFO - 64 - Creando ventana principal
2025-10-06 16:20:03,934 - ui.main_window - INFO - 34 - Creando widgets en MainWindow
2025-10-06 16:20:03,935 - ui.main_window - INFO - 62 - --- CREANDO PÁGINA REVISTAS ---
2025-10-06 16:20:03,962 - ui.main_window - INFO - 229 - --- FINALIZADA PÁGINA REVISTAS ---
2025-10-06 16:20:03,962 - ui.main_window - INFO - 235 - --- CREANDO PÁGINA AUTORES ---
2025-10-06 16:20:03,969 - ui.main_window - INFO - 357 - --- FINALIZADA PÁGINA AUTORES ---
2025-10-06 16:20:03,969 - ui.main_window - INFO - 362 - --- CREANDO PÁGINA TEMAS ---
2025-10-06 16:20:03,975 - ui.main_window - INFO - 423 - --- FINALIZADA PÁGINA TEMAS ---
2025-10-06 16:20:03,975 - ui.main_window - INFO - 428 - --- CREANDO PÁGINA ANALISIS ---
2025-10-06 16:20:03,983 - ui.main_window - INFO - 492 - --- FINALIZADA PÁGINA ANALISIS ---
2025-10-06 16:20:03,983 - ui.main_window - INFO - 494 - --- INICIO PROCEDIMIENTOS INCIALES ---
2025-10-06 16:20:03,983 - ui.main_window - INFO - 496 - --- FIN DE MAIN WINDOW ---
2025-10-06 16:20:04,264 - __main__ - INFO - 72 - Ventana principal mostrada - Se inicia Main loop
2025-10-06 16:20:26,629 - database.connection - INFO - 37 - Conexión cerrada
2025-10-06 16:20:26,632 - __main__ - INFO - 77 - === Aplicación finalizada correctamente ===
2025-10-06 16:22:25,407 - __main__ - INFO - 56 - === Iniciando la aplicación ===
2025-10-06 16:22:25,407 - __main__ - INFO - 28 - Iniciando configuración de la aplicación El Porteño - Index
- Versión: 3.0.0
2025-10-06 16:22:25,474 - database.connection - INFO - 26 - Conexión establecida
2025-10-06 16:22:25,474 - __main__ - INFO - 64 - Creando ventana principal
2025-10-06 16:22:25,475 - ui.main_window - INFO - 34 - Creando widgets en MainWindow
2025-10-06 16:22:25,476 - ui.main_window - INFO - 62 - --- CREANDO PÁGINA REVISTAS ---
2025-10-06 16:22:25,503 - ui.main_window - INFO - 229 - --- FINALIZADA PÁGINA REVISTAS ---
2025-10-06 16:22:25,503 - ui.main_window - INFO - 235 - --- CREANDO PÁGINA AUTORES ---
2025-10-06 16:22:25,510 - ui.main_window - INFO - 357 - --- FINALIZADA PÁGINA AUTORES ---
2025-10-06 16:22:25,510 - ui.main_window - INFO - 362 - --- CREANDO PÁGINA TEMAS ---
2025-10-06 16:22:25,516 - ui.main_window - INFO - 423 - --- FINALIZADA PÁGINA TEMAS ---
2025-10-06 16:22:25,516 - ui.main_window - INFO - 428 - --- CREANDO PÁGINA ANALISIS ---
2025-10-06 16:22:25,522 - ui.main_window - INFO - 492 - --- FINALIZADA PÁGINA ANALISIS ---
2025-10-06 16:22:25,522 - ui.main_window - INFO - 494 - --- INICIO PROCEDIMIENTOS INCIALES ---
2025-10-06 16:22:25,522 - ui.main_window - INFO - 496 - --- FIN DE MAIN WINDOW ---
2025-10-06 16:22:25,799 - __main__ - INFO - 72 - Ventana principal mostrada - Se inicia Main loop
2025-10-06 16:23:27,979 - database.connection - INFO - 37 - Conexión cerrada
2025-10-06 16:23:27,980 - __main__ - INFO - 77 - === Aplicación finalizada correctamente ===
2025-10-06 17:14:59,038 - __main__ - INFO - 56 - === Iniciando la aplicación ===
2025-10-06 17:14:59,038 - __main__ - INFO - 28 - Iniciando configuración de la aplicación El Porteño - Index
- Versión: 3.0.0
2025-10-06 17:14:59,105 - database.connection - INFO - 26 - Conexión establecida
2025-10-06 17:14:59,106 - __main__ - INFO - 64 - Creando ventana principal
2025-10-06 17:14:59,106 - ui.main_window - INFO - 34 - Creando widgets en MainWindow
2025-10-06 17:14:59,107 - ui.main_window - INFO - 62 - --- CREANDO PÁGINA REVISTAS ---
2025-10-06 17:14:59,135 - ui.main_window - INFO - 229 - --- FINALIZADA PÁGINA REVISTAS ---
2025-10-06 17:14:59,135 - ui.main_window - INFO - 235 - --- CREANDO PÁGINA AUTORES ---
2025-10-06 17:14:59,142 - ui.main_window - INFO - 357 - --- FINALIZADA PÁGINA AUTORES ---
2025-10-06 17:14:59,143 - ui.main_window - INFO - 362 - --- CREANDO PÁGINA TEMAS ---
2025-10-06 17:14:59,148 - ui.main_window - INFO - 423 - --- FINALIZADA PÁGINA TEMAS ---
2025-10-06 17:14:59,149 - ui.main_window - INFO - 428 - --- CREANDO PÁGINA ANALISIS ---
2025-10-06 17:14:59,155 - ui.main_window - INFO - 492 - --- FINALIZADA PÁGINA ANALISIS ---
2025-10-06 17:14:59,155 - ui.main_window - INFO - 494 - --- INICIO PROCEDIMIENTOS INCIALES ---
2025-10-06 17:14:59,155 - ui.main_window - INFO - 496 - --- FIN DE MAIN WINDOW ---
2025-10-06 17:14:59,479 - __main__ - INFO - 72 - Ventana principal mostrada - Se inicia Main loop
2025-10-06 17:24:02,900 - database.connection - INFO - 37 - Conexión cerrada
2025-10-06 17:24:02,903 - __main__ - INFO - 77 - === Aplicación finalizada correctamente ===
2025-10-06 17:24:21,688 - __main__ - INFO - 56 - === Iniciando la aplicación ===
2025-10-06 17:24:21,688 - __main__ - INFO - 28 - Iniciando configuración de la aplicación El Porteño - Index
- Versión: 3.0.0
2025-10-06 17:24:21,755 - database.connection - INFO - 26 - Conexión establecida
2025-10-06 17:24:21,755 - __main__ - INFO - 64 - Creando ventana principal
2025-10-06 17:24:21,756 - ui.main_window - INFO - 34 - Creando widgets en MainWindow
2025-10-06 17:24:21,757 - ui.main_window - INFO - 62 - --- CREANDO PÁGINA REVISTAS ---
2025-10-06 17:24:21,786 - ui.main_window - INFO - 229 - --- FINALIZADA PÁGINA REVISTAS ---
2025-10-06 17:24:21,786 - ui.main_window - INFO - 235 - --- CREANDO PÁGINA AUTORES ---
2025-10-06 17:24:21,793 - ui.main_window - INFO - 357 - --- FINALIZADA PÁGINA AUTORES ---
2025-10-06 17:24:21,793 - ui.main_window - INFO - 362 - --- CREANDO PÁGINA TEMAS ---
2025-10-06 17:24:21,799 - ui.main_window - INFO - 423 - --- FINALIZADA PÁGINA TEMAS ---
2025-10-06 17:24:21,799 - ui.main_window - INFO - 428 - --- CREANDO PÁGINA ANALISIS ---
2025-10-06 17:24:21,806 - ui.main_window - INFO - 492 - --- FINALIZADA PÁGINA ANALISIS ---
2025-10-06 17:24:21,807 - ui.main_window - INFO - 494 - --- INICIO PROCEDIMIENTOS INCIALES ---
2025-10-06 17:24:21,807 - ui.main_window - INFO - 496 - --- FIN DE MAIN WINDOW ---
2025-10-06 17:24:22,091 - __main__ - INFO - 72 - Ventana principal mostrada - Se inicia Main loop
2025-10-06 17:24:54,179 - database.connection - INFO - 37 - Conexión cerrada
2025-10-06 17:24:54,181 - __main__ - INFO - 77 - === Aplicación finalizada correctamente ===
2025-10-06 17:41:19,783 - __main__ - INFO - 56 - === Iniciando la aplicación ===
2025-10-06 17:41:19,783 - __main__ - INFO - 28 - Iniciando configuración de la aplicación El Porteño - Index
- Versión: 3.0.0
2025-10-06 17:41:19,972 - database.connection - INFO - 26 - Conexión establecida
2025-10-06 17:41:19,973 - __main__ - INFO - 64 - Creando ventana principal
2025-10-06 17:41:19,974 - ui.main_window - INFO - 34 - Creando widgets en MainWindow
2025-10-06 17:41:19,976 - ui.main_window - INFO - 62 - --- CREANDO PÁGINA REVISTAS ---
2025-10-06 17:41:20,059 - ui.main_window - INFO - 229 - --- FINALIZADA PÁGINA REVISTAS ---
2025-10-06 17:41:20,059 - ui.main_window - INFO - 235 - --- CREANDO PÁGINA AUTORES ---
2025-10-06 17:41:20,086 - ui.main_window - INFO - 357 - --- FINALIZADA PÁGINA AUTORES ---
2025-10-06 17:41:20,087 - ui.main_window - INFO - 362 - --- CREANDO PÁGINA TEMAS ---
2025-10-06 17:41:20,100 - ui.main_window - INFO - 423 - --- FINALIZADA PÁGINA TEMAS ---
2025-10-06 17:41:20,100 - ui.main_window - INFO - 428 - --- CREANDO PÁGINA ANALISIS ---
2025-10-06 17:41:20,116 - ui.main_window - INFO - 492 - --- FINALIZADA PÁGINA ANALISIS ---
2025-10-06 17:41:20,116 - ui.main_window - INFO - 494 - --- INICIO PROCEDIMIENTOS INCIALES ---
2025-10-06 17:41:20,117 - ui.main_window - INFO - 496 - --- FIN DE MAIN WINDOW ---
2025-10-06 17:41:20,741 - __main__ - INFO - 72 - Ventana principal mostrada - Se inicia Main loop
2025-10-06 17:41:35,593 - __main__ - ERROR - 49 - Excepción no manejada:
Traceback (most recent call last):
  File "/home/luc/Documents/10_Archivo/Revistas/El Porteño/ui/dialogs.py", line 358, in bt_descartar_clicked
    if pregunta.show() == Gtk.ResponseType.NO:
       ^^^^^^^^^^^^^^^
TypeError: MsgBoxSiNo.show() missing 1 required positional argument: 'self'
2025-10-06 17:55:55,111 - __main__ - INFO - 56 - === Iniciando la aplicación ===
2025-10-06 17:55:55,111 - __main__ - INFO - 28 - Iniciando configuración de la aplicación El Porteño - Index
- Versión: 3.0.0
2025-10-06 17:55:55,257 - database.connection - INFO - 26 - Conexión establecida
2025-10-06 17:55:55,257 - __main__ - INFO - 64 - Creando ventana principal
2025-10-06 17:55:55,259 - ui.main_window - INFO - 34 - Creando widgets en MainWindow
2025-10-06 17:55:55,260 - ui.main_window - INFO - 62 - --- CREANDO PÁGINA REVISTAS ---
2025-10-06 17:55:55,318 - ui.main_window - INFO - 229 - --- FINALIZADA PÁGINA REVISTAS ---
2025-10-06 17:55:55,318 - ui.main_window - INFO - 235 - --- CREANDO PÁGINA AUTORES ---
2025-10-06 17:55:55,337 - ui.main_window - INFO - 357 - --- FINALIZADA PÁGINA AUTORES ---
2025-10-06 17:55:55,337 - ui.main_window - INFO - 362 - --- CREANDO PÁGINA TEMAS ---
2025-10-06 17:55:55,353 - ui.main_window - INFO - 423 - --- FINALIZADA PÁGINA TEMAS ---
2025-10-06 17:55:55,353 - ui.main_window - INFO - 428 - --- CREANDO PÁGINA ANALISIS ---
2025-10-06 17:55:55,368 - ui.main_window - INFO - 492 - --- FINALIZADA PÁGINA ANALISIS ---
2025-10-06 17:55:55,368 - ui.main_window - INFO - 494 - --- INICIO PROCEDIMIENTOS INCIALES ---
2025-10-06 17:55:55,369 - ui.main_window - INFO - 496 - --- FIN DE MAIN WINDOW ---
2025-10-06 17:55:55,931 - __main__ - INFO - 72 - Ventana principal mostrada - Se inicia Main loop
2025-10-06 17:56:41,917 - database.connection - INFO - 37 - Conexión cerrada
2025-10-06 17:56:41,918 - __main__ - INFO - 77 - === Aplicación finalizada correctamente ===
2025-10-06 18:01:11,658 - __main__ - INFO - 56 - === Iniciando la aplicación ===
2025-10-06 18:01:11,658 - __main__ - INFO - 28 - Iniciando configuración de la aplicación El Porteño - Index
- Versión: 3.0.0
2025-10-06 18:01:11,883 - database.connection - INFO - 26 - Conexión establecida
2025-10-06 18:01:11,883 - __main__ - INFO - 64 - Creando ventana principal
2025-10-06 18:01:11,885 - ui.main_window - INFO - 34 - Creando widgets en MainWindow
2025-10-06 18:01:11,887 - ui.main_window - INFO - 62 - --- CREANDO PÁGINA REVISTAS ---
2025-10-06 18:01:11,974 - ui.main_window - INFO - 229 - --- FINALIZADA PÁGINA REVISTAS ---
2025-10-06 18:01:11,974 - ui.main_window - INFO - 235 - --- CREANDO PÁGINA AUTORES ---
2025-10-06 18:01:11,990 - ui.main_window - INFO - 357 - --- FINALIZADA PÁGINA AUTORES ---
2025-10-06 18:01:11,991 - ui.main_window - INFO - 362 - --- CREANDO PÁGINA TEMAS ---
2025-10-06 18:01:12,005 - ui.main_window - INFO - 423 - --- FINALIZADA PÁGINA TEMAS ---
2025-10-06 18:01:12,005 - ui.main_window - INFO - 428 - --- CREANDO PÁGINA ANALISIS ---
2025-10-06 18:01:12,019 - ui.main_window - INFO - 492 - --- FINALIZADA PÁGINA ANALISIS ---
2025-10-06 18:01:12,019 - ui.main_window - INFO - 494 - --- INICIO PROCEDIMIENTOS INCIALES ---
2025-10-06 18:01:12,019 - ui.main_window - INFO - 496 - --- FIN DE MAIN WINDOW ---
2025-10-06 18:01:12,745 - __main__ - INFO - 72 - Ventana principal mostrada - Se inicia Main loop
2025-10-06 18:01:14,822 - database.connection - INFO - 37 - Conexión cerrada
2025-10-06 18:01:14,824 - __main__ - INFO - 77 - === Aplicación finalizada correctamente ===
2025-10-06 18:01:44,981 - __main__ - INFO - 56 - === Iniciando la aplicación ===
2025-10-06 18:01:44,982 - __main__ - INFO - 28 - Iniciando configuración de la aplicación El Porteño - Index
- Versión: 3.0.0
2025-10-06 18:01:45,250 - database.connection - INFO - 26 - Conexión establecida
2025-10-06 18:01:45,251 - __main__ - INFO - 64 - Creando ventana principal
2025-10-06 18:01:45,252 - ui.main_window - INFO - 34 - Creando widgets en MainWindow
2025-10-06 18:01:45,254 - ui.main_window - INFO - 62 - --- CREANDO PÁGINA REVISTAS ---
2025-10-06 18:01:45,314 - ui.main_window - INFO - 229 - --- FINALIZADA PÁGINA REVISTAS ---
2025-10-06 18:01:45,314 - ui.main_window - INFO - 235 - --- CREANDO PÁGINA AUTORES ---
2025-10-06 18:01:45,330 - ui.main_window - INFO - 357 - --- FINALIZADA PÁGINA AUTORES ---
2025-10-06 18:01:45,330 - ui.main_window - INFO - 362 - --- CREANDO PÁGINA TEMAS ---
2025-10-06 18:01:45,344 - ui.main_window - INFO - 423 - --- FINALIZADA PÁGINA TEMAS ---
2025-10-06 18:01:45,344 - ui.main_window - INFO - 428 - --- CREANDO PÁGINA ANALISIS ---
2025-10-06 18:01:45,359 - ui.main_window - INFO - 492 - --- FINALIZADA PÁGINA ANALISIS ---
2025-10-06 18:01:45,359 - ui.main_window - INFO - 494 - --- INICIO PROCEDIMIENTOS INCIALES ---
2025-10-06 18:01:45,359 - ui.main_window - INFO - 496 - --- FIN DE MAIN WINDOW ---
2025-10-06 18:01:46,018 - __main__ - INFO - 72 - Ventana principal mostrada - Se inicia Main loop
2025-10-06 18:08:03,342 - database.connection - INFO - 37 - Conexión cerrada
2025-10-06 18:08:03,344 - __main__ - INFO - 77 - === Aplicación finalizada correctamente ===
2025-10-06 18:08:14,514 - __main__ - INFO - 56 - === Iniciando la aplicación ===
2025-10-06 18:08:14,515 - __main__ - INFO - 28 - Iniciando configuración de la aplicación El Porteño - Index
- Versión: 3.0.0
2025-10-06 18:08:14,735 - database.connection - INFO - 26 - Conexión establecida
2025-10-06 18:08:14,736 - __main__ - INFO - 64 - Creando ventana principal
2025-10-06 18:08:14,738 - ui.main_window - INFO - 34 - Creando widgets en MainWindow
2025-10-06 18:08:14,741 - ui.main_window - INFO - 62 - --- CREANDO PÁGINA REVISTAS ---
2025-10-06 18:08:14,817 - ui.main_window - INFO - 229 - --- FINALIZADA PÁGINA REVISTAS ---
2025-10-06 18:08:14,818 - ui.main_window - INFO - 235 - --- CREANDO PÁGINA AUTORES ---
2025-10-06 18:08:14,833 - ui.main_window - INFO - 357 - --- FINALIZADA PÁGINA AUTORES ---
2025-10-06 18:08:14,834 - ui.main_window - INFO - 362 - --- CREANDO PÁGINA TEMAS ---
2025-10-06 18:08:14,847 - ui.main_window - INFO - 423 - --- FINALIZADA PÁGINA TEMAS ---
2025-10-06 18:08:14,847 - ui.main_window - INFO - 428 - --- CREANDO PÁGINA ANALISIS ---
2025-10-06 18:08:14,864 - ui.main_window - INFO - 492 - --- FINALIZADA PÁGINA ANALISIS ---
2025-10-06 18:08:14,864 - ui.main_window - INFO - 494 - --- INICIO PROCEDIMIENTOS INCIALES ---
2025-10-06 18:08:14,864 - ui.main_window - INFO - 496 - --- FIN DE MAIN WINDOW ---
2025-10-06 18:08:15,454 - __main__ - INFO - 72 - Ventana principal mostrada - Se inicia Main loop
2025-10-06 18:11:21,525 - database.connection - INFO - 37 - Conexión cerrada
2025-10-06 18:11:21,526 - __main__ - INFO - 77 - === Aplicación finalizada correctamente ===
2025-10-06 18:16:13,670 - __main__ - INFO - 56 - === Iniciando la aplicación ===
2025-10-06 18:16:13,670 - __main__ - INFO - 28 - Iniciando configuración de la aplicación El Porteño - Index
- Versión: 3.0.0
2025-10-06 18:16:13,711 - __main__ - INFO - 56 - === Iniciando la aplicación ===
2025-10-06 18:16:13,711 - __main__ - INFO - 28 - Iniciando configuración de la aplicación El Porteño - Index
- Versión: 3.0.0
2025-10-06 18:16:13,721 - database.connection - INFO - 26 - Conexión establecida
2025-10-06 18:16:13,721 - __main__ - INFO - 64 - Creando ventana principal
2025-10-06 18:16:13,722 - ui.main_window - INFO - 34 - Creando widgets en MainWindow
2025-10-06 18:16:13,722 - ui.main_window - INFO - 62 - --- CREANDO PÁGINA REVISTAS ---
2025-10-06 18:16:13,744 - ui.main_window - INFO - 229 - --- FINALIZADA PÁGINA REVISTAS ---
2025-10-06 18:16:13,744 - ui.main_window - INFO - 235 - --- CREANDO PÁGINA AUTORES ---
2025-10-06 18:16:13,753 - ui.main_window - INFO - 357 - --- FINALIZADA PÁGINA AUTORES ---
2025-10-06 18:16:13,753 - ui.main_window - INFO - 362 - --- CREANDO PÁGINA TEMAS ---
2025-10-06 18:16:13,759 - ui.main_window - INFO - 423 - --- FINALIZADA PÁGINA TEMAS ---
2025-10-06 18:16:13,759 - ui.main_window - INFO - 428 - --- CREANDO PÁGINA ANALISIS ---
2025-10-06 18:16:13,767 - ui.main_window - INFO - 492 - --- FINALIZADA PÁGINA ANALISIS ---
2025-10-06 18:16:13,767 - ui.main_window - INFO - 494 - --- INICIO PROCEDIMIENTOS INCIALES ---
2025-10-06 18:16:13,767 - ui.main_window - INFO - 496 - --- FIN DE MAIN WINDOW ---
2025-10-06 18:16:13,776 - database.connection - INFO - 26 - Conexión establecida
2025-10-06 18:16:13,776 - __main__ - INFO - 64 - Creando ventana principal
2025-10-06 18:16:13,777 - ui.main_window - INFO - 34 - Creando widgets en MainWindow
2025-10-06 18:16:13,777 - ui.main_window - INFO - 62 - --- CREANDO PÁGINA REVISTAS ---
2025-10-06 18:16:13,799 - ui.main_window - INFO - 229 - --- FINALIZADA PÁGINA REVISTAS ---
2025-10-06 18:16:13,799 - ui.main_window - INFO - 235 - --- CREANDO PÁGINA AUTORES ---
2025-10-06 18:16:13,804 - ui.main_window - INFO - 357 - --- FINALIZADA PÁGINA AUTORES ---
2025-10-06 18:16:13,804 - ui.main_window - INFO - 362 - --- CREANDO PÁGINA TEMAS ---
2025-10-06 18:16:13,808 - ui.main_window - INFO - 423 - --- FINALIZADA PÁGINA TEMAS ---
2025-10-06 18:16:13,808 - ui.main_window - INFO - 428 - --- CREANDO PÁGINA ANALISIS ---
2025-10-06 18:16:13,813 - ui.main_window - INFO - 492 - --- FINALIZADA PÁGINA ANALISIS ---
2025-10-06 18:16:13,814 - ui.main_window - INFO - 494 - --- INICIO PROCEDIMIENTOS INCIALES ---
2025-10-06 18:16:13,814 - ui.main_window - INFO - 496 - --- FIN DE MAIN WINDOW ---
2025-10-06 18:16:14,083 - __main__ - INFO - 72 - Ventana principal mostrada - Se inicia Main loop
2025-10-06 18:16:14,111 - __main__ - INFO - 72 - Ventana principal mostrada - Se inicia Main loop
2025-10-06 18:16:18,922 - database.connection - INFO - 37 - Conexión cerrada
2025-10-06 18:16:18,923 - __main__ - INFO - 77 - === Aplicación finalizada correctamente ===
2025-10-06 18:16:19,947 - database.connection - INFO - 37 - Conexión cerrada
2025-10-06 18:16:19,948 - __main__ - INFO - 77 - === Aplicación finalizada correctamente ===
2025-10-06 18:19:00,646 - __main__ - INFO - 56 - === Iniciando la aplicación ===
2025-10-06 18:19:00,646 - __main__ - INFO - 28 - Iniciando configuración de la aplicación El Porteño - Index
- Versión: 3.0.0
2025-10-06 18:19:00,695 - database.connection - INFO - 26 - Conexión establecida
2025-10-06 18:19:00,695 - __main__ - INFO - 64 - Creando ventana principal
2025-10-06 18:19:00,696 - ui.main_window - INFO - 34 - Creando widgets en MainWindow
2025-10-06 18:19:00,697 - ui.main_window - INFO - 62 - --- CREANDO PÁGINA REVISTAS ---
2025-10-06 18:19:00,717 - ui.main_window - INFO - 229 - --- FINALIZADA PÁGINA REVISTAS ---
2025-10-06 18:19:00,717 - ui.main_window - INFO - 235 - --- CREANDO PÁGINA AUTORES ---
2025-10-06 18:19:00,722 - ui.main_window - INFO - 357 - --- FINALIZADA PÁGINA AUTORES ---
2025-10-06 18:19:00,722 - ui.main_window - INFO - 362 - --- CREANDO PÁGINA TEMAS ---
2025-10-06 18:19:00,726 - ui.main_window - INFO - 423 - --- FINALIZADA PÁGINA TEMAS ---
2025-10-06 18:19:00,726 - ui.main_window - INFO - 428 - --- CREANDO PÁGINA ANALISIS ---
2025-10-06 18:19:00,730 - ui.main_window - INFO - 492 - --- FINALIZADA PÁGINA ANALISIS ---
2025-10-06 18:19:00,730 - ui.main_window - INFO - 494 - --- INICIO PROCEDIMIENTOS INCIALES ---
2025-10-06 18:19:00,730 - ui.main_window - INFO - 496 - --- FIN DE MAIN WINDOW ---
2025-10-06 18:19:00,994 - __main__ - INFO - 72 - Ventana principal mostrada - Se inicia Main loop
2025-10-06 18:19:15,395 - database.connection - INFO - 37 - Conexión cerrada
2025-10-06 18:19:15,396 - __main__ - INFO - 77 - === Aplicación finalizada correctamente ===
2025-10-06 18:21:26,993 - __main__ - INFO - 56 - === Iniciando la aplicación ===
2025-10-06 18:21:26,993 - __main__ - INFO - 28 - Iniciando configuración de la aplicación El Porteño - Index
- Versión: 3.0.0
2025-10-06 18:21:27,041 - database.connection - INFO - 26 - Conexión establecida
2025-10-06 18:21:27,042 - __main__ - INFO - 64 - Creando ventana principal
2025-10-06 18:21:27,042 - ui.main_window - INFO - 34 - Creando widgets en MainWindow
2025-10-06 18:21:27,043 - ui.main_window - INFO - 62 - --- CREANDO PÁGINA REVISTAS ---
2025-10-06 18:21:27,063 - ui.main_window - INFO - 229 - --- FINALIZADA PÁGINA REVISTAS ---
2025-10-06 18:21:27,064 - ui.main_window - INFO - 235 - --- CREANDO PÁGINA AUTORES ---
2025-10-06 18:21:27,068 - ui.main_window - INFO - 357 - --- FINALIZADA PÁGINA AUTORES ---
2025-10-06 18:21:27,069 - ui.main_window - INFO - 362 - --- CREANDO PÁGINA TEMAS ---
2025-10-06 18:21:27,073 - ui.main_window - INFO - 423 - --- FINALIZADA PÁGINA TEMAS ---
2025-10-06 18:21:27,073 - ui.main_window - INFO - 428 - --- CREANDO PÁGINA ANALISIS ---
2025-10-06 18:21:27,077 - ui.main_window - INFO - 492 - --- FINALIZADA PÁGINA ANALISIS ---
2025-10-06 18:21:27,077 - ui.main_window - INFO - 494 - --- INICIO PROCEDIMIENTOS INCIALES ---
2025-10-06 18:21:27,077 - ui.main_window - INFO - 496 - --- FIN DE MAIN WINDOW ---
2025-10-06 18:21:27,328 - __main__ - INFO - 72 - Ventana principal mostrada - Se inicia Main loop
2025-10-06 18:21:48,941 - database.connection - INFO - 37 - Conexión cerrada
2025-10-06 18:21:48,942 - __main__ - INFO - 77 - === Aplicación finalizada correctamente ===
2025-10-06 18:22:09,006 - __main__ - INFO - 56 - === Iniciando la aplicación ===
2025-10-06 18:22:09,006 - __main__ - INFO - 28 - Iniciando configuración de la aplicación El Porteño - Index
- Versión: 3.0.0
2025-10-06 18:22:09,057 - database.connection - INFO - 26 - Conexión establecida
2025-10-06 18:22:09,057 - __main__ - INFO - 64 - Creando ventana principal
2025-10-06 18:22:09,058 - ui.main_window - INFO - 34 - Creando widgets en MainWindow
2025-10-06 18:22:09,059 - ui.main_window - INFO - 62 - --- CREANDO PÁGINA REVISTAS ---
2025-10-06 18:22:09,078 - ui.main_window - INFO - 229 - --- FINALIZADA PÁGINA REVISTAS ---
2025-10-06 18:22:09,078 - ui.main_window - INFO - 235 - --- CREANDO PÁGINA AUTORES ---
2025-10-06 18:22:09,083 - ui.main_window - INFO - 357 - --- FINALIZADA PÁGINA AUTORES ---
2025-10-06 18:22:09,083 - ui.main_window - INFO - 362 - --- CREANDO PÁGINA TEMAS ---
2025-10-06 18:22:09,087 - ui.main_window - INFO - 423 - --- FINALIZADA PÁGINA TEMAS ---
2025-10-06 18:22:09,087 - ui.main_window - INFO - 428 - --- CREANDO PÁGINA ANALISIS ---
2025-10-06 18:22:09,091 - ui.main_window - INFO - 492 - --- FINALIZADA PÁGINA ANALISIS ---
2025-10-06 18:22:09,092 - ui.main_window - INFO - 494 - --- INICIO PROCEDIMIENTOS INCIALES ---
2025-10-06 18:22:09,092 - ui.main_window - INFO - 496 - --- FIN DE MAIN WINDOW ---
2025-10-06 18:22:09,299 - __main__ - INFO - 72 - Ventana principal mostrada - Se inicia Main loop
2025-10-06 18:22:11,779 - database.connection - INFO - 37 - Conexión cerrada
2025-10-06 18:22:11,780 - __main__ - INFO - 77 - === Aplicación finalizada correctamente ===
2025-10-06 18:22:22,311 - __main__ - INFO - 56 - === Iniciando la aplicación ===
2025-10-06 18:22:22,311 - __main__ - INFO - 28 - Iniciando configuración de la aplicación El Porteño - Index
- Versión: 3.0.0
2025-10-06 18:22:22,360 - database.connection - INFO - 26 - Conexión establecida
2025-10-06 18:22:22,360 - __main__ - INFO - 64 - Creando ventana principal
2025-10-06 18:22:22,361 - ui.main_window - INFO - 34 - Creando widgets en MainWindow
2025-10-06 18:22:22,361 - ui.main_window - INFO - 62 - --- CREANDO PÁGINA REVISTAS ---
2025-10-06 18:22:22,380 - ui.main_window - INFO - 229 - --- FINALIZADA PÁGINA REVISTAS ---
2025-10-06 18:22:22,380 - ui.main_window - INFO - 235 - --- CREANDO PÁGINA AUTORES ---
2025-10-06 18:22:22,385 - ui.main_window - INFO - 357 - --- FINALIZADA PÁGINA AUTORES ---
2025-10-06 18:22:22,385 - ui.main_window - INFO - 362 - --- CREANDO PÁGINA TEMAS ---
2025-10-06 18:22:22,389 - ui.main_window - INFO - 423 - --- FINALIZADA PÁGINA TEMAS ---
2025-10-06 18:22:22,389 - ui.main_window - INFO - 428 - --- CREANDO PÁGINA ANALISIS ---
2025-10-06 18:22:22,394 - ui.main_window - INFO - 492 - --- FINALIZADA PÁGINA ANALISIS ---
2025-10-06 18:22:22,394 - ui.main_window - INFO - 494 - --- INICIO PROCEDIMIENTOS INCIALES ---
2025-10-06 18:22:22,394 - ui.main_window - INFO - 496 - --- FIN DE MAIN WINDOW ---
2025-10-06 18:22:22,597 - __main__ - INFO - 72 - Ventana principal mostrada - Se inicia Main loop
2025-10-06 18:22:25,131 - database.connection - INFO - 37 - Conexión cerrada
2025-10-06 18:22:25,132 - __main__ - INFO - 77 - === Aplicación finalizada correctamente ===
2025-10-06 18:23:14,939 - __main__ - INFO - 56 - === Iniciando la aplicación ===
2025-10-06 18:23:14,939 - __main__ - INFO - 28 - Iniciando configuración de la aplicación El Porteño - Index
- Versión: 3.0.0
2025-10-06 18:23:14,988 - database.connection - INFO - 26 - Conexión establecida
2025-10-06 18:23:14,988 - __main__ - INFO - 64 - Creando ventana principal
2025-10-06 18:23:14,989 - ui.main_window - INFO - 34 - Creando widgets en MainWindow
2025-10-06 18:23:14,989 - ui.main_window - INFO - 62 - --- CREANDO PÁGINA REVISTAS ---
2025-10-06 18:23:15,009 - ui.main_window - INFO - 229 - --- FINALIZADA PÁGINA REVISTAS ---
2025-10-06 18:23:15,009 - ui.main_window - INFO - 235 - --- CREANDO PÁGINA AUTORES ---
2025-10-06 18:23:15,014 - ui.main_window - INFO - 357 - --- FINALIZADA PÁGINA AUTORES ---
2025-10-06 18:23:15,014 - ui.main_window - INFO - 362 - --- CREANDO PÁGINA TEMAS ---
2025-10-06 18:23:15,017 - ui.main_window - INFO - 423 - --- FINALIZADA PÁGINA TEMAS ---
2025-10-06 18:23:15,017 - ui.main_window - INFO - 428 - --- CREANDO PÁGINA ANALISIS ---
2025-10-06 18:23:15,022 - ui.main_window - INFO - 492 - --- FINALIZADA PÁGINA ANALISIS ---
2025-10-06 18:23:15,022 - ui.main_window - INFO - 494 - --- INICIO PROCEDIMIENTOS INCIALES ---
2025-10-06 18:23:15,022 - ui.main_window - INFO - 496 - --- FIN DE MAIN WINDOW ---
2025-10-06 18:23:15,217 - __main__ - INFO - 72 - Ventana principal mostrada - Se inicia Main loop
2025-10-06 18:23:30,541 - database.connection - INFO - 37 - Conexión cerrada
2025-10-06 18:23:30,542 - __main__ - INFO - 77 - === Aplicación finalizada correctamente ===
2025-10-06 18:32:11,691 - __main__ - INFO - 56 - === Iniciando la aplicación ===
2025-10-06 18:32:11,691 - __main__ - INFO - 28 - Iniciando configuración de la aplicación El Porteño - Index
- Versión: 3.0.0
2025-10-06 18:32:11,741 - database.connection - INFO - 26 - Conexión establecida
2025-10-06 18:32:11,741 - __main__ - INFO - 64 - Creando ventana principal
2025-10-06 18:32:11,741 - ui.main_window - INFO - 34 - Creando widgets en MainWindow
2025-10-06 18:32:11,742 - ui.main_window - INFO - 62 - --- CREANDO PÁGINA REVISTAS ---
2025-10-06 18:32:11,761 - ui.main_window - INFO - 229 - --- FINALIZADA PÁGINA REVISTAS ---
2025-10-06 18:32:11,761 - ui.main_window - INFO - 235 - --- CREANDO PÁGINA AUTORES ---
2025-10-06 18:32:11,766 - ui.main_window - INFO - 357 - --- FINALIZADA PÁGINA AUTORES ---
2025-10-06 18:32:11,766 - ui.main_window - INFO - 362 - --- CREANDO PÁGINA TEMAS ---
2025-10-06 18:32:11,770 - ui.main_window - INFO - 423 - --- FINALIZADA PÁGINA TEMAS ---
2025-10-06 18:32:11,770 - ui.main_window - INFO - 428 - --- CREANDO PÁGINA ANALISIS ---
2025-10-06 18:32:11,774 - ui.main_window - INFO - 492 - --- FINALIZADA PÁGINA ANALISIS ---
2025-10-06 18:32:11,774 - ui.main_window - INFO - 494 - --- INICIO PROCEDIMIENTOS INCIALES ---
2025-10-06 18:32:11,774 - ui.main_window - INFO - 496 - --- FIN DE MAIN WINDOW ---
2025-10-06 18:32:12,004 - __main__ - INFO - 72 - Ventana principal mostrada - Se inicia Main loop
2025-10-06 18:32:13,305 - __main__ - ERROR - 49 - Excepción no manejada:
Traceback (most recent call last):
  File "/home/luc/Documents/10_Archivo/Revistas/El Porteño/ui/main_window.py", line 980, in bt_cartas_en_revista_clicked
    window_correo = DialogCorreo(self.app_state)
                    ^^^^^^^^^^^^^^^^^^^^^^^^^^^^
  File "/home/luc/Documents/10_Archivo/Revistas/El Porteño/ui/dialogs.py", line 24, in __init__
    self._iniciar()
  File "/home/luc/Documents/10_Archivo/Revistas/El Porteño/ui/dialogs.py", line 147, in _iniciar
    self.cargar_carta(carta)
  File "/home/luc/Documents/10_Archivo/Revistas/El Porteño/ui/dialogs.py", line 188, in cargar_carta
    self.habilitar_edicion(False)
  File "/home/luc/Documents/10_Archivo/Revistas/El Porteño/ui/dialogs.py", line 172, in habilitar_edicion
    self.configurar_botones_headbar()
  File "/home/luc/Documents/10_Archivo/Revistas/El Porteño/ui/dialogs.py", line 251, in configurar_botones_headbar
    if self.is_first():
       ^^^^^^^^^^^^^^^
  File "/home/luc/Documents/10_Archivo/Revistas/El Porteño/ui/dialogs.py", line 183, in is_first
    if self.app_state.carta_seleccionada.id == self.app_state.revista_seleccionada.correo[0].id:
       ^^^^^^^^^^^^^^^^^^^^^^^^^^^^^^^^^^^^
AttributeError: 'NoneType' object has no attribute 'id'
2025-10-06 18:33:19,661 - __main__ - INFO - 56 - === Iniciando la aplicación ===
2025-10-06 18:33:19,662 - __main__ - INFO - 28 - Iniciando configuración de la aplicación El Porteño - Index
- Versión: 3.0.0
2025-10-06 18:33:19,708 - database.connection - INFO - 26 - Conexión establecida
2025-10-06 18:33:19,708 - __main__ - INFO - 64 - Creando ventana principal
2025-10-06 18:33:19,709 - ui.main_window - INFO - 34 - Creando widgets en MainWindow
2025-10-06 18:33:19,710 - ui.main_window - INFO - 62 - --- CREANDO PÁGINA REVISTAS ---
2025-10-06 18:33:19,729 - ui.main_window - INFO - 229 - --- FINALIZADA PÁGINA REVISTAS ---
2025-10-06 18:33:19,729 - ui.main_window - INFO - 235 - --- CREANDO PÁGINA AUTORES ---
2025-10-06 18:33:19,734 - ui.main_window - INFO - 357 - --- FINALIZADA PÁGINA AUTORES ---
2025-10-06 18:33:19,734 - ui.main_window - INFO - 362 - --- CREANDO PÁGINA TEMAS ---
2025-10-06 18:33:19,738 - ui.main_window - INFO - 423 - --- FINALIZADA PÁGINA TEMAS ---
2025-10-06 18:33:19,738 - ui.main_window - INFO - 428 - --- CREANDO PÁGINA ANALISIS ---
2025-10-06 18:33:19,742 - ui.main_window - INFO - 492 - --- FINALIZADA PÁGINA ANALISIS ---
2025-10-06 18:33:19,742 - ui.main_window - INFO - 494 - --- INICIO PROCEDIMIENTOS INCIALES ---
2025-10-06 18:33:19,742 - ui.main_window - INFO - 496 - --- FIN DE MAIN WINDOW ---
2025-10-06 18:33:19,934 - __main__ - INFO - 72 - Ventana principal mostrada - Se inicia Main loop
2025-10-06 18:33:21,041 - __main__ - ERROR - 49 - Excepción no manejada:
Traceback (most recent call last):
  File "/home/luc/Documents/10_Archivo/Revistas/El Porteño/ui/main_window.py", line 980, in bt_cartas_en_revista_clicked
    window_correo = DialogCorreo(self.app_state)
                    ^^^^^^^^^^^^^^^^^^^^^^^^^^^^
  File "/home/luc/Documents/10_Archivo/Revistas/El Porteño/ui/dialogs.py", line 24, in __init__
    self._iniciar()
  File "/home/luc/Documents/10_Archivo/Revistas/El Porteño/ui/dialogs.py", line 147, in _iniciar
    self.cargar_carta(carta)
  File "/home/luc/Documents/10_Archivo/Revistas/El Porteño/ui/dialogs.py", line 188, in cargar_carta
    self.habilitar_edicion(False)
  File "/home/luc/Documents/10_Archivo/Revistas/El Porteño/ui/dialogs.py", line 172, in habilitar_edicion
    self.configurar_botones_headbar()
  File "/home/luc/Documents/10_Archivo/Revistas/El Porteño/ui/dialogs.py", line 251, in configurar_botones_headbar
    if self.is_first():
       ^^^^^^^^^^^^^^^
  File "/home/luc/Documents/10_Archivo/Revistas/El Porteño/ui/dialogs.py", line 183, in is_first
    if self.app_state.carta_seleccionada.id == self.app_state.revista_seleccionada.correo[0].id:
       ^^^^^^^^^^^^^^^^^^^^^^^^^^^^^^^^^^^^
AttributeError: 'NoneType' object has no attribute 'id'
2025-10-06 18:34:04,468 - __main__ - INFO - 56 - === Iniciando la aplicación ===
2025-10-06 18:34:04,468 - __main__ - INFO - 28 - Iniciando configuración de la aplicación El Porteño - Index
- Versión: 3.0.0
2025-10-06 18:34:04,517 - database.connection - INFO - 26 - Conexión establecida
2025-10-06 18:34:04,517 - __main__ - INFO - 64 - Creando ventana principal
2025-10-06 18:34:04,518 - ui.main_window - INFO - 34 - Creando widgets en MainWindow
2025-10-06 18:34:04,518 - ui.main_window - INFO - 62 - --- CREANDO PÁGINA REVISTAS ---
2025-10-06 18:34:04,537 - ui.main_window - INFO - 229 - --- FINALIZADA PÁGINA REVISTAS ---
2025-10-06 18:34:04,537 - ui.main_window - INFO - 235 - --- CREANDO PÁGINA AUTORES ---
2025-10-06 18:34:04,542 - ui.main_window - INFO - 357 - --- FINALIZADA PÁGINA AUTORES ---
2025-10-06 18:34:04,542 - ui.main_window - INFO - 362 - --- CREANDO PÁGINA TEMAS ---
2025-10-06 18:34:04,546 - ui.main_window - INFO - 423 - --- FINALIZADA PÁGINA TEMAS ---
2025-10-06 18:34:04,546 - ui.main_window - INFO - 428 - --- CREANDO PÁGINA ANALISIS ---
2025-10-06 18:34:04,550 - ui.main_window - INFO - 492 - --- FINALIZADA PÁGINA ANALISIS ---
2025-10-06 18:34:04,550 - ui.main_window - INFO - 494 - --- INICIO PROCEDIMIENTOS INCIALES ---
2025-10-06 18:34:04,550 - ui.main_window - INFO - 496 - --- FIN DE MAIN WINDOW ---
2025-10-06 18:34:04,748 - __main__ - INFO - 72 - Ventana principal mostrada - Se inicia Main loop
2025-10-06 18:34:21,320 - database.connection - INFO - 37 - Conexión cerrada
2025-10-06 18:34:21,321 - __main__ - INFO - 77 - === Aplicación finalizada correctamente ===
2025-10-06 18:34:35,222 - __main__ - INFO - 56 - === Iniciando la aplicación ===
2025-10-06 18:34:35,222 - __main__ - INFO - 28 - Iniciando configuración de la aplicación El Porteño - Index
- Versión: 3.0.0
2025-10-06 18:34:35,272 - database.connection - INFO - 26 - Conexión establecida
2025-10-06 18:34:35,272 - __main__ - INFO - 64 - Creando ventana principal
2025-10-06 18:34:35,273 - ui.main_window - INFO - 34 - Creando widgets en MainWindow
2025-10-06 18:34:35,274 - ui.main_window - INFO - 62 - --- CREANDO PÁGINA REVISTAS ---
2025-10-06 18:34:35,294 - ui.main_window - INFO - 229 - --- FINALIZADA PÁGINA REVISTAS ---
2025-10-06 18:34:35,294 - ui.main_window - INFO - 235 - --- CREANDO PÁGINA AUTORES ---
2025-10-06 18:34:35,299 - ui.main_window - INFO - 357 - --- FINALIZADA PÁGINA AUTORES ---
2025-10-06 18:34:35,299 - ui.main_window - INFO - 362 - --- CREANDO PÁGINA TEMAS ---
2025-10-06 18:34:35,303 - ui.main_window - INFO - 423 - --- FINALIZADA PÁGINA TEMAS ---
2025-10-06 18:34:35,303 - ui.main_window - INFO - 428 - --- CREANDO PÁGINA ANALISIS ---
2025-10-06 18:34:35,308 - ui.main_window - INFO - 492 - --- FINALIZADA PÁGINA ANALISIS ---
2025-10-06 18:34:35,308 - ui.main_window - INFO - 494 - --- INICIO PROCEDIMIENTOS INCIALES ---
2025-10-06 18:34:35,308 - ui.main_window - INFO - 496 - --- FIN DE MAIN WINDOW ---
2025-10-06 18:34:35,508 - __main__ - INFO - 72 - Ventana principal mostrada - Se inicia Main loop
2025-10-06 18:34:50,699 - database.connection - INFO - 37 - Conexión cerrada
2025-10-06 18:34:50,700 - __main__ - INFO - 77 - === Aplicación finalizada correctamente ===
2025-10-06 18:36:32,498 - __main__ - INFO - 56 - === Iniciando la aplicación ===
2025-10-06 18:36:32,498 - __main__ - INFO - 28 - Iniciando configuración de la aplicación El Porteño - Index
- Versión: 3.0.0
2025-10-06 18:36:32,542 - database.connection - INFO - 26 - Conexión establecida
2025-10-06 18:36:32,542 - __main__ - INFO - 64 - Creando ventana principal
2025-10-06 18:36:32,543 - ui.main_window - INFO - 34 - Creando widgets en MainWindow
2025-10-06 18:36:32,543 - ui.main_window - INFO - 62 - --- CREANDO PÁGINA REVISTAS ---
2025-10-06 18:36:32,561 - ui.main_window - INFO - 229 - --- FINALIZADA PÁGINA REVISTAS ---
2025-10-06 18:36:32,562 - ui.main_window - INFO - 235 - --- CREANDO PÁGINA AUTORES ---
2025-10-06 18:36:32,566 - ui.main_window - INFO - 357 - --- FINALIZADA PÁGINA AUTORES ---
2025-10-06 18:36:32,566 - ui.main_window - INFO - 362 - --- CREANDO PÁGINA TEMAS ---
2025-10-06 18:36:32,569 - ui.main_window - INFO - 423 - --- FINALIZADA PÁGINA TEMAS ---
2025-10-06 18:36:32,569 - ui.main_window - INFO - 428 - --- CREANDO PÁGINA ANALISIS ---
2025-10-06 18:36:32,574 - ui.main_window - INFO - 492 - --- FINALIZADA PÁGINA ANALISIS ---
2025-10-06 18:36:32,574 - ui.main_window - INFO - 494 - --- INICIO PROCEDIMIENTOS INCIALES ---
2025-10-06 18:36:32,574 - ui.main_window - INFO - 496 - --- FIN DE MAIN WINDOW ---
2025-10-06 18:36:32,761 - __main__ - INFO - 72 - Ventana principal mostrada - Se inicia Main loop
2025-10-06 18:36:46,730 - database.connection - INFO - 37 - Conexión cerrada
2025-10-06 18:36:46,731 - __main__ - INFO - 77 - === Aplicación finalizada correctamente ===
2025-10-07 18:31:22,504 - __main__ - INFO - 56 - === Iniciando la aplicación ===
2025-10-07 18:31:22,505 - __main__ - INFO - 28 - Iniciando configuración de la aplicación El Porteño - Index
- Versión: 3.0.0
2025-10-07 18:31:22,583 - database.connection - INFO - 26 - Conexión establecida
2025-10-07 18:31:22,583 - __main__ - INFO - 64 - Creando ventana principal
2025-10-07 18:31:22,584 - ui.main_window - INFO - 34 - Creando widgets en MainWindow
2025-10-07 18:31:22,586 - ui.main_window - INFO - 62 - --- CREANDO PÁGINA REVISTAS ---
2025-10-07 18:31:22,619 - ui.main_window - INFO - 229 - --- FINALIZADA PÁGINA REVISTAS ---
2025-10-07 18:31:22,619 - ui.main_window - INFO - 235 - --- CREANDO PÁGINA AUTORES ---
2025-10-07 18:31:22,628 - ui.main_window - INFO - 357 - --- FINALIZADA PÁGINA AUTORES ---
2025-10-07 18:31:22,628 - ui.main_window - INFO - 362 - --- CREANDO PÁGINA TEMAS ---
2025-10-07 18:31:22,637 - ui.main_window - INFO - 423 - --- FINALIZADA PÁGINA TEMAS ---
2025-10-07 18:31:22,638 - ui.main_window - INFO - 428 - --- CREANDO PÁGINA ANALISIS ---
2025-10-07 18:31:22,646 - ui.main_window - INFO - 492 - --- FINALIZADA PÁGINA ANALISIS ---
2025-10-07 18:31:22,646 - ui.main_window - INFO - 494 - --- INICIO PROCEDIMIENTOS INCIALES ---
2025-10-07 18:31:22,646 - ui.main_window - INFO - 496 - --- FIN DE MAIN WINDOW ---
2025-10-07 18:31:23,007 - __main__ - INFO - 72 - Ventana principal mostrada - Se inicia Main loop
2025-10-07 18:31:37,387 - __main__ - ERROR - 49 - Excepción no manejada:
Traceback (most recent call last):
  File "/home/luc/Documents/10_Archivo/Revistas/El Porteño/ui/dialogs.py", line 395, in bt_guardar_clicked
    data_original = self.get_data_from_app_state_revista()
                    ^^^^^^^^^^^^^^^^^^^^^^^^^^^^^^^^^^^^
AttributeError: 'DialogCorreo' object has no attribute 'get_data_from_app_state_revista'
2025-10-07 18:37:06,197 - __main__ - INFO - 56 - === Iniciando la aplicación ===
2025-10-07 18:37:06,197 - __main__ - INFO - 28 - Iniciando configuración de la aplicación El Porteño - Index
- Versión: 3.0.0
2025-10-07 18:37:06,266 - database.connection - INFO - 26 - Conexión establecida
2025-10-07 18:37:06,266 - __main__ - INFO - 64 - Creando ventana principal
2025-10-07 18:37:06,267 - ui.main_window - INFO - 34 - Creando widgets en MainWindow
2025-10-07 18:37:06,268 - ui.main_window - INFO - 62 - --- CREANDO PÁGINA REVISTAS ---
2025-10-07 18:37:06,296 - ui.main_window - INFO - 229 - --- FINALIZADA PÁGINA REVISTAS ---
2025-10-07 18:37:06,296 - ui.main_window - INFO - 235 - --- CREANDO PÁGINA AUTORES ---
2025-10-07 18:37:06,304 - ui.main_window - INFO - 357 - --- FINALIZADA PÁGINA AUTORES ---
2025-10-07 18:37:06,304 - ui.main_window - INFO - 362 - --- CREANDO PÁGINA TEMAS ---
2025-10-07 18:37:06,309 - ui.main_window - INFO - 423 - --- FINALIZADA PÁGINA TEMAS ---
2025-10-07 18:37:06,309 - ui.main_window - INFO - 428 - --- CREANDO PÁGINA ANALISIS ---
2025-10-07 18:37:06,317 - ui.main_window - INFO - 492 - --- FINALIZADA PÁGINA ANALISIS ---
2025-10-07 18:37:06,317 - ui.main_window - INFO - 494 - --- INICIO PROCEDIMIENTOS INCIALES ---
2025-10-07 18:37:06,317 - ui.main_window - INFO - 496 - --- FIN DE MAIN WINDOW ---
2025-10-07 18:37:06,629 - __main__ - INFO - 72 - Ventana principal mostrada - Se inicia Main loop
2025-10-07 18:37:20,548 - services - INFO - 341 - Se ha actualizado una carta: 1 filas afectadas
2025-10-07 18:37:29,222 - services - INFO - 341 - Se ha actualizado una carta: 1 filas afectadas
2025-10-07 18:37:52,364 - services - INFO - 341 - Se ha actualizado una carta: 1 filas afectadas
2025-10-07 18:38:27,376 - database.connection - INFO - 37 - Conexión cerrada
2025-10-07 18:38:27,378 - __main__ - INFO - 77 - === Aplicación finalizada correctamente ===
2025-10-07 18:38:46,097 - __main__ - INFO - 56 - === Iniciando la aplicación ===
2025-10-07 18:38:46,097 - __main__ - INFO - 28 - Iniciando configuración de la aplicación El Porteño - Index
- Versión: 3.0.0
2025-10-07 18:38:46,191 - database.connection - INFO - 26 - Conexión establecida
2025-10-07 18:38:46,191 - __main__ - INFO - 64 - Creando ventana principal
2025-10-07 18:38:46,192 - ui.main_window - INFO - 34 - Creando widgets en MainWindow
2025-10-07 18:38:46,193 - ui.main_window - INFO - 62 - --- CREANDO PÁGINA REVISTAS ---
2025-10-07 18:38:46,224 - ui.main_window - INFO - 229 - --- FINALIZADA PÁGINA REVISTAS ---
2025-10-07 18:38:46,224 - ui.main_window - INFO - 235 - --- CREANDO PÁGINA AUTORES ---
2025-10-07 18:38:46,231 - ui.main_window - INFO - 357 - --- FINALIZADA PÁGINA AUTORES ---
2025-10-07 18:38:46,231 - ui.main_window - INFO - 362 - --- CREANDO PÁGINA TEMAS ---
2025-10-07 18:38:46,237 - ui.main_window - INFO - 423 - --- FINALIZADA PÁGINA TEMAS ---
2025-10-07 18:38:46,237 - ui.main_window - INFO - 428 - --- CREANDO PÁGINA ANALISIS ---
2025-10-07 18:38:46,244 - ui.main_window - INFO - 492 - --- FINALIZADA PÁGINA ANALISIS ---
2025-10-07 18:38:46,244 - ui.main_window - INFO - 494 - --- INICIO PROCEDIMIENTOS INCIALES ---
2025-10-07 18:38:46,244 - ui.main_window - INFO - 496 - --- FIN DE MAIN WINDOW ---
2025-10-07 18:38:46,523 - __main__ - INFO - 72 - Ventana principal mostrada - Se inicia Main loop
2025-10-07 18:40:39,815 - database.connection - INFO - 37 - Conexión cerrada
2025-10-07 18:40:39,818 - __main__ - INFO - 77 - === Aplicación finalizada correctamente ===
2025-10-07 18:41:25,531 - __main__ - INFO - 56 - === Iniciando la aplicación ===
2025-10-07 18:41:25,532 - __main__ - INFO - 28 - Iniciando configuración de la aplicación El Porteño - Index
- Versión: 3.0.0
2025-10-07 18:41:25,598 - database.connection - INFO - 26 - Conexión establecida
2025-10-07 18:41:25,598 - __main__ - INFO - 64 - Creando ventana principal
2025-10-07 18:41:25,599 - ui.main_window - INFO - 34 - Creando widgets en MainWindow
2025-10-07 18:41:25,600 - ui.main_window - INFO - 62 - --- CREANDO PÁGINA REVISTAS ---
2025-10-07 18:41:25,627 - ui.main_window - INFO - 229 - --- FINALIZADA PÁGINA REVISTAS ---
2025-10-07 18:41:25,627 - ui.main_window - INFO - 235 - --- CREANDO PÁGINA AUTORES ---
2025-10-07 18:41:25,634 - ui.main_window - INFO - 357 - --- FINALIZADA PÁGINA AUTORES ---
2025-10-07 18:41:25,634 - ui.main_window - INFO - 362 - --- CREANDO PÁGINA TEMAS ---
2025-10-07 18:41:25,640 - ui.main_window - INFO - 423 - --- FINALIZADA PÁGINA TEMAS ---
2025-10-07 18:41:25,640 - ui.main_window - INFO - 428 - --- CREANDO PÁGINA ANALISIS ---
2025-10-07 18:41:25,647 - ui.main_window - INFO - 492 - --- FINALIZADA PÁGINA ANALISIS ---
2025-10-07 18:41:25,647 - ui.main_window - INFO - 494 - --- INICIO PROCEDIMIENTOS INCIALES ---
2025-10-07 18:41:25,647 - ui.main_window - INFO - 496 - --- FIN DE MAIN WINDOW ---
2025-10-07 18:41:25,925 - __main__ - INFO - 72 - Ventana principal mostrada - Se inicia Main loop
2025-10-07 18:44:09,379 - __main__ - INFO - 56 - === Iniciando la aplicación ===
2025-10-07 18:44:09,379 - __main__ - INFO - 28 - Iniciando configuración de la aplicación El Porteño - Index
- Versión: 3.0.0
2025-10-07 18:44:09,453 - database.connection - INFO - 26 - Conexión establecida
2025-10-07 18:44:09,453 - __main__ - INFO - 64 - Creando ventana principal
2025-10-07 18:44:09,454 - ui.main_window - INFO - 34 - Creando widgets en MainWindow
2025-10-07 18:44:09,456 - ui.main_window - INFO - 62 - --- CREANDO PÁGINA REVISTAS ---
2025-10-07 18:44:09,511 - ui.main_window - INFO - 229 - --- FINALIZADA PÁGINA REVISTAS ---
2025-10-07 18:44:09,512 - ui.main_window - INFO - 235 - --- CREANDO PÁGINA AUTORES ---
2025-10-07 18:44:09,524 - ui.main_window - INFO - 357 - --- FINALIZADA PÁGINA AUTORES ---
2025-10-07 18:44:09,524 - ui.main_window - INFO - 362 - --- CREANDO PÁGINA TEMAS ---
2025-10-07 18:44:09,531 - ui.main_window - INFO - 423 - --- FINALIZADA PÁGINA TEMAS ---
2025-10-07 18:44:09,531 - ui.main_window - INFO - 428 - --- CREANDO PÁGINA ANALISIS ---
2025-10-07 18:44:09,538 - ui.main_window - INFO - 492 - --- FINALIZADA PÁGINA ANALISIS ---
2025-10-07 18:44:09,538 - ui.main_window - INFO - 494 - --- INICIO PROCEDIMIENTOS INCIALES ---
2025-10-07 18:44:09,538 - ui.main_window - INFO - 496 - --- FIN DE MAIN WINDOW ---
2025-10-07 18:44:09,823 - __main__ - INFO - 72 - Ventana principal mostrada - Se inicia Main loop
2025-10-07 18:44:14,294 - __main__ - ERROR - 49 - Excepción no manejada:
Traceback (most recent call last):
  File "/home/luc/Documents/10_Archivo/Revistas/El Porteño/ui/dialogs.py", line 416, in bt_editar_clicked
    self.configurar_label_principal()
  File "/home/luc/Documents/10_Archivo/Revistas/El Porteño/ui/dialogs.py", line 265, in configurar_label_principal
    indice = correo[self.app_state.carta_seleccionada].index() + 1
             ~~~~~~^^^^^^^^^^^^^^^^^^^^^^^^^^^^^^^^^^^
TypeError: list indices must be integers or slices, not Carta
2025-10-07 18:45:13,951 - __main__ - INFO - 56 - === Iniciando la aplicación ===
2025-10-07 18:45:13,952 - __main__ - INFO - 28 - Iniciando configuración de la aplicación El Porteño - Index
- Versión: 3.0.0
2025-10-07 18:45:14,022 - database.connection - INFO - 26 - Conexión establecida
2025-10-07 18:45:14,022 - __main__ - INFO - 64 - Creando ventana principal
2025-10-07 18:45:14,023 - ui.main_window - INFO - 34 - Creando widgets en MainWindow
2025-10-07 18:45:14,023 - ui.main_window - INFO - 62 - --- CREANDO PÁGINA REVISTAS ---
2025-10-07 18:45:14,051 - ui.main_window - INFO - 229 - --- FINALIZADA PÁGINA REVISTAS ---
2025-10-07 18:45:14,051 - ui.main_window - INFO - 235 - --- CREANDO PÁGINA AUTORES ---
2025-10-07 18:45:14,058 - ui.main_window - INFO - 357 - --- FINALIZADA PÁGINA AUTORES ---
2025-10-07 18:45:14,058 - ui.main_window - INFO - 362 - --- CREANDO PÁGINA TEMAS ---
2025-10-07 18:45:14,064 - ui.main_window - INFO - 423 - --- FINALIZADA PÁGINA TEMAS ---
2025-10-07 18:45:14,064 - ui.main_window - INFO - 428 - --- CREANDO PÁGINA ANALISIS ---
2025-10-07 18:45:14,070 - ui.main_window - INFO - 492 - --- FINALIZADA PÁGINA ANALISIS ---
2025-10-07 18:45:14,070 - ui.main_window - INFO - 494 - --- INICIO PROCEDIMIENTOS INCIALES ---
2025-10-07 18:45:14,070 - ui.main_window - INFO - 496 - --- FIN DE MAIN WINDOW ---
2025-10-07 18:45:14,349 - __main__ - INFO - 72 - Ventana principal mostrada - Se inicia Main loop
2025-10-07 18:45:38,008 - database.connection - INFO - 37 - Conexión cerrada
2025-10-07 18:45:38,010 - __main__ - INFO - 77 - === Aplicación finalizada correctamente ===
2025-10-07 18:45:54,722 - __main__ - INFO - 56 - === Iniciando la aplicación ===
2025-10-07 18:45:54,723 - __main__ - INFO - 28 - Iniciando configuración de la aplicación El Porteño - Index
- Versión: 3.0.0
2025-10-07 18:45:54,790 - database.connection - INFO - 26 - Conexión establecida
2025-10-07 18:45:54,790 - __main__ - INFO - 64 - Creando ventana principal
2025-10-07 18:45:54,791 - ui.main_window - INFO - 34 - Creando widgets en MainWindow
2025-10-07 18:45:54,792 - ui.main_window - INFO - 62 - --- CREANDO PÁGINA REVISTAS ---
2025-10-07 18:45:54,819 - ui.main_window - INFO - 229 - --- FINALIZADA PÁGINA REVISTAS ---
2025-10-07 18:45:54,819 - ui.main_window - INFO - 235 - --- CREANDO PÁGINA AUTORES ---
2025-10-07 18:45:54,826 - ui.main_window - INFO - 357 - --- FINALIZADA PÁGINA AUTORES ---
2025-10-07 18:45:54,826 - ui.main_window - INFO - 362 - --- CREANDO PÁGINA TEMAS ---
2025-10-07 18:45:54,832 - ui.main_window - INFO - 423 - --- FINALIZADA PÁGINA TEMAS ---
2025-10-07 18:45:54,832 - ui.main_window - INFO - 428 - --- CREANDO PÁGINA ANALISIS ---
2025-10-07 18:45:54,839 - ui.main_window - INFO - 492 - --- FINALIZADA PÁGINA ANALISIS ---
2025-10-07 18:45:54,840 - ui.main_window - INFO - 494 - --- INICIO PROCEDIMIENTOS INCIALES ---
2025-10-07 18:45:54,840 - ui.main_window - INFO - 496 - --- FIN DE MAIN WINDOW ---
2025-10-07 18:45:55,160 - __main__ - INFO - 72 - Ventana principal mostrada - Se inicia Main loop
2025-10-07 18:46:03,476 - database.connection - INFO - 37 - Conexión cerrada
2025-10-07 18:46:03,478 - __main__ - INFO - 77 - === Aplicación finalizada correctamente ===
2025-10-07 18:46:16,360 - __main__ - INFO - 56 - === Iniciando la aplicación ===
2025-10-07 18:46:16,360 - __main__ - INFO - 28 - Iniciando configuración de la aplicación El Porteño - Index
- Versión: 3.0.0
2025-10-07 18:46:16,430 - database.connection - INFO - 26 - Conexión establecida
2025-10-07 18:46:16,430 - __main__ - INFO - 64 - Creando ventana principal
2025-10-07 18:46:16,431 - ui.main_window - INFO - 34 - Creando widgets en MainWindow
2025-10-07 18:46:16,431 - ui.main_window - INFO - 62 - --- CREANDO PÁGINA REVISTAS ---
2025-10-07 18:46:16,459 - ui.main_window - INFO - 229 - --- FINALIZADA PÁGINA REVISTAS ---
2025-10-07 18:46:16,459 - ui.main_window - INFO - 235 - --- CREANDO PÁGINA AUTORES ---
2025-10-07 18:46:16,467 - ui.main_window - INFO - 357 - --- FINALIZADA PÁGINA AUTORES ---
2025-10-07 18:46:16,467 - ui.main_window - INFO - 362 - --- CREANDO PÁGINA TEMAS ---
2025-10-07 18:46:16,473 - ui.main_window - INFO - 423 - --- FINALIZADA PÁGINA TEMAS ---
2025-10-07 18:46:16,473 - ui.main_window - INFO - 428 - --- CREANDO PÁGINA ANALISIS ---
2025-10-07 18:46:16,479 - ui.main_window - INFO - 492 - --- FINALIZADA PÁGINA ANALISIS ---
2025-10-07 18:46:16,479 - ui.main_window - INFO - 494 - --- INICIO PROCEDIMIENTOS INCIALES ---
2025-10-07 18:46:16,480 - ui.main_window - INFO - 496 - --- FIN DE MAIN WINDOW ---
2025-10-07 18:46:16,766 - __main__ - INFO - 72 - Ventana principal mostrada - Se inicia Main loop
2025-10-07 18:46:32,739 - database.connection - ERROR - 73 - Error en query: 
    INSERT INTO carta (revista_id, remitente, tema, relevante)
    VALUES (%s, %s, %s, %s);
 - 1364 (HY000): Field 'id' doesn't have a default value
2025-10-07 18:46:32,740 - services - ERROR - 334 - Falló el query AGREGAR NUEVA CARTA: 1364 (HY000): Field 'id' doesn't have a default value
2025-10-07 18:46:54,169 - database.connection - INFO - 37 - Conexión cerrada
2025-10-07 18:46:54,171 - __main__ - INFO - 77 - === Aplicación finalizada correctamente ===
2025-10-07 18:57:15,063 - __main__ - INFO - 56 - === Iniciando la aplicación ===
2025-10-07 18:57:15,063 - __main__ - INFO - 28 - Iniciando configuración de la aplicación El Porteño - Index
- Versión: 3.0.0
2025-10-07 18:57:15,131 - database.connection - INFO - 26 - Conexión establecida
2025-10-07 18:57:15,131 - __main__ - INFO - 64 - Creando ventana principal
2025-10-07 18:57:15,132 - ui.main_window - INFO - 34 - Creando widgets en MainWindow
2025-10-07 18:57:15,133 - ui.main_window - INFO - 62 - --- CREANDO PÁGINA REVISTAS ---
2025-10-07 18:57:15,167 - ui.main_window - INFO - 229 - --- FINALIZADA PÁGINA REVISTAS ---
2025-10-07 18:57:15,167 - ui.main_window - INFO - 235 - --- CREANDO PÁGINA AUTORES ---
2025-10-07 18:57:15,182 - ui.main_window - INFO - 357 - --- FINALIZADA PÁGINA AUTORES ---
2025-10-07 18:57:15,182 - ui.main_window - INFO - 362 - --- CREANDO PÁGINA TEMAS ---
2025-10-07 18:57:15,191 - ui.main_window - INFO - 423 - --- FINALIZADA PÁGINA TEMAS ---
2025-10-07 18:57:15,191 - ui.main_window - INFO - 428 - --- CREANDO PÁGINA ANALISIS ---
2025-10-07 18:57:15,199 - ui.main_window - INFO - 492 - --- FINALIZADA PÁGINA ANALISIS ---
2025-10-07 18:57:15,200 - ui.main_window - INFO - 494 - --- INICIO PROCEDIMIENTOS INCIALES ---
2025-10-07 18:57:15,200 - ui.main_window - INFO - 496 - --- FIN DE MAIN WINDOW ---
2025-10-07 18:57:15,489 - __main__ - INFO - 72 - Ventana principal mostrada - Se inicia Main loop
2025-10-07 18:57:28,372 - services - INFO - 332 - Se ha guardado una nueva carta_ 1 filas afectadas
2025-10-07 18:58:35,356 - database.connection - INFO - 37 - Conexión cerrada
2025-10-07 18:58:35,358 - __main__ - INFO - 77 - === Aplicación finalizada correctamente ===
2025-10-07 18:58:48,064 - __main__ - INFO - 56 - === Iniciando la aplicación ===
2025-10-07 18:58:48,065 - __main__ - INFO - 28 - Iniciando configuración de la aplicación El Porteño - Index
- Versión: 3.0.0
2025-10-07 18:58:48,135 - database.connection - INFO - 26 - Conexión establecida
2025-10-07 18:58:48,135 - __main__ - INFO - 64 - Creando ventana principal
2025-10-07 18:58:48,136 - ui.main_window - INFO - 34 - Creando widgets en MainWindow
2025-10-07 18:58:48,137 - ui.main_window - INFO - 62 - --- CREANDO PÁGINA REVISTAS ---
2025-10-07 18:58:48,165 - ui.main_window - INFO - 229 - --- FINALIZADA PÁGINA REVISTAS ---
2025-10-07 18:58:48,165 - ui.main_window - INFO - 235 - --- CREANDO PÁGINA AUTORES ---
2025-10-07 18:58:48,173 - ui.main_window - INFO - 357 - --- FINALIZADA PÁGINA AUTORES ---
2025-10-07 18:58:48,173 - ui.main_window - INFO - 362 - --- CREANDO PÁGINA TEMAS ---
2025-10-07 18:58:48,180 - ui.main_window - INFO - 423 - --- FINALIZADA PÁGINA TEMAS ---
2025-10-07 18:58:48,180 - ui.main_window - INFO - 428 - --- CREANDO PÁGINA ANALISIS ---
2025-10-07 18:58:48,187 - ui.main_window - INFO - 492 - --- FINALIZADA PÁGINA ANALISIS ---
2025-10-07 18:58:48,187 - ui.main_window - INFO - 494 - --- INICIO PROCEDIMIENTOS INCIALES ---
2025-10-07 18:58:48,187 - ui.main_window - INFO - 496 - --- FIN DE MAIN WINDOW ---
2025-10-07 18:58:48,479 - __main__ - INFO - 72 - Ventana principal mostrada - Se inicia Main loop
2025-10-07 18:58:57,480 - database.connection - INFO - 37 - Conexión cerrada
2025-10-07 18:58:57,483 - __main__ - INFO - 77 - === Aplicación finalizada correctamente ===
2025-10-08 19:59:57,718 - __main__ - INFO - 56 - === Iniciando la aplicación ===
2025-10-08 19:59:57,719 - __main__ - INFO - 28 - Iniciando configuración de la aplicación El Porteño - Index
- Versión: 3.0.0
2025-10-08 19:59:57,814 - database.connection - INFO - 26 - Conexión establecida
2025-10-08 19:59:57,814 - __main__ - INFO - 64 - Creando ventana principal
2025-10-08 19:59:57,815 - ui.main_window - INFO - 34 - Creando widgets en MainWindow
2025-10-08 19:59:57,816 - ui.main_window - INFO - 62 - --- CREANDO PÁGINA REVISTAS ---
2025-10-08 19:59:57,846 - ui.main_window - INFO - 229 - --- FINALIZADA PÁGINA REVISTAS ---
2025-10-08 19:59:57,846 - ui.main_window - INFO - 235 - --- CREANDO PÁGINA AUTORES ---
2025-10-08 19:59:57,853 - ui.main_window - INFO - 357 - --- FINALIZADA PÁGINA AUTORES ---
2025-10-08 19:59:57,853 - ui.main_window - INFO - 362 - --- CREANDO PÁGINA TEMAS ---
2025-10-08 19:59:57,859 - ui.main_window - INFO - 423 - --- FINALIZADA PÁGINA TEMAS ---
2025-10-08 19:59:57,860 - ui.main_window - INFO - 428 - --- CREANDO PÁGINA ANALISIS ---
2025-10-08 19:59:57,867 - ui.main_window - INFO - 492 - --- FINALIZADA PÁGINA ANALISIS ---
2025-10-08 19:59:57,867 - ui.main_window - INFO - 494 - --- INICIO PROCEDIMIENTOS INCIALES ---
2025-10-08 19:59:57,867 - ui.main_window - INFO - 496 - --- FIN DE MAIN WINDOW ---
2025-10-08 19:59:58,344 - __main__ - INFO - 72 - Ventana principal mostrada - Se inicia Main loop
2025-10-08 20:00:28,416 - database.connection - INFO - 37 - Conexión cerrada
2025-10-08 20:00:28,418 - __main__ - INFO - 77 - === Aplicación finalizada correctamente ===
2025-10-08 20:07:35,289 - __main__ - INFO - 56 - === Iniciando la aplicación ===
2025-10-08 20:07:35,290 - __main__ - INFO - 28 - Iniciando configuración de la aplicación El Porteño - Index
- Versión: 3.0.0
2025-10-08 20:07:35,357 - database.connection - INFO - 26 - Conexión establecida
2025-10-08 20:07:35,357 - __main__ - INFO - 64 - Creando ventana principal
2025-10-08 20:07:35,358 - ui.main_window - INFO - 34 - Creando widgets en MainWindow
2025-10-08 20:07:35,358 - ui.main_window - INFO - 62 - --- CREANDO PÁGINA REVISTAS ---
2025-10-08 20:07:35,359 - __main__ - INFO - 56 - === Iniciando la aplicación ===
2025-10-08 20:07:35,359 - __main__ - INFO - 28 - Iniciando configuración de la aplicación El Porteño - Index
- Versión: 3.0.0
2025-10-08 20:07:35,393 - ui.main_window - INFO - 229 - --- FINALIZADA PÁGINA REVISTAS ---
2025-10-08 20:07:35,393 - ui.main_window - INFO - 235 - --- CREANDO PÁGINA AUTORES ---
2025-10-08 20:07:35,402 - ui.main_window - INFO - 357 - --- FINALIZADA PÁGINA AUTORES ---
2025-10-08 20:07:35,402 - ui.main_window - INFO - 362 - --- CREANDO PÁGINA TEMAS ---
2025-10-08 20:07:35,409 - ui.main_window - INFO - 423 - --- FINALIZADA PÁGINA TEMAS ---
2025-10-08 20:07:35,409 - ui.main_window - INFO - 428 - --- CREANDO PÁGINA ANALISIS ---
2025-10-08 20:07:35,416 - ui.main_window - INFO - 492 - --- FINALIZADA PÁGINA ANALISIS ---
2025-10-08 20:07:35,416 - ui.main_window - INFO - 494 - --- INICIO PROCEDIMIENTOS INCIALES ---
2025-10-08 20:07:35,416 - ui.main_window - INFO - 496 - --- FIN DE MAIN WINDOW ---
2025-10-08 20:07:35,457 - database.connection - INFO - 26 - Conexión establecida
2025-10-08 20:07:35,457 - __main__ - INFO - 64 - Creando ventana principal
2025-10-08 20:07:35,459 - ui.main_window - INFO - 34 - Creando widgets en MainWindow
2025-10-08 20:07:35,460 - ui.main_window - INFO - 62 - --- CREANDO PÁGINA REVISTAS ---
2025-10-08 20:07:35,533 - ui.main_window - INFO - 229 - --- FINALIZADA PÁGINA REVISTAS ---
2025-10-08 20:07:35,533 - ui.main_window - INFO - 235 - --- CREANDO PÁGINA AUTORES ---
2025-10-08 20:07:35,548 - ui.main_window - INFO - 357 - --- FINALIZADA PÁGINA AUTORES ---
2025-10-08 20:07:35,548 - ui.main_window - INFO - 362 - --- CREANDO PÁGINA TEMAS ---
2025-10-08 20:07:35,558 - ui.main_window - INFO - 423 - --- FINALIZADA PÁGINA TEMAS ---
2025-10-08 20:07:35,559 - ui.main_window - INFO - 428 - --- CREANDO PÁGINA ANALISIS ---
2025-10-08 20:07:35,571 - ui.main_window - INFO - 492 - --- FINALIZADA PÁGINA ANALISIS ---
2025-10-08 20:07:35,571 - ui.main_window - INFO - 494 - --- INICIO PROCEDIMIENTOS INCIALES ---
2025-10-08 20:07:35,571 - ui.main_window - INFO - 496 - --- FIN DE MAIN WINDOW ---
2025-10-08 20:07:36,002 - __main__ - INFO - 72 - Ventana principal mostrada - Se inicia Main loop
2025-10-08 20:07:36,061 - __main__ - INFO - 72 - Ventana principal mostrada - Se inicia Main loop
2025-10-08 20:07:39,006 - database.connection - INFO - 37 - Conexión cerrada
2025-10-08 20:07:39,008 - __main__ - INFO - 77 - === Aplicación finalizada correctamente ===
2025-10-08 20:07:40,009 - __main__ - ERROR - 49 - Excepción no manejada:
Traceback (most recent call last):
  File "/home/luc/Documents/10_Archivo/Revistas/El Porteño/ui/main_window.py", line 980, in bt_cartas_en_revista_clicked
    window_correo = DialogCorreo(self.app_state)
                    ^^^^^^^^^^^^^^^^^^^^^^^^^^^^
  File "/home/luc/Documents/10_Archivo/Revistas/El Porteño/ui/dialogs.py", line 23, in __init__
    self._connect_signals()
  File "/home/luc/Documents/10_Archivo/Revistas/El Porteño/ui/dialogs.py", line 137, in _connect_signals
    self.bt_cargar_grupo_analisis.connect("clicked", self.bt_cargar_grupo_analisis)
TypeError: second argument must be callable
2025-10-08 20:07:46,741 - __main__ - INFO - 56 - === Iniciando la aplicación ===
2025-10-08 20:07:46,741 - __main__ - INFO - 28 - Iniciando configuración de la aplicación El Porteño - Index
- Versión: 3.0.0
2025-10-08 20:07:46,808 - database.connection - INFO - 26 - Conexión establecida
2025-10-08 20:07:46,808 - __main__ - INFO - 64 - Creando ventana principal
2025-10-08 20:07:46,809 - ui.main_window - INFO - 34 - Creando widgets en MainWindow
2025-10-08 20:07:46,810 - ui.main_window - INFO - 62 - --- CREANDO PÁGINA REVISTAS ---
2025-10-08 20:07:46,838 - ui.main_window - INFO - 229 - --- FINALIZADA PÁGINA REVISTAS ---
2025-10-08 20:07:46,838 - ui.main_window - INFO - 235 - --- CREANDO PÁGINA AUTORES ---
2025-10-08 20:07:46,845 - ui.main_window - INFO - 357 - --- FINALIZADA PÁGINA AUTORES ---
2025-10-08 20:07:46,845 - ui.main_window - INFO - 362 - --- CREANDO PÁGINA TEMAS ---
2025-10-08 20:07:46,850 - ui.main_window - INFO - 423 - --- FINALIZADA PÁGINA TEMAS ---
2025-10-08 20:07:46,850 - ui.main_window - INFO - 428 - --- CREANDO PÁGINA ANALISIS ---
2025-10-08 20:07:46,857 - ui.main_window - INFO - 492 - --- FINALIZADA PÁGINA ANALISIS ---
2025-10-08 20:07:46,857 - ui.main_window - INFO - 494 - --- INICIO PROCEDIMIENTOS INCIALES ---
2025-10-08 20:07:46,857 - ui.main_window - INFO - 496 - --- FIN DE MAIN WINDOW ---
2025-10-08 20:07:47,172 - __main__ - INFO - 72 - Ventana principal mostrada - Se inicia Main loop
2025-10-08 20:07:49,637 - __main__ - ERROR - 49 - Excepción no manejada:
Traceback (most recent call last):
  File "/home/luc/Documents/10_Archivo/Revistas/El Porteño/ui/main_window.py", line 980, in bt_cartas_en_revista_clicked
    window_correo = DialogCorreo(self.app_state)
                    ^^^^^^^^^^^^^^^^^^^^^^^^^^^^
  File "/home/luc/Documents/10_Archivo/Revistas/El Porteño/ui/dialogs.py", line 23, in __init__
    self._connect_signals()
  File "/home/luc/Documents/10_Archivo/Revistas/El Porteño/ui/dialogs.py", line 137, in _connect_signals
    self.bt_cargar_grupo_analisis.connect("clicked", self.bt_cargar_grupo_analisis)
TypeError: second argument must be callable
2025-10-08 20:08:29,837 - __main__ - INFO - 56 - === Iniciando la aplicación ===
2025-10-08 20:08:29,837 - __main__ - INFO - 28 - Iniciando configuración de la aplicación El Porteño - Index
- Versión: 3.0.0
2025-10-08 20:08:29,918 - database.connection - INFO - 26 - Conexión establecida
2025-10-08 20:08:29,918 - __main__ - INFO - 64 - Creando ventana principal
2025-10-08 20:08:29,919 - ui.main_window - INFO - 34 - Creando widgets en MainWindow
2025-10-08 20:08:29,920 - ui.main_window - INFO - 62 - --- CREANDO PÁGINA REVISTAS ---
2025-10-08 20:08:29,959 - ui.main_window - INFO - 229 - --- FINALIZADA PÁGINA REVISTAS ---
2025-10-08 20:08:29,960 - ui.main_window - INFO - 235 - --- CREANDO PÁGINA AUTORES ---
2025-10-08 20:08:29,975 - ui.main_window - INFO - 357 - --- FINALIZADA PÁGINA AUTORES ---
2025-10-08 20:08:29,975 - ui.main_window - INFO - 362 - --- CREANDO PÁGINA TEMAS ---
2025-10-08 20:08:29,986 - ui.main_window - INFO - 423 - --- FINALIZADA PÁGINA TEMAS ---
2025-10-08 20:08:29,986 - ui.main_window - INFO - 428 - --- CREANDO PÁGINA ANALISIS ---
2025-10-08 20:08:29,995 - ui.main_window - INFO - 492 - --- FINALIZADA PÁGINA ANALISIS ---
2025-10-08 20:08:29,995 - ui.main_window - INFO - 494 - --- INICIO PROCEDIMIENTOS INCIALES ---
2025-10-08 20:08:29,995 - ui.main_window - INFO - 496 - --- FIN DE MAIN WINDOW ---
2025-10-08 20:08:30,460 - __main__ - INFO - 72 - Ventana principal mostrada - Se inicia Main loop
2025-10-08 20:08:39,427 - __main__ - ERROR - 49 - Excepción no manejada:
Traceback (most recent call last):
  File "/home/luc/Documents/10_Archivo/Revistas/El Porteño/ui/dialogs.py", line 414, in bt_cargar_grupo_analisis_clicked
    print(self.cb_grupo_analisis.get_active()[1])
          ~~~~~~~~~~~~~~~~~~~~~~~~~~~~~~~~~~~^^^
TypeError: 'int' object is not subscriptable
2025-10-08 20:09:07,088 - __main__ - INFO - 56 - === Iniciando la aplicación ===
2025-10-08 20:09:07,088 - __main__ - INFO - 28 - Iniciando configuración de la aplicación El Porteño - Index
- Versión: 3.0.0
2025-10-08 20:09:07,156 - database.connection - INFO - 26 - Conexión establecida
2025-10-08 20:09:07,156 - __main__ - INFO - 64 - Creando ventana principal
2025-10-08 20:09:07,157 - ui.main_window - INFO - 34 - Creando widgets en MainWindow
2025-10-08 20:09:07,158 - ui.main_window - INFO - 62 - --- CREANDO PÁGINA REVISTAS ---
2025-10-08 20:09:07,186 - ui.main_window - INFO - 229 - --- FINALIZADA PÁGINA REVISTAS ---
2025-10-08 20:09:07,186 - ui.main_window - INFO - 235 - --- CREANDO PÁGINA AUTORES ---
2025-10-08 20:09:07,194 - ui.main_window - INFO - 357 - --- FINALIZADA PÁGINA AUTORES ---
2025-10-08 20:09:07,194 - ui.main_window - INFO - 362 - --- CREANDO PÁGINA TEMAS ---
2025-10-08 20:09:07,200 - ui.main_window - INFO - 423 - --- FINALIZADA PÁGINA TEMAS ---
2025-10-08 20:09:07,200 - ui.main_window - INFO - 428 - --- CREANDO PÁGINA ANALISIS ---
2025-10-08 20:09:07,207 - ui.main_window - INFO - 492 - --- FINALIZADA PÁGINA ANALISIS ---
2025-10-08 20:09:07,207 - ui.main_window - INFO - 494 - --- INICIO PROCEDIMIENTOS INCIALES ---
2025-10-08 20:09:07,207 - ui.main_window - INFO - 496 - --- FIN DE MAIN WINDOW ---
2025-10-08 20:09:07,501 - __main__ - INFO - 72 - Ventana principal mostrada - Se inicia Main loop
2025-10-08 20:09:17,993 - database.connection - INFO - 37 - Conexión cerrada
2025-10-08 20:09:17,995 - __main__ - INFO - 77 - === Aplicación finalizada correctamente ===
2025-10-08 20:09:57,921 - __main__ - INFO - 56 - === Iniciando la aplicación ===
2025-10-08 20:09:57,921 - __main__ - INFO - 28 - Iniciando configuración de la aplicación El Porteño - Index
- Versión: 3.0.0
2025-10-08 20:09:57,989 - database.connection - INFO - 26 - Conexión establecida
2025-10-08 20:09:57,989 - __main__ - INFO - 64 - Creando ventana principal
2025-10-08 20:09:57,990 - ui.main_window - INFO - 34 - Creando widgets en MainWindow
2025-10-08 20:09:57,991 - ui.main_window - INFO - 62 - --- CREANDO PÁGINA REVISTAS ---
2025-10-08 20:09:58,018 - ui.main_window - INFO - 229 - --- FINALIZADA PÁGINA REVISTAS ---
2025-10-08 20:09:58,018 - ui.main_window - INFO - 235 - --- CREANDO PÁGINA AUTORES ---
2025-10-08 20:09:58,025 - ui.main_window - INFO - 357 - --- FINALIZADA PÁGINA AUTORES ---
2025-10-08 20:09:58,025 - ui.main_window - INFO - 362 - --- CREANDO PÁGINA TEMAS ---
2025-10-08 20:09:58,031 - ui.main_window - INFO - 423 - --- FINALIZADA PÁGINA TEMAS ---
2025-10-08 20:09:58,031 - ui.main_window - INFO - 428 - --- CREANDO PÁGINA ANALISIS ---
2025-10-08 20:09:58,037 - ui.main_window - INFO - 492 - --- FINALIZADA PÁGINA ANALISIS ---
2025-10-08 20:09:58,037 - ui.main_window - INFO - 494 - --- INICIO PROCEDIMIENTOS INCIALES ---
2025-10-08 20:09:58,037 - ui.main_window - INFO - 496 - --- FIN DE MAIN WINDOW ---
2025-10-08 20:09:58,373 - __main__ - INFO - 72 - Ventana principal mostrada - Se inicia Main loop
2025-10-08 20:10:18,192 - database.connection - INFO - 37 - Conexión cerrada
2025-10-08 20:10:18,194 - __main__ - INFO - 77 - === Aplicación finalizada correctamente ===
2025-10-08 20:10:57,260 - __main__ - INFO - 56 - === Iniciando la aplicación ===
2025-10-08 20:10:57,261 - __main__ - INFO - 28 - Iniciando configuración de la aplicación El Porteño - Index
- Versión: 3.0.0
2025-10-08 20:10:57,328 - database.connection - INFO - 26 - Conexión establecida
2025-10-08 20:10:57,328 - __main__ - INFO - 64 - Creando ventana principal
2025-10-08 20:10:57,329 - ui.main_window - INFO - 34 - Creando widgets en MainWindow
2025-10-08 20:10:57,330 - ui.main_window - INFO - 62 - --- CREANDO PÁGINA REVISTAS ---
2025-10-08 20:10:57,360 - ui.main_window - INFO - 229 - --- FINALIZADA PÁGINA REVISTAS ---
2025-10-08 20:10:57,360 - ui.main_window - INFO - 235 - --- CREANDO PÁGINA AUTORES ---
2025-10-08 20:10:57,367 - ui.main_window - INFO - 357 - --- FINALIZADA PÁGINA AUTORES ---
2025-10-08 20:10:57,367 - ui.main_window - INFO - 362 - --- CREANDO PÁGINA TEMAS ---
2025-10-08 20:10:57,373 - ui.main_window - INFO - 423 - --- FINALIZADA PÁGINA TEMAS ---
2025-10-08 20:10:57,373 - ui.main_window - INFO - 428 - --- CREANDO PÁGINA ANALISIS ---
2025-10-08 20:10:57,380 - ui.main_window - INFO - 492 - --- FINALIZADA PÁGINA ANALISIS ---
2025-10-08 20:10:57,380 - ui.main_window - INFO - 494 - --- INICIO PROCEDIMIENTOS INCIALES ---
2025-10-08 20:10:57,380 - ui.main_window - INFO - 496 - --- FIN DE MAIN WINDOW ---
2025-10-08 20:10:57,653 - __main__ - INFO - 72 - Ventana principal mostrada - Se inicia Main loop
2025-10-08 20:11:04,383 - __main__ - ERROR - 49 - Excepción no manejada:
Traceback (most recent call last):
  File "/home/luc/Documents/10_Archivo/Revistas/El Porteño/ui/dialogs.py", line 413, in bt_cargar_grupo_analisis_clicked
    if active == -1:
       ^^^^^^
NameError: name 'active' is not defined
2025-10-08 20:11:13,648 - __main__ - INFO - 56 - === Iniciando la aplicación ===
2025-10-08 20:11:13,649 - __main__ - INFO - 28 - Iniciando configuración de la aplicación El Porteño - Index
- Versión: 3.0.0
2025-10-08 20:11:13,716 - database.connection - INFO - 26 - Conexión establecida
2025-10-08 20:11:13,716 - __main__ - INFO - 64 - Creando ventana principal
2025-10-08 20:11:13,717 - ui.main_window - INFO - 34 - Creando widgets en MainWindow
2025-10-08 20:11:13,718 - ui.main_window - INFO - 62 - --- CREANDO PÁGINA REVISTAS ---
2025-10-08 20:11:13,745 - ui.main_window - INFO - 229 - --- FINALIZADA PÁGINA REVISTAS ---
2025-10-08 20:11:13,745 - ui.main_window - INFO - 235 - --- CREANDO PÁGINA AUTORES ---
2025-10-08 20:11:13,752 - ui.main_window - INFO - 357 - --- FINALIZADA PÁGINA AUTORES ---
2025-10-08 20:11:13,752 - ui.main_window - INFO - 362 - --- CREANDO PÁGINA TEMAS ---
2025-10-08 20:11:13,758 - ui.main_window - INFO - 423 - --- FINALIZADA PÁGINA TEMAS ---
2025-10-08 20:11:13,758 - ui.main_window - INFO - 428 - --- CREANDO PÁGINA ANALISIS ---
2025-10-08 20:11:13,764 - ui.main_window - INFO - 492 - --- FINALIZADA PÁGINA ANALISIS ---
2025-10-08 20:11:13,764 - ui.main_window - INFO - 494 - --- INICIO PROCEDIMIENTOS INCIALES ---
2025-10-08 20:11:13,765 - ui.main_window - INFO - 496 - --- FIN DE MAIN WINDOW ---
2025-10-08 20:11:14,082 - __main__ - INFO - 72 - Ventana principal mostrada - Se inicia Main loop
2025-10-08 20:11:23,700 - __main__ - ERROR - 49 - Excepción no manejada:
Traceback (most recent call last):
  File "/home/luc/Documents/10_Archivo/Revistas/El Porteño/ui/dialogs.py", line 416, in bt_cargar_grupo_analisis_clicked
    print(model[row](1))
          ^^^^^^^^^^^^^
TypeError: 'TreeModelRow' object is not callable
2025-10-08 20:11:38,336 - __main__ - INFO - 56 - === Iniciando la aplicación ===
2025-10-08 20:11:38,336 - __main__ - INFO - 28 - Iniciando configuración de la aplicación El Porteño - Index
- Versión: 3.0.0
2025-10-08 20:11:38,403 - database.connection - INFO - 26 - Conexión establecida
2025-10-08 20:11:38,403 - __main__ - INFO - 64 - Creando ventana principal
2025-10-08 20:11:38,404 - ui.main_window - INFO - 34 - Creando widgets en MainWindow
2025-10-08 20:11:38,405 - ui.main_window - INFO - 62 - --- CREANDO PÁGINA REVISTAS ---
2025-10-08 20:11:38,432 - ui.main_window - INFO - 229 - --- FINALIZADA PÁGINA REVISTAS ---
2025-10-08 20:11:38,432 - ui.main_window - INFO - 235 - --- CREANDO PÁGINA AUTORES ---
2025-10-08 20:11:38,439 - ui.main_window - INFO - 357 - --- FINALIZADA PÁGINA AUTORES ---
2025-10-08 20:11:38,439 - ui.main_window - INFO - 362 - --- CREANDO PÁGINA TEMAS ---
2025-10-08 20:11:38,444 - ui.main_window - INFO - 423 - --- FINALIZADA PÁGINA TEMAS ---
2025-10-08 20:11:38,444 - ui.main_window - INFO - 428 - --- CREANDO PÁGINA ANALISIS ---
2025-10-08 20:11:38,451 - ui.main_window - INFO - 492 - --- FINALIZADA PÁGINA ANALISIS ---
2025-10-08 20:11:38,451 - ui.main_window - INFO - 494 - --- INICIO PROCEDIMIENTOS INCIALES ---
2025-10-08 20:11:38,451 - ui.main_window - INFO - 496 - --- FIN DE MAIN WINDOW ---
2025-10-08 20:11:38,771 - __main__ - INFO - 72 - Ventana principal mostrada - Se inicia Main loop
2025-10-08 20:11:57,541 - database.connection - INFO - 37 - Conexión cerrada
2025-10-08 20:11:57,543 - __main__ - INFO - 77 - === Aplicación finalizada correctamente ===
2025-10-08 20:58:49,017 - __main__ - INFO - 56 - === Iniciando la aplicación ===
2025-10-08 20:58:49,017 - __main__ - INFO - 28 - Iniciando configuración de la aplicación El Porteño - Index
- Versión: 3.0.0
2025-10-08 20:58:49,084 - database.connection - INFO - 26 - Conexión establecida
2025-10-08 20:58:49,084 - __main__ - INFO - 64 - Creando ventana principal
2025-10-08 20:58:49,085 - ui.main_window - INFO - 34 - Creando widgets en MainWindow
2025-10-08 20:58:49,085 - ui.main_window - INFO - 62 - --- CREANDO PÁGINA REVISTAS ---
2025-10-08 20:58:49,117 - ui.main_window - INFO - 229 - --- FINALIZADA PÁGINA REVISTAS ---
2025-10-08 20:58:49,117 - ui.main_window - INFO - 235 - --- CREANDO PÁGINA AUTORES ---
2025-10-08 20:58:49,125 - ui.main_window - INFO - 357 - --- FINALIZADA PÁGINA AUTORES ---
2025-10-08 20:58:49,125 - ui.main_window - INFO - 362 - --- CREANDO PÁGINA TEMAS ---
2025-10-08 20:58:49,132 - ui.main_window - INFO - 423 - --- FINALIZADA PÁGINA TEMAS ---
2025-10-08 20:58:49,132 - ui.main_window - INFO - 428 - --- CREANDO PÁGINA ANALISIS ---
2025-10-08 20:58:49,142 - ui.main_window - INFO - 492 - --- FINALIZADA PÁGINA ANALISIS ---
2025-10-08 20:58:49,142 - ui.main_window - INFO - 494 - --- INICIO PROCEDIMIENTOS INCIALES ---
2025-10-08 20:58:49,142 - ui.main_window - INFO - 496 - --- FIN DE MAIN WINDOW ---
2025-10-08 20:58:49,468 - __main__ - INFO - 72 - Ventana principal mostrada - Se inicia Main loop
2025-10-08 20:58:52,510 - __main__ - ERROR - 49 - Excepción no manejada:
Traceback (most recent call last):
  File "/home/luc/Documents/10_Archivo/Revistas/El Porteño/ui/dialogs.py", line 414, in bt_cargar_grupo_analisis_clicked
    grupo_analisis = Categoria({'id': valor[0], 'grupo': valor[1]})
                                      ~~~~~^^^
TypeError: 'NoneType' object is not subscriptable
2025-10-08 20:59:09,918 - __main__ - INFO - 56 - === Iniciando la aplicación ===
2025-10-08 20:59:09,918 - __main__ - INFO - 28 - Iniciando configuración de la aplicación El Porteño - Index
- Versión: 3.0.0
2025-10-08 20:59:10,015 - database.connection - INFO - 26 - Conexión establecida
2025-10-08 20:59:10,015 - __main__ - INFO - 64 - Creando ventana principal
2025-10-08 20:59:10,016 - ui.main_window - INFO - 34 - Creando widgets en MainWindow
2025-10-08 20:59:10,017 - ui.main_window - INFO - 62 - --- CREANDO PÁGINA REVISTAS ---
2025-10-08 20:59:10,070 - ui.main_window - INFO - 229 - --- FINALIZADA PÁGINA REVISTAS ---
2025-10-08 20:59:10,071 - ui.main_window - INFO - 235 - --- CREANDO PÁGINA AUTORES ---
2025-10-08 20:59:10,084 - ui.main_window - INFO - 357 - --- FINALIZADA PÁGINA AUTORES ---
2025-10-08 20:59:10,084 - ui.main_window - INFO - 362 - --- CREANDO PÁGINA TEMAS ---
2025-10-08 20:59:10,095 - ui.main_window - INFO - 423 - --- FINALIZADA PÁGINA TEMAS ---
2025-10-08 20:59:10,095 - ui.main_window - INFO - 428 - --- CREANDO PÁGINA ANALISIS ---
2025-10-08 20:59:10,107 - ui.main_window - INFO - 492 - --- FINALIZADA PÁGINA ANALISIS ---
2025-10-08 20:59:10,108 - ui.main_window - INFO - 494 - --- INICIO PROCEDIMIENTOS INCIALES ---
2025-10-08 20:59:10,108 - ui.main_window - INFO - 496 - --- FIN DE MAIN WINDOW ---
2025-10-08 20:59:10,477 - __main__ - INFO - 72 - Ventana principal mostrada - Se inicia Main loop
2025-10-08 20:59:13,392 - __main__ - ERROR - 49 - Excepción no manejada:
Traceback (most recent call last):
  File "/home/luc/Documents/10_Archivo/Revistas/El Porteño/ui/dialogs.py", line 414, in bt_cargar_grupo_analisis_clicked
    grupo_analisis = Categoria({'id': valor[0], 'grupo': valor[1]})
                                      ~~~~~^^^
TypeError: 'NoneType' object is not subscriptable
2025-10-08 20:59:58,379 - __main__ - INFO - 56 - === Iniciando la aplicación ===
2025-10-08 20:59:58,379 - __main__ - INFO - 28 - Iniciando configuración de la aplicación El Porteño - Index
- Versión: 3.0.0
2025-10-08 20:59:58,449 - database.connection - INFO - 26 - Conexión establecida
2025-10-08 20:59:58,449 - __main__ - INFO - 64 - Creando ventana principal
2025-10-08 20:59:58,450 - ui.main_window - INFO - 34 - Creando widgets en MainWindow
2025-10-08 20:59:58,451 - ui.main_window - INFO - 62 - --- CREANDO PÁGINA REVISTAS ---
2025-10-08 20:59:58,479 - ui.main_window - INFO - 229 - --- FINALIZADA PÁGINA REVISTAS ---
2025-10-08 20:59:58,479 - ui.main_window - INFO - 235 - --- CREANDO PÁGINA AUTORES ---
2025-10-08 20:59:58,486 - ui.main_window - INFO - 357 - --- FINALIZADA PÁGINA AUTORES ---
2025-10-08 20:59:58,486 - ui.main_window - INFO - 362 - --- CREANDO PÁGINA TEMAS ---
2025-10-08 20:59:58,492 - ui.main_window - INFO - 423 - --- FINALIZADA PÁGINA TEMAS ---
2025-10-08 20:59:58,492 - ui.main_window - INFO - 428 - --- CREANDO PÁGINA ANALISIS ---
2025-10-08 20:59:58,498 - ui.main_window - INFO - 492 - --- FINALIZADA PÁGINA ANALISIS ---
2025-10-08 20:59:58,498 - ui.main_window - INFO - 494 - --- INICIO PROCEDIMIENTOS INCIALES ---
2025-10-08 20:59:58,498 - ui.main_window - INFO - 496 - --- FIN DE MAIN WINDOW ---
2025-10-08 20:59:58,970 - __main__ - INFO - 72 - Ventana principal mostrada - Se inicia Main loop
2025-10-08 21:00:02,415 - database.connection - INFO - 37 - Conexión cerrada
2025-10-08 21:00:02,416 - __main__ - INFO - 77 - === Aplicación finalizada correctamente ===
2025-10-09 11:25:58,916 - __main__ - INFO - 56 - === Iniciando la aplicación ===
2025-10-09 11:25:58,917 - __main__ - INFO - 28 - Iniciando configuración de la aplicación El Porteño - Index
- Versión: 3.0.0
2025-10-09 11:25:58,968 - database.connection - INFO - 26 - Conexión establecida
2025-10-09 11:25:58,968 - __main__ - INFO - 64 - Creando ventana principal
2025-10-09 11:25:58,969 - ui.main_window - INFO - 34 - Creando widgets en MainWindow
2025-10-09 11:25:58,970 - ui.main_window - INFO - 62 - --- CREANDO PÁGINA REVISTAS ---
2025-10-09 11:25:58,991 - ui.main_window - INFO - 229 - --- FINALIZADA PÁGINA REVISTAS ---
2025-10-09 11:25:58,991 - ui.main_window - INFO - 235 - --- CREANDO PÁGINA AUTORES ---
2025-10-09 11:25:58,996 - ui.main_window - INFO - 357 - --- FINALIZADA PÁGINA AUTORES ---
2025-10-09 11:25:58,996 - ui.main_window - INFO - 362 - --- CREANDO PÁGINA TEMAS ---
2025-10-09 11:25:59,000 - ui.main_window - INFO - 423 - --- FINALIZADA PÁGINA TEMAS ---
2025-10-09 11:25:59,000 - ui.main_window - INFO - 428 - --- CREANDO PÁGINA ANALISIS ---
2025-10-09 11:25:59,004 - ui.main_window - INFO - 492 - --- FINALIZADA PÁGINA ANALISIS ---
2025-10-09 11:25:59,004 - ui.main_window - INFO - 494 - --- INICIO PROCEDIMIENTOS INCIALES ---
2025-10-09 11:25:59,004 - ui.main_window - INFO - 496 - --- FIN DE MAIN WINDOW ---
2025-10-09 11:25:59,038 - database.connection - ERROR - 73 - Error en query: 
    SELECT ac.id, ac.carta_id, ac.cuerpo_texto, ac.titulo
    FROM analisis_carta ac
    WHERE ac.carta_id = %s;
 - MySQL Connection not available.
2025-10-09 11:25:59,038 - services - ERROR - 298 - Falló la ejecución de la QUERY GET ARCHIVO RESUMEN POR ID
2025-10-09 11:25:59,038 - __main__ - CRITICAL - 81 - Error crítico al iniciar aplicación: 'NoneType' object is not iterable
2025-10-09 11:26:26,500 - __main__ - INFO - 56 - === Iniciando la aplicación ===
2025-10-09 11:26:26,500 - __main__ - INFO - 28 - Iniciando configuración de la aplicación El Porteño - Index
- Versión: 3.0.0
2025-10-09 11:26:26,545 - database.connection - INFO - 26 - Conexión establecida
2025-10-09 11:26:26,545 - __main__ - INFO - 64 - Creando ventana principal
2025-10-09 11:26:26,546 - ui.main_window - INFO - 34 - Creando widgets en MainWindow
2025-10-09 11:26:26,546 - ui.main_window - INFO - 62 - --- CREANDO PÁGINA REVISTAS ---
2025-10-09 11:26:26,565 - ui.main_window - INFO - 229 - --- FINALIZADA PÁGINA REVISTAS ---
2025-10-09 11:26:26,565 - ui.main_window - INFO - 235 - --- CREANDO PÁGINA AUTORES ---
2025-10-09 11:26:26,570 - ui.main_window - INFO - 357 - --- FINALIZADA PÁGINA AUTORES ---
2025-10-09 11:26:26,570 - ui.main_window - INFO - 362 - --- CREANDO PÁGINA TEMAS ---
2025-10-09 11:26:26,573 - ui.main_window - INFO - 423 - --- FINALIZADA PÁGINA TEMAS ---
2025-10-09 11:26:26,573 - ui.main_window - INFO - 428 - --- CREANDO PÁGINA ANALISIS ---
2025-10-09 11:26:26,578 - ui.main_window - INFO - 492 - --- FINALIZADA PÁGINA ANALISIS ---
2025-10-09 11:26:26,578 - ui.main_window - INFO - 494 - --- INICIO PROCEDIMIENTOS INCIALES ---
2025-10-09 11:26:26,578 - ui.main_window - INFO - 496 - --- FIN DE MAIN WINDOW ---
2025-10-09 11:26:26,605 - database.connection - ERROR - 73 - Error en query: 
    SELECT ac.id, ac.carta_id, ac.cuerpo_texto, ac.titulo
    FROM analisis_carta ac
    WHERE ac.carta_id = %s;
 - MySQL Connection not available.
2025-10-09 11:26:26,605 - services - ERROR - 298 - Falló la ejecución de la QUERY GET ARCHIVO RESUMEN POR ID
2025-10-09 11:26:26,605 - __main__ - CRITICAL - 81 - Error crítico al iniciar aplicación: 'NoneType' object is not iterable
2025-10-09 11:27:08,835 - __main__ - INFO - 56 - === Iniciando la aplicación ===
2025-10-09 11:27:08,835 - __main__ - INFO - 28 - Iniciando configuración de la aplicación El Porteño - Index
- Versión: 3.0.0
2025-10-09 11:27:08,881 - database.connection - INFO - 26 - Conexión establecida
2025-10-09 11:27:08,881 - __main__ - INFO - 64 - Creando ventana principal
2025-10-09 11:27:08,882 - ui.main_window - INFO - 34 - Creando widgets en MainWindow
2025-10-09 11:27:08,882 - ui.main_window - INFO - 62 - --- CREANDO PÁGINA REVISTAS ---
2025-10-09 11:27:08,902 - ui.main_window - INFO - 229 - --- FINALIZADA PÁGINA REVISTAS ---
2025-10-09 11:27:08,902 - ui.main_window - INFO - 235 - --- CREANDO PÁGINA AUTORES ---
2025-10-09 11:27:08,907 - ui.main_window - INFO - 357 - --- FINALIZADA PÁGINA AUTORES ---
2025-10-09 11:27:08,907 - ui.main_window - INFO - 362 - --- CREANDO PÁGINA TEMAS ---
2025-10-09 11:27:08,911 - ui.main_window - INFO - 423 - --- FINALIZADA PÁGINA TEMAS ---
2025-10-09 11:27:08,911 - ui.main_window - INFO - 428 - --- CREANDO PÁGINA ANALISIS ---
2025-10-09 11:27:08,915 - ui.main_window - INFO - 492 - --- FINALIZADA PÁGINA ANALISIS ---
2025-10-09 11:27:08,916 - ui.main_window - INFO - 494 - --- INICIO PROCEDIMIENTOS INCIALES ---
2025-10-09 11:27:08,916 - ui.main_window - INFO - 496 - --- FIN DE MAIN WINDOW ---
2025-10-09 11:27:08,946 - database.connection - ERROR - 73 - Error en query: 
    SELECT ac.id, ac.carta_id, ac.cuerpo_texto, ac.titulo
    FROM analisis_carta ac
    WHERE ac.carta_id = %s;
 - MySQL Connection not available.
2025-10-09 11:27:08,946 - services - ERROR - 298 - Falló la ejecución de la QUERY GET ARCHIVO RESUMEN POR ID
2025-10-09 11:27:08,946 - __main__ - CRITICAL - 81 - Error crítico al iniciar aplicación: 'NoneType' object is not iterable
2025-10-09 11:27:58,629 - __main__ - INFO - 56 - === Iniciando la aplicación ===
2025-10-09 11:27:58,629 - __main__ - INFO - 28 - Iniciando configuración de la aplicación El Porteño - Index
- Versión: 3.0.0
2025-10-09 11:27:58,675 - database.connection - INFO - 26 - Conexión establecida
2025-10-09 11:27:58,676 - __main__ - INFO - 64 - Creando ventana principal
2025-10-09 11:27:58,676 - ui.main_window - INFO - 34 - Creando widgets en MainWindow
2025-10-09 11:27:58,677 - ui.main_window - INFO - 62 - --- CREANDO PÁGINA REVISTAS ---
2025-10-09 11:27:58,695 - ui.main_window - INFO - 229 - --- FINALIZADA PÁGINA REVISTAS ---
2025-10-09 11:27:58,695 - ui.main_window - INFO - 235 - --- CREANDO PÁGINA AUTORES ---
2025-10-09 11:27:58,699 - ui.main_window - INFO - 357 - --- FINALIZADA PÁGINA AUTORES ---
2025-10-09 11:27:58,699 - ui.main_window - INFO - 362 - --- CREANDO PÁGINA TEMAS ---
2025-10-09 11:27:58,703 - ui.main_window - INFO - 423 - --- FINALIZADA PÁGINA TEMAS ---
2025-10-09 11:27:58,703 - ui.main_window - INFO - 428 - --- CREANDO PÁGINA ANALISIS ---
2025-10-09 11:27:58,708 - ui.main_window - INFO - 492 - --- FINALIZADA PÁGINA ANALISIS ---
2025-10-09 11:27:58,708 - ui.main_window - INFO - 494 - --- INICIO PROCEDIMIENTOS INCIALES ---
2025-10-09 11:27:58,708 - ui.main_window - INFO - 496 - --- FIN DE MAIN WINDOW ---
2025-10-09 11:27:58,738 - database.connection - ERROR - 73 - Error en query: 
    SELECT ac.id, ac.carta_id, ac.cuerpo_texto, ac.titulo
    FROM analisis_carta ac
    WHERE ac.carta_id = %s;
 - MySQL Connection not available.
2025-10-09 11:27:58,739 - services - ERROR - 298 - Falló la ejecución de la QUERY GET ARCHIVO RESUMEN POR ID
2025-10-09 11:27:58,739 - __main__ - CRITICAL - 81 - Error crítico al iniciar aplicación: 'NoneType' object is not iterable
2025-10-09 11:28:38,191 - __main__ - INFO - 56 - === Iniciando la aplicación ===
2025-10-09 11:28:38,191 - __main__ - INFO - 28 - Iniciando configuración de la aplicación El Porteño - Index
- Versión: 3.0.0
2025-10-09 11:28:38,238 - database.connection - INFO - 26 - Conexión establecida
2025-10-09 11:28:38,238 - __main__ - INFO - 64 - Creando ventana principal
2025-10-09 11:28:38,239 - ui.main_window - INFO - 34 - Creando widgets en MainWindow
2025-10-09 11:28:38,239 - ui.main_window - INFO - 62 - --- CREANDO PÁGINA REVISTAS ---
2025-10-09 11:28:38,258 - ui.main_window - INFO - 229 - --- FINALIZADA PÁGINA REVISTAS ---
2025-10-09 11:28:38,258 - ui.main_window - INFO - 235 - --- CREANDO PÁGINA AUTORES ---
2025-10-09 11:28:38,263 - ui.main_window - INFO - 357 - --- FINALIZADA PÁGINA AUTORES ---
2025-10-09 11:28:38,263 - ui.main_window - INFO - 362 - --- CREANDO PÁGINA TEMAS ---
2025-10-09 11:28:38,266 - ui.main_window - INFO - 423 - --- FINALIZADA PÁGINA TEMAS ---
2025-10-09 11:28:38,266 - ui.main_window - INFO - 428 - --- CREANDO PÁGINA ANALISIS ---
2025-10-09 11:28:38,271 - ui.main_window - INFO - 492 - --- FINALIZADA PÁGINA ANALISIS ---
2025-10-09 11:28:38,271 - ui.main_window - INFO - 494 - --- INICIO PROCEDIMIENTOS INCIALES ---
2025-10-09 11:28:38,271 - ui.main_window - INFO - 496 - --- FIN DE MAIN WINDOW ---
2025-10-09 11:28:38,305 - database.connection - ERROR - 73 - Error en query: 
    SELECT ac.id, ac.carta_id, ac.cuerpo_texto, ac.titulo
    FROM analisis_carta ac
    WHERE ac.carta_id = %s;
 - MySQL Connection not available.
2025-10-09 11:28:38,306 - services - ERROR - 298 - Falló la ejecución de la QUERY GET ARCHIVO RESUMEN POR ID
2025-10-09 11:28:38,306 - __main__ - CRITICAL - 81 - Error crítico al iniciar aplicación: 'NoneType' object is not iterable
2025-10-09 11:28:53,536 - __main__ - INFO - 56 - === Iniciando la aplicación ===
2025-10-09 11:28:53,536 - __main__ - INFO - 28 - Iniciando configuración de la aplicación El Porteño - Index
- Versión: 3.0.0
2025-10-09 11:28:53,584 - database.connection - INFO - 26 - Conexión establecida
2025-10-09 11:28:53,584 - __main__ - INFO - 64 - Creando ventana principal
2025-10-09 11:28:53,585 - ui.main_window - INFO - 34 - Creando widgets en MainWindow
2025-10-09 11:28:53,585 - ui.main_window - INFO - 62 - --- CREANDO PÁGINA REVISTAS ---
2025-10-09 11:28:53,605 - ui.main_window - INFO - 229 - --- FINALIZADA PÁGINA REVISTAS ---
2025-10-09 11:28:53,606 - ui.main_window - INFO - 235 - --- CREANDO PÁGINA AUTORES ---
2025-10-09 11:28:53,613 - ui.main_window - INFO - 357 - --- FINALIZADA PÁGINA AUTORES ---
2025-10-09 11:28:53,614 - ui.main_window - INFO - 362 - --- CREANDO PÁGINA TEMAS ---
2025-10-09 11:28:53,620 - ui.main_window - INFO - 423 - --- FINALIZADA PÁGINA TEMAS ---
2025-10-09 11:28:53,621 - ui.main_window - INFO - 428 - --- CREANDO PÁGINA ANALISIS ---
2025-10-09 11:28:53,626 - ui.main_window - INFO - 492 - --- FINALIZADA PÁGINA ANALISIS ---
2025-10-09 11:28:53,626 - ui.main_window - INFO - 494 - --- INICIO PROCEDIMIENTOS INCIALES ---
2025-10-09 11:28:53,626 - ui.main_window - INFO - 496 - --- FIN DE MAIN WINDOW ---
2025-10-09 11:28:53,675 - database.connection - ERROR - 73 - Error en query: 
    SELECT ac.id, ac.carta_id, ac.cuerpo_texto, ac.titulo
    FROM analisis_carta ac
    WHERE ac.carta_id = %s;
 - MySQL Connection not available.
2025-10-09 11:28:53,676 - services - ERROR - 298 - Falló la ejecución de la QUERY GET ARCHIVO RESUMEN POR ID
2025-10-09 11:28:53,676 - __main__ - CRITICAL - 81 - Error crítico al iniciar aplicación: 'NoneType' object is not iterable
2025-10-09 11:29:10,747 - __main__ - INFO - 56 - === Iniciando la aplicación ===
2025-10-09 11:29:10,747 - __main__ - INFO - 28 - Iniciando configuración de la aplicación El Porteño - Index
- Versión: 3.0.0
2025-10-09 11:29:10,802 - database.connection - INFO - 26 - Conexión establecida
2025-10-09 11:29:10,803 - __main__ - INFO - 64 - Creando ventana principal
2025-10-09 11:29:10,803 - ui.main_window - INFO - 34 - Creando widgets en MainWindow
2025-10-09 11:29:10,804 - ui.main_window - INFO - 62 - --- CREANDO PÁGINA REVISTAS ---
2025-10-09 11:29:10,825 - ui.main_window - INFO - 229 - --- FINALIZADA PÁGINA REVISTAS ---
2025-10-09 11:29:10,825 - ui.main_window - INFO - 235 - --- CREANDO PÁGINA AUTORES ---
2025-10-09 11:29:10,830 - ui.main_window - INFO - 357 - --- FINALIZADA PÁGINA AUTORES ---
2025-10-09 11:29:10,830 - ui.main_window - INFO - 362 - --- CREANDO PÁGINA TEMAS ---
2025-10-09 11:29:10,834 - ui.main_window - INFO - 423 - --- FINALIZADA PÁGINA TEMAS ---
2025-10-09 11:29:10,834 - ui.main_window - INFO - 428 - --- CREANDO PÁGINA ANALISIS ---
2025-10-09 11:29:10,840 - ui.main_window - INFO - 492 - --- FINALIZADA PÁGINA ANALISIS ---
2025-10-09 11:29:10,840 - ui.main_window - INFO - 494 - --- INICIO PROCEDIMIENTOS INCIALES ---
2025-10-09 11:29:10,840 - ui.main_window - INFO - 496 - --- FIN DE MAIN WINDOW ---
2025-10-09 11:29:10,882 - database.connection - ERROR - 73 - Error en query: 
    SELECT ac.id, ac.carta_id, ac.cuerpo_texto, ac.titulo
    FROM analisis_carta ac
    WHERE ac.carta_id = %s;
 - MySQL Connection not available.
2025-10-09 11:29:10,882 - services - ERROR - 298 - Falló la ejecución de la QUERY GET ARCHIVO RESUMEN POR ID
2025-10-09 11:29:10,882 - __main__ - CRITICAL - 81 - Error crítico al iniciar aplicación: 'NoneType' object is not iterable
2025-10-09 11:30:47,097 - __main__ - INFO - 56 - === Iniciando la aplicación ===
2025-10-09 11:30:47,097 - __main__ - INFO - 28 - Iniciando configuración de la aplicación El Porteño - Index
- Versión: 3.0.0
2025-10-09 11:30:47,145 - database.connection - INFO - 26 - Conexión establecida
2025-10-09 11:30:47,145 - __main__ - INFO - 64 - Creando ventana principal
2025-10-09 11:30:47,146 - ui.main_window - INFO - 34 - Creando widgets en MainWindow
2025-10-09 11:30:47,147 - ui.main_window - INFO - 62 - --- CREANDO PÁGINA REVISTAS ---
2025-10-09 11:30:47,167 - ui.main_window - INFO - 229 - --- FINALIZADA PÁGINA REVISTAS ---
2025-10-09 11:30:47,167 - ui.main_window - INFO - 235 - --- CREANDO PÁGINA AUTORES ---
2025-10-09 11:30:47,172 - ui.main_window - INFO - 357 - --- FINALIZADA PÁGINA AUTORES ---
2025-10-09 11:30:47,172 - ui.main_window - INFO - 362 - --- CREANDO PÁGINA TEMAS ---
2025-10-09 11:30:47,176 - ui.main_window - INFO - 423 - --- FINALIZADA PÁGINA TEMAS ---
2025-10-09 11:30:47,176 - ui.main_window - INFO - 428 - --- CREANDO PÁGINA ANALISIS ---
2025-10-09 11:30:47,181 - ui.main_window - INFO - 492 - --- FINALIZADA PÁGINA ANALISIS ---
2025-10-09 11:30:47,181 - ui.main_window - INFO - 494 - --- INICIO PROCEDIMIENTOS INCIALES ---
2025-10-09 11:30:47,181 - ui.main_window - INFO - 496 - --- FIN DE MAIN WINDOW ---
2025-10-09 11:32:01,054 - database.connection - ERROR - 73 - Error en query: 
    SELECT ac.id, ac.carta_id, ac.cuerpo_texto, ac.titulo
    FROM analisis_carta ac
    WHERE ac.carta_id = %s;
 - MySQL Connection not available.
2025-10-09 11:32:05,714 - services - ERROR - 298 - Falló la ejecución de la QUERY GET ARCHIVO RESUMEN POR ID
2025-10-09 11:32:05,717 - __main__ - CRITICAL - 81 - Error crítico al iniciar aplicación: 'NoneType' object is not iterable
2025-10-09 11:32:15,612 - __main__ - INFO - 56 - === Iniciando la aplicación ===
2025-10-09 11:32:15,612 - __main__ - INFO - 28 - Iniciando configuración de la aplicación El Porteño - Index
- Versión: 3.0.0
2025-10-09 11:32:15,662 - database.connection - INFO - 26 - Conexión establecida
2025-10-09 11:32:15,662 - __main__ - INFO - 64 - Creando ventana principal
2025-10-09 11:32:15,663 - ui.main_window - INFO - 34 - Creando widgets en MainWindow
2025-10-09 11:32:15,664 - ui.main_window - INFO - 62 - --- CREANDO PÁGINA REVISTAS ---
2025-10-09 11:32:15,685 - ui.main_window - INFO - 229 - --- FINALIZADA PÁGINA REVISTAS ---
2025-10-09 11:32:15,686 - ui.main_window - INFO - 235 - --- CREANDO PÁGINA AUTORES ---
2025-10-09 11:32:15,691 - ui.main_window - INFO - 357 - --- FINALIZADA PÁGINA AUTORES ---
2025-10-09 11:32:15,691 - ui.main_window - INFO - 362 - --- CREANDO PÁGINA TEMAS ---
2025-10-09 11:32:15,695 - ui.main_window - INFO - 423 - --- FINALIZADA PÁGINA TEMAS ---
2025-10-09 11:32:15,695 - ui.main_window - INFO - 428 - --- CREANDO PÁGINA ANALISIS ---
2025-10-09 11:32:15,700 - ui.main_window - INFO - 492 - --- FINALIZADA PÁGINA ANALISIS ---
2025-10-09 11:32:15,700 - ui.main_window - INFO - 494 - --- INICIO PROCEDIMIENTOS INCIALES ---
2025-10-09 11:32:15,700 - ui.main_window - INFO - 496 - --- FIN DE MAIN WINDOW ---
2025-10-09 11:32:24,073 - database.connection - ERROR - 73 - Error en query: 
    SELECT ac.id, ac.carta_id, ac.cuerpo_texto, ac.titulo
    FROM analisis_carta ac
    WHERE ac.carta_id = %s;
 - MySQL Connection not available.
2025-10-09 11:32:24,074 - services - ERROR - 298 - Falló la ejecución de la QUERY GET ARCHIVO RESUMEN POR ID
2025-10-09 11:32:24,084 - __main__ - CRITICAL - 81 - Error crítico al iniciar aplicación: 'NoneType' object is not iterable
2025-10-09 11:33:26,702 - __main__ - INFO - 56 - === Iniciando la aplicación ===
2025-10-09 11:33:26,702 - __main__ - INFO - 28 - Iniciando configuración de la aplicación El Porteño - Index
- Versión: 3.0.0
2025-10-09 11:33:26,752 - database.connection - INFO - 26 - Conexión establecida
2025-10-09 11:33:26,752 - __main__ - INFO - 64 - Creando ventana principal
2025-10-09 11:33:26,753 - ui.main_window - INFO - 34 - Creando widgets en MainWindow
2025-10-09 11:33:26,754 - ui.main_window - INFO - 62 - --- CREANDO PÁGINA REVISTAS ---
2025-10-09 11:33:26,773 - ui.main_window - INFO - 229 - --- FINALIZADA PÁGINA REVISTAS ---
2025-10-09 11:33:26,773 - ui.main_window - INFO - 235 - --- CREANDO PÁGINA AUTORES ---
2025-10-09 11:33:26,777 - ui.main_window - INFO - 357 - --- FINALIZADA PÁGINA AUTORES ---
2025-10-09 11:33:26,777 - ui.main_window - INFO - 362 - --- CREANDO PÁGINA TEMAS ---
2025-10-09 11:33:26,781 - ui.main_window - INFO - 423 - --- FINALIZADA PÁGINA TEMAS ---
2025-10-09 11:33:26,781 - ui.main_window - INFO - 428 - --- CREANDO PÁGINA ANALISIS ---
2025-10-09 11:33:26,785 - ui.main_window - INFO - 492 - --- FINALIZADA PÁGINA ANALISIS ---
2025-10-09 11:33:26,785 - ui.main_window - INFO - 494 - --- INICIO PROCEDIMIENTOS INCIALES ---
2025-10-09 11:33:26,785 - ui.main_window - INFO - 496 - --- FIN DE MAIN WINDOW ---
2025-10-09 11:33:26,822 - database.connection - ERROR - 73 - Error en query: 
    SELECT ac.id, ac.carta_id, ac.cuerpo_texto, ac.titulo
    FROM analisis_carta ac
    WHERE ac.carta_id = %s;
 - MySQL Connection not available.
2025-10-09 11:33:26,822 - services - ERROR - 298 - Falló la ejecución de la QUERY GET ARCHIVO RESUMEN POR ID
2025-10-09 11:33:26,822 - __main__ - CRITICAL - 81 - Error crítico al iniciar aplicación: 'NoneType' object is not iterable
2025-10-09 11:33:35,124 - __main__ - INFO - 56 - === Iniciando la aplicación ===
2025-10-09 11:33:35,125 - __main__ - INFO - 28 - Iniciando configuración de la aplicación El Porteño - Index
- Versión: 3.0.0
2025-10-09 11:33:35,171 - database.connection - INFO - 26 - Conexión establecida
2025-10-09 11:33:35,171 - __main__ - INFO - 64 - Creando ventana principal
2025-10-09 11:33:35,172 - ui.main_window - INFO - 34 - Creando widgets en MainWindow
2025-10-09 11:33:35,172 - ui.main_window - INFO - 62 - --- CREANDO PÁGINA REVISTAS ---
2025-10-09 11:33:35,191 - ui.main_window - INFO - 229 - --- FINALIZADA PÁGINA REVISTAS ---
2025-10-09 11:33:35,191 - ui.main_window - INFO - 235 - --- CREANDO PÁGINA AUTORES ---
2025-10-09 11:33:35,196 - ui.main_window - INFO - 357 - --- FINALIZADA PÁGINA AUTORES ---
2025-10-09 11:33:35,196 - ui.main_window - INFO - 362 - --- CREANDO PÁGINA TEMAS ---
2025-10-09 11:33:35,200 - ui.main_window - INFO - 423 - --- FINALIZADA PÁGINA TEMAS ---
2025-10-09 11:33:35,200 - ui.main_window - INFO - 428 - --- CREANDO PÁGINA ANALISIS ---
2025-10-09 11:33:35,206 - ui.main_window - INFO - 492 - --- FINALIZADA PÁGINA ANALISIS ---
2025-10-09 11:33:35,206 - ui.main_window - INFO - 494 - --- INICIO PROCEDIMIENTOS INCIALES ---
2025-10-09 11:33:35,206 - ui.main_window - INFO - 496 - --- FIN DE MAIN WINDOW ---
2025-10-09 11:33:35,237 - database.connection - ERROR - 73 - Error en query: 
    SELECT ac.id, ac.carta_id, ac.cuerpo_texto, ac.titulo
    FROM analisis_carta ac
    WHERE ac.carta_id = %s;
 - MySQL Connection not available.
2025-10-09 11:33:35,237 - services - ERROR - 298 - Falló la ejecución de la QUERY GET ARCHIVO RESUMEN POR ID
2025-10-09 11:33:35,237 - __main__ - CRITICAL - 81 - Error crítico al iniciar aplicación: 'NoneType' object is not iterable
2025-10-09 11:33:49,591 - __main__ - INFO - 56 - === Iniciando la aplicación ===
2025-10-09 11:33:49,592 - __main__ - INFO - 28 - Iniciando configuración de la aplicación El Porteño - Index
- Versión: 3.0.0
2025-10-09 11:33:49,636 - database.connection - INFO - 26 - Conexión establecida
2025-10-09 11:33:49,637 - __main__ - INFO - 64 - Creando ventana principal
2025-10-09 11:33:49,637 - ui.main_window - INFO - 34 - Creando widgets en MainWindow
2025-10-09 11:33:49,638 - ui.main_window - INFO - 62 - --- CREANDO PÁGINA REVISTAS ---
2025-10-09 11:33:49,657 - ui.main_window - INFO - 229 - --- FINALIZADA PÁGINA REVISTAS ---
2025-10-09 11:33:49,657 - ui.main_window - INFO - 235 - --- CREANDO PÁGINA AUTORES ---
2025-10-09 11:33:49,662 - ui.main_window - INFO - 357 - --- FINALIZADA PÁGINA AUTORES ---
2025-10-09 11:33:49,662 - ui.main_window - INFO - 362 - --- CREANDO PÁGINA TEMAS ---
2025-10-09 11:33:49,666 - ui.main_window - INFO - 423 - --- FINALIZADA PÁGINA TEMAS ---
2025-10-09 11:33:49,666 - ui.main_window - INFO - 428 - --- CREANDO PÁGINA ANALISIS ---
2025-10-09 11:33:49,670 - ui.main_window - INFO - 492 - --- FINALIZADA PÁGINA ANALISIS ---
2025-10-09 11:33:49,670 - ui.main_window - INFO - 494 - --- INICIO PROCEDIMIENTOS INCIALES ---
2025-10-09 11:33:49,670 - ui.main_window - INFO - 496 - --- FIN DE MAIN WINDOW ---
2025-10-09 11:33:49,699 - database.connection - ERROR - 73 - Error en query: 
    SELECT ac.id, ac.carta_id, ac.cuerpo_texto, ac.titulo
    FROM analisis_carta ac
    WHERE ac.carta_id = %s;
 - MySQL Connection not available.
2025-10-09 11:33:49,699 - services - ERROR - 298 - Falló la ejecución de la QUERY GET ARCHIVO RESUMEN POR ID
2025-10-09 11:33:49,699 - __main__ - CRITICAL - 81 - Error crítico al iniciar aplicación: 'NoneType' object is not iterable
2025-10-09 11:33:53,481 - __main__ - INFO - 56 - === Iniciando la aplicación ===
2025-10-09 11:33:53,481 - __main__ - INFO - 28 - Iniciando configuración de la aplicación El Porteño - Index
- Versión: 3.0.0
2025-10-09 11:33:53,533 - database.connection - INFO - 26 - Conexión establecida
2025-10-09 11:33:53,533 - __main__ - INFO - 64 - Creando ventana principal
2025-10-09 11:33:53,534 - ui.main_window - INFO - 34 - Creando widgets en MainWindow
2025-10-09 11:33:53,535 - ui.main_window - INFO - 62 - --- CREANDO PÁGINA REVISTAS ---
2025-10-09 11:33:53,555 - ui.main_window - INFO - 229 - --- FINALIZADA PÁGINA REVISTAS ---
2025-10-09 11:33:53,555 - ui.main_window - INFO - 235 - --- CREANDO PÁGINA AUTORES ---
2025-10-09 11:33:53,560 - ui.main_window - INFO - 357 - --- FINALIZADA PÁGINA AUTORES ---
2025-10-09 11:33:53,561 - ui.main_window - INFO - 362 - --- CREANDO PÁGINA TEMAS ---
2025-10-09 11:33:53,565 - ui.main_window - INFO - 423 - --- FINALIZADA PÁGINA TEMAS ---
2025-10-09 11:33:53,565 - ui.main_window - INFO - 428 - --- CREANDO PÁGINA ANALISIS ---
2025-10-09 11:33:53,570 - ui.main_window - INFO - 492 - --- FINALIZADA PÁGINA ANALISIS ---
2025-10-09 11:33:53,570 - ui.main_window - INFO - 494 - --- INICIO PROCEDIMIENTOS INCIALES ---
2025-10-09 11:33:53,570 - ui.main_window - INFO - 496 - --- FIN DE MAIN WINDOW ---
2025-10-09 11:34:14,528 - __main__ - INFO - 56 - === Iniciando la aplicación ===
2025-10-09 11:34:14,528 - __main__ - INFO - 28 - Iniciando configuración de la aplicación El Porteño - Index
- Versión: 3.0.0
2025-10-09 11:34:14,588 - database.connection - INFO - 26 - Conexión establecida
2025-10-09 11:34:14,589 - __main__ - INFO - 64 - Creando ventana principal
2025-10-09 11:34:14,590 - ui.main_window - INFO - 34 - Creando widgets en MainWindow
2025-10-09 11:34:14,591 - ui.main_window - INFO - 62 - --- CREANDO PÁGINA REVISTAS ---
2025-10-09 11:34:14,612 - ui.main_window - INFO - 229 - --- FINALIZADA PÁGINA REVISTAS ---
2025-10-09 11:34:14,612 - ui.main_window - INFO - 235 - --- CREANDO PÁGINA AUTORES ---
2025-10-09 11:34:14,618 - ui.main_window - INFO - 357 - --- FINALIZADA PÁGINA AUTORES ---
2025-10-09 11:34:14,618 - ui.main_window - INFO - 362 - --- CREANDO PÁGINA TEMAS ---
2025-10-09 11:34:14,622 - ui.main_window - INFO - 423 - --- FINALIZADA PÁGINA TEMAS ---
2025-10-09 11:34:14,622 - ui.main_window - INFO - 428 - --- CREANDO PÁGINA ANALISIS ---
2025-10-09 11:34:14,627 - ui.main_window - INFO - 492 - --- FINALIZADA PÁGINA ANALISIS ---
2025-10-09 11:34:14,627 - ui.main_window - INFO - 494 - --- INICIO PROCEDIMIENTOS INCIALES ---
2025-10-09 11:34:14,627 - ui.main_window - INFO - 496 - --- FIN DE MAIN WINDOW ---
2025-10-09 11:35:40,653 - __main__ - INFO - 56 - === Iniciando la aplicación ===
2025-10-09 11:35:40,653 - __main__ - INFO - 28 - Iniciando configuración de la aplicación El Porteño - Index
- Versión: 3.0.0
2025-10-09 11:35:40,704 - database.connection - INFO - 26 - Conexión establecida
2025-10-09 11:35:40,704 - __main__ - INFO - 64 - Creando ventana principal
2025-10-09 11:35:40,705 - ui.main_window - INFO - 34 - Creando widgets en MainWindow
2025-10-09 11:35:40,705 - ui.main_window - INFO - 62 - --- CREANDO PÁGINA REVISTAS ---
2025-10-09 11:35:40,725 - ui.main_window - INFO - 229 - --- FINALIZADA PÁGINA REVISTAS ---
2025-10-09 11:35:40,725 - ui.main_window - INFO - 235 - --- CREANDO PÁGINA AUTORES ---
2025-10-09 11:35:40,730 - ui.main_window - INFO - 357 - --- FINALIZADA PÁGINA AUTORES ---
2025-10-09 11:35:40,730 - ui.main_window - INFO - 362 - --- CREANDO PÁGINA TEMAS ---
2025-10-09 11:35:40,734 - ui.main_window - INFO - 423 - --- FINALIZADA PÁGINA TEMAS ---
2025-10-09 11:35:40,734 - ui.main_window - INFO - 428 - --- CREANDO PÁGINA ANALISIS ---
2025-10-09 11:35:40,738 - ui.main_window - INFO - 492 - --- FINALIZADA PÁGINA ANALISIS ---
2025-10-09 11:35:40,738 - ui.main_window - INFO - 494 - --- INICIO PROCEDIMIENTOS INCIALES ---
2025-10-09 11:35:40,738 - ui.main_window - INFO - 496 - --- FIN DE MAIN WINDOW ---
2025-10-09 11:35:40,768 - database.connection - ERROR - 73 - Error en query: 
    SELECT ac.id, ac.carta_id, ac.cuerpo_texto, ac.titulo
    FROM analisis_carta ac
    WHERE ac.carta_id = %s;
 - MySQL Connection not available.
2025-10-09 11:35:40,768 - services - ERROR - 298 - Falló la ejecución de la QUERY GET ARCHIVO RESUMEN POR ID
2025-10-09 11:35:40,768 - __main__ - CRITICAL - 81 - Error crítico al iniciar aplicación: 'NoneType' object is not iterable
2025-10-09 11:36:20,671 - __main__ - INFO - 56 - === Iniciando la aplicación ===
2025-10-09 11:36:20,671 - __main__ - INFO - 28 - Iniciando configuración de la aplicación El Porteño - Index
- Versión: 3.0.0
2025-10-09 11:36:20,764 - database.connection - INFO - 26 - Conexión establecida
2025-10-09 11:36:20,764 - __main__ - INFO - 64 - Creando ventana principal
2025-10-09 11:36:20,765 - ui.main_window - INFO - 34 - Creando widgets en MainWindow
2025-10-09 11:36:20,766 - ui.main_window - INFO - 62 - --- CREANDO PÁGINA REVISTAS ---
2025-10-09 11:36:20,796 - ui.main_window - INFO - 229 - --- FINALIZADA PÁGINA REVISTAS ---
2025-10-09 11:36:20,797 - ui.main_window - INFO - 235 - --- CREANDO PÁGINA AUTORES ---
2025-10-09 11:36:20,803 - ui.main_window - INFO - 357 - --- FINALIZADA PÁGINA AUTORES ---
2025-10-09 11:36:20,803 - ui.main_window - INFO - 362 - --- CREANDO PÁGINA TEMAS ---
2025-10-09 11:36:20,809 - ui.main_window - INFO - 423 - --- FINALIZADA PÁGINA TEMAS ---
2025-10-09 11:36:20,809 - ui.main_window - INFO - 428 - --- CREANDO PÁGINA ANALISIS ---
2025-10-09 11:36:20,817 - ui.main_window - INFO - 492 - --- FINALIZADA PÁGINA ANALISIS ---
2025-10-09 11:36:20,817 - ui.main_window - INFO - 494 - --- INICIO PROCEDIMIENTOS INCIALES ---
2025-10-09 11:36:20,817 - ui.main_window - INFO - 496 - --- FIN DE MAIN WINDOW ---
2025-10-09 11:36:20,879 - database.connection - ERROR - 73 - Error en query: 
    SELECT ac.id, ac.carta_id, ac.cuerpo_texto, ac.titulo
    FROM analisis_carta ac
    WHERE ac.carta_id = %s;
 - MySQL Connection not available.
2025-10-09 11:36:20,879 - services - ERROR - 298 - Falló la ejecución de la QUERY GET ARCHIVO RESUMEN POR ID
2025-10-09 11:36:20,879 - __main__ - CRITICAL - 81 - Error crítico al iniciar aplicación: 'NoneType' object is not iterable
2025-10-09 14:10:16,806 - __main__ - INFO - 56 - === Iniciando la aplicación ===
2025-10-09 14:10:16,806 - __main__ - INFO - 28 - Iniciando configuración de la aplicación El Porteño - Index
- Versión: 3.0.0
2025-10-09 14:10:16,876 - database.connection - INFO - 26 - Conexión establecida
2025-10-09 14:10:16,876 - __main__ - INFO - 64 - Creando ventana principal
2025-10-09 14:10:16,877 - ui.main_window - INFO - 34 - Creando widgets en MainWindow
2025-10-09 14:10:16,878 - ui.main_window - INFO - 62 - --- CREANDO PÁGINA REVISTAS ---
2025-10-09 14:10:16,906 - ui.main_window - INFO - 229 - --- FINALIZADA PÁGINA REVISTAS ---
2025-10-09 14:10:16,906 - ui.main_window - INFO - 235 - --- CREANDO PÁGINA AUTORES ---
2025-10-09 14:10:16,913 - ui.main_window - INFO - 357 - --- FINALIZADA PÁGINA AUTORES ---
2025-10-09 14:10:16,913 - ui.main_window - INFO - 362 - --- CREANDO PÁGINA TEMAS ---
2025-10-09 14:10:16,918 - ui.main_window - INFO - 423 - --- FINALIZADA PÁGINA TEMAS ---
2025-10-09 14:10:16,918 - ui.main_window - INFO - 428 - --- CREANDO PÁGINA ANALISIS ---
2025-10-09 14:10:16,925 - ui.main_window - INFO - 492 - --- FINALIZADA PÁGINA ANALISIS ---
2025-10-09 14:10:16,925 - ui.main_window - INFO - 494 - --- INICIO PROCEDIMIENTOS INCIALES ---
2025-10-09 14:10:16,925 - ui.main_window - INFO - 496 - --- FIN DE MAIN WINDOW ---
2025-10-09 14:10:17,252 - __main__ - INFO - 72 - Ventana principal mostrada - Se inicia Main loop
2025-10-09 14:10:34,054 - database.connection - INFO - 37 - Conexión cerrada
2025-10-09 14:10:34,058 - __main__ - INFO - 77 - === Aplicación finalizada correctamente ===
2025-10-09 21:42:14,850 - __main__ - INFO - 56 - === Iniciando la aplicación ===
2025-10-09 21:42:14,851 - __main__ - INFO - 28 - Iniciando configuración de la aplicación El Porteño - Index
- Versión: 3.0.0
2025-10-09 21:42:14,902 - database.connection - INFO - 26 - Conexión establecida
2025-10-09 21:42:14,902 - __main__ - INFO - 64 - Creando ventana principal
2025-10-09 21:42:14,903 - ui.main_window - INFO - 34 - Creando widgets en MainWindow
2025-10-09 21:42:14,904 - ui.main_window - INFO - 62 - --- CREANDO PÁGINA REVISTAS ---
2025-10-09 21:42:14,923 - ui.main_window - INFO - 229 - --- FINALIZADA PÁGINA REVISTAS ---
2025-10-09 21:42:14,923 - ui.main_window - INFO - 235 - --- CREANDO PÁGINA AUTORES ---
2025-10-09 21:42:14,928 - ui.main_window - INFO - 357 - --- FINALIZADA PÁGINA AUTORES ---
2025-10-09 21:42:14,928 - ui.main_window - INFO - 362 - --- CREANDO PÁGINA TEMAS ---
2025-10-09 21:42:14,932 - ui.main_window - INFO - 423 - --- FINALIZADA PÁGINA TEMAS ---
2025-10-09 21:42:14,932 - ui.main_window - INFO - 428 - --- CREANDO PÁGINA ANALISIS ---
2025-10-09 21:42:14,936 - ui.main_window - INFO - 492 - --- FINALIZADA PÁGINA ANALISIS ---
2025-10-09 21:42:14,936 - ui.main_window - INFO - 494 - --- INICIO PROCEDIMIENTOS INCIALES ---
2025-10-09 21:42:14,936 - ui.main_window - INFO - 496 - --- FIN DE MAIN WINDOW ---
2025-10-09 21:42:15,158 - __main__ - INFO - 72 - Ventana principal mostrada - Se inicia Main loop
2025-10-09 21:42:28,110 - database.connection - INFO - 37 - Conexión cerrada
2025-10-09 21:42:28,111 - __main__ - INFO - 77 - === Aplicación finalizada correctamente ===
2025-10-09 21:44:06,556 - __main__ - INFO - 56 - === Iniciando la aplicación ===
2025-10-09 21:44:06,556 - __main__ - INFO - 28 - Iniciando configuración de la aplicación El Porteño - Index
- Versión: 3.0.0
2025-10-09 21:44:06,604 - database.connection - INFO - 26 - Conexión establecida
2025-10-09 21:44:06,604 - __main__ - INFO - 64 - Creando ventana principal
2025-10-09 21:44:06,604 - ui.main_window - INFO - 34 - Creando widgets en MainWindow
2025-10-09 21:44:06,605 - ui.main_window - INFO - 62 - --- CREANDO PÁGINA REVISTAS ---
2025-10-09 21:44:06,624 - ui.main_window - INFO - 229 - --- FINALIZADA PÁGINA REVISTAS ---
2025-10-09 21:44:06,624 - ui.main_window - INFO - 235 - --- CREANDO PÁGINA AUTORES ---
2025-10-09 21:44:06,629 - ui.main_window - INFO - 357 - --- FINALIZADA PÁGINA AUTORES ---
2025-10-09 21:44:06,629 - ui.main_window - INFO - 362 - --- CREANDO PÁGINA TEMAS ---
2025-10-09 21:44:06,633 - ui.main_window - INFO - 423 - --- FINALIZADA PÁGINA TEMAS ---
2025-10-09 21:44:06,633 - ui.main_window - INFO - 428 - --- CREANDO PÁGINA ANALISIS ---
2025-10-09 21:44:06,637 - ui.main_window - INFO - 492 - --- FINALIZADA PÁGINA ANALISIS ---
2025-10-09 21:44:06,637 - ui.main_window - INFO - 494 - --- INICIO PROCEDIMIENTOS INCIALES ---
2025-10-09 21:44:06,637 - ui.main_window - INFO - 496 - --- FIN DE MAIN WINDOW ---
2025-10-09 21:44:06,838 - __main__ - INFO - 72 - Ventana principal mostrada - Se inicia Main loop
2025-10-09 21:45:29,378 - services - INFO - 351 - Se ha agregado una carta a un grupo de análisis: 1 filas afectadas
2025-10-09 21:45:29,380 - services - ERROR - 289 - Falló la ejecución de la query GET GRUPOS ANALISIS PARA CARTA
2025-10-09 21:45:29,382 - __main__ - ERROR - 49 - Excepción no manejada:
Traceback (most recent call last):
  File "/home/luc/Documents/10_Archivo/Revistas/El Porteño/ui/dialogs.py", line 432, in bt_cargar_grupo_analisis_clicked
    self.cargar_carta(carta)
  File "/home/luc/Documents/10_Archivo/Revistas/El Porteño/ui/dialogs.py", line 193, in cargar_carta
    self.cargar_carta_en_widgets(carta)
  File "/home/luc/Documents/10_Archivo/Revistas/El Porteño/ui/dialogs.py", line 204, in cargar_carta_en_widgets
    self.actualizar_lb_grupo_analisis()
  File "/home/luc/Documents/10_Archivo/Revistas/El Porteño/ui/dialogs.py", line 307, in actualizar_lb_grupo_analisis
    n_categorias = len(categorias)
                   ^^^^^^^^^^^^^^^
TypeError: object of type 'NoneType' has no len()
2025-10-09 21:49:30,402 - __main__ - INFO - 56 - === Iniciando la aplicación ===
2025-10-09 21:49:30,403 - __main__ - INFO - 28 - Iniciando configuración de la aplicación El Porteño - Index
- Versión: 3.0.0
2025-10-09 21:49:30,459 - database.connection - INFO - 26 - Conexión establecida
2025-10-09 21:49:30,459 - __main__ - INFO - 64 - Creando ventana principal
2025-10-09 21:49:30,460 - ui.main_window - INFO - 34 - Creando widgets en MainWindow
2025-10-09 21:49:30,461 - ui.main_window - INFO - 62 - --- CREANDO PÁGINA REVISTAS ---
2025-10-09 21:49:30,483 - ui.main_window - INFO - 229 - --- FINALIZADA PÁGINA REVISTAS ---
2025-10-09 21:49:30,483 - ui.main_window - INFO - 235 - --- CREANDO PÁGINA AUTORES ---
2025-10-09 21:49:30,488 - ui.main_window - INFO - 357 - --- FINALIZADA PÁGINA AUTORES ---
2025-10-09 21:49:30,489 - ui.main_window - INFO - 362 - --- CREANDO PÁGINA TEMAS ---
2025-10-09 21:49:30,493 - ui.main_window - INFO - 423 - --- FINALIZADA PÁGINA TEMAS ---
2025-10-09 21:49:30,493 - ui.main_window - INFO - 428 - --- CREANDO PÁGINA ANALISIS ---
2025-10-09 21:49:30,499 - ui.main_window - INFO - 492 - --- FINALIZADA PÁGINA ANALISIS ---
2025-10-09 21:49:30,499 - ui.main_window - INFO - 494 - --- INICIO PROCEDIMIENTOS INCIALES ---
2025-10-09 21:49:30,499 - ui.main_window - INFO - 496 - --- FIN DE MAIN WINDOW ---
2025-10-09 21:49:35,242 - __main__ - INFO - 72 - Ventana principal mostrada - Se inicia Main loop
2025-10-09 21:49:39,905 - services - ERROR - 289 - Falló la ejecución de la query GET GRUPOS ANALISIS PARA CARTA
2025-10-09 21:51:18,361 - __main__ - INFO - 56 - === Iniciando la aplicación ===
2025-10-09 21:51:18,361 - __main__ - INFO - 28 - Iniciando configuración de la aplicación El Porteño - Index
- Versión: 3.0.0
2025-10-09 21:51:18,409 - database.connection - INFO - 26 - Conexión establecida
2025-10-09 21:51:18,409 - __main__ - INFO - 64 - Creando ventana principal
2025-10-09 21:51:18,410 - ui.main_window - INFO - 34 - Creando widgets en MainWindow
2025-10-09 21:51:18,411 - ui.main_window - INFO - 62 - --- CREANDO PÁGINA REVISTAS ---
2025-10-09 21:51:18,432 - ui.main_window - INFO - 229 - --- FINALIZADA PÁGINA REVISTAS ---
2025-10-09 21:51:18,432 - ui.main_window - INFO - 235 - --- CREANDO PÁGINA AUTORES ---
2025-10-09 21:51:18,438 - ui.main_window - INFO - 357 - --- FINALIZADA PÁGINA AUTORES ---
2025-10-09 21:51:18,438 - ui.main_window - INFO - 362 - --- CREANDO PÁGINA TEMAS ---
2025-10-09 21:51:18,443 - ui.main_window - INFO - 423 - --- FINALIZADA PÁGINA TEMAS ---
2025-10-09 21:51:18,443 - ui.main_window - INFO - 428 - --- CREANDO PÁGINA ANALISIS ---
2025-10-09 21:51:18,448 - ui.main_window - INFO - 492 - --- FINALIZADA PÁGINA ANALISIS ---
2025-10-09 21:51:18,448 - ui.main_window - INFO - 494 - --- INICIO PROCEDIMIENTOS INCIALES ---
2025-10-09 21:51:18,449 - ui.main_window - INFO - 496 - --- FIN DE MAIN WINDOW ---
2025-10-09 21:51:57,054 - __main__ - INFO - 72 - Ventana principal mostrada - Se inicia Main loop
2025-10-09 21:53:09,632 - services - INFO - 351 - Se ha agregado una carta a un grupo de análisis: 1 filas afectadas
2025-10-09 21:54:02,405 - __main__ - INFO - 56 - === Iniciando la aplicación ===
2025-10-09 21:54:02,405 - __main__ - INFO - 28 - Iniciando configuración de la aplicación El Porteño - Index
- Versión: 3.0.0
2025-10-09 21:54:02,452 - database.connection - INFO - 26 - Conexión establecida
2025-10-09 21:54:02,452 - __main__ - INFO - 64 - Creando ventana principal
2025-10-09 21:54:02,453 - ui.main_window - INFO - 34 - Creando widgets en MainWindow
2025-10-09 21:54:02,453 - ui.main_window - INFO - 62 - --- CREANDO PÁGINA REVISTAS ---
2025-10-09 21:54:02,472 - ui.main_window - INFO - 229 - --- FINALIZADA PÁGINA REVISTAS ---
2025-10-09 21:54:02,473 - ui.main_window - INFO - 235 - --- CREANDO PÁGINA AUTORES ---
2025-10-09 21:54:02,477 - ui.main_window - INFO - 357 - --- FINALIZADA PÁGINA AUTORES ---
2025-10-09 21:54:02,477 - ui.main_window - INFO - 362 - --- CREANDO PÁGINA TEMAS ---
2025-10-09 21:54:02,481 - ui.main_window - INFO - 423 - --- FINALIZADA PÁGINA TEMAS ---
2025-10-09 21:54:02,481 - ui.main_window - INFO - 428 - --- CREANDO PÁGINA ANALISIS ---
2025-10-09 21:54:02,485 - ui.main_window - INFO - 492 - --- FINALIZADA PÁGINA ANALISIS ---
2025-10-09 21:54:02,485 - ui.main_window - INFO - 494 - --- INICIO PROCEDIMIENTOS INCIALES ---
2025-10-09 21:54:02,485 - ui.main_window - INFO - 496 - --- FIN DE MAIN WINDOW ---
2025-10-09 21:54:02,512 - services - ERROR - 289 - Falló la ejecución de la query GET GRUPOS ANALISIS PARA CARTA
2025-10-09 21:54:02,691 - __main__ - INFO - 72 - Ventana principal mostrada - Se inicia Main loop
2025-10-09 21:54:03,952 - __main__ - ERROR - 49 - Excepción no manejada:
Traceback (most recent call last):
  File "/home/luc/Documents/10_Archivo/Revistas/El Porteño/ui/main_window.py", line 980, in bt_cartas_en_revista_clicked
    window_correo = DialogCorreo(self.app_state)
                    ^^^^^^^^^^^^^^^^^^^^^^^^^^^^
  File "/home/luc/Documents/10_Archivo/Revistas/El Porteño/ui/dialogs.py", line 24, in __init__
    self._iniciar()
  File "/home/luc/Documents/10_Archivo/Revistas/El Porteño/ui/dialogs.py", line 148, in _iniciar
    self.cargar_carta(carta)
  File "/home/luc/Documents/10_Archivo/Revistas/El Porteño/ui/dialogs.py", line 193, in cargar_carta
    self.cargar_carta_en_widgets(carta)
  File "/home/luc/Documents/10_Archivo/Revistas/El Porteño/ui/dialogs.py", line 204, in cargar_carta_en_widgets
    self.actualizar_lb_grupo_analisis()
  File "/home/luc/Documents/10_Archivo/Revistas/El Porteño/ui/dialogs.py", line 307, in actualizar_lb_grupo_analisis
    n_categorias = len(categorias)
                   ^^^^^^^^^^^^^^^
TypeError: object of type 'NoneType' has no len()
2025-10-09 21:54:47,325 - __main__ - INFO - 56 - === Iniciando la aplicación ===
2025-10-09 21:54:47,326 - __main__ - INFO - 28 - Iniciando configuración de la aplicación El Porteño - Index
- Versión: 3.0.0
2025-10-09 21:54:47,374 - database.connection - INFO - 26 - Conexión establecida
2025-10-09 21:54:47,374 - __main__ - INFO - 64 - Creando ventana principal
2025-10-09 21:54:47,375 - ui.main_window - INFO - 34 - Creando widgets en MainWindow
2025-10-09 21:54:47,376 - ui.main_window - INFO - 62 - --- CREANDO PÁGINA REVISTAS ---
2025-10-09 21:54:47,394 - ui.main_window - INFO - 229 - --- FINALIZADA PÁGINA REVISTAS ---
2025-10-09 21:54:47,395 - ui.main_window - INFO - 235 - --- CREANDO PÁGINA AUTORES ---
2025-10-09 21:54:47,399 - ui.main_window - INFO - 357 - --- FINALIZADA PÁGINA AUTORES ---
2025-10-09 21:54:47,399 - ui.main_window - INFO - 362 - --- CREANDO PÁGINA TEMAS ---
2025-10-09 21:54:47,403 - ui.main_window - INFO - 423 - --- FINALIZADA PÁGINA TEMAS ---
2025-10-09 21:54:47,403 - ui.main_window - INFO - 428 - --- CREANDO PÁGINA ANALISIS ---
2025-10-09 21:54:47,408 - ui.main_window - INFO - 492 - --- FINALIZADA PÁGINA ANALISIS ---
2025-10-09 21:54:47,408 - ui.main_window - INFO - 494 - --- INICIO PROCEDIMIENTOS INCIALES ---
2025-10-09 21:54:47,408 - ui.main_window - INFO - 496 - --- FIN DE MAIN WINDOW ---
2025-10-09 21:54:47,438 - services - ERROR - 289 - Falló la ejecución de la query GET GRUPOS ANALISIS PARA CARTA
2025-10-09 21:54:47,606 - __main__ - INFO - 72 - Ventana principal mostrada - Se inicia Main loop
2025-10-09 21:54:48,817 - __main__ - ERROR - 49 - Excepción no manejada:
Traceback (most recent call last):
  File "/home/luc/Documents/10_Archivo/Revistas/El Porteño/ui/main_window.py", line 980, in bt_cartas_en_revista_clicked
    window_correo = DialogCorreo(self.app_state)
                    ^^^^^^^^^^^^^^^^^^^^^^^^^^^^
  File "/home/luc/Documents/10_Archivo/Revistas/El Porteño/ui/dialogs.py", line 24, in __init__
    self._iniciar()
  File "/home/luc/Documents/10_Archivo/Revistas/El Porteño/ui/dialogs.py", line 148, in _iniciar
    self.cargar_carta(carta)
  File "/home/luc/Documents/10_Archivo/Revistas/El Porteño/ui/dialogs.py", line 193, in cargar_carta
    self.cargar_carta_en_widgets(carta)
  File "/home/luc/Documents/10_Archivo/Revistas/El Porteño/ui/dialogs.py", line 204, in cargar_carta_en_widgets
    self.actualizar_lb_grupo_analisis()
  File "/home/luc/Documents/10_Archivo/Revistas/El Porteño/ui/dialogs.py", line 307, in actualizar_lb_grupo_analisis
    n_categorias = len(categorias)
                   ^^^^^^^^^^^^^^^
TypeError: object of type 'NoneType' has no len()
2025-10-09 21:58:47,244 - __main__ - INFO - 56 - === Iniciando la aplicación ===
2025-10-09 21:58:47,244 - __main__ - INFO - 28 - Iniciando configuración de la aplicación El Porteño - Index
- Versión: 3.0.0
2025-10-09 21:58:47,294 - database.connection - INFO - 26 - Conexión establecida
2025-10-09 21:58:47,295 - __main__ - INFO - 64 - Creando ventana principal
2025-10-09 21:58:47,296 - ui.main_window - INFO - 34 - Creando widgets en MainWindow
2025-10-09 21:58:47,296 - ui.main_window - INFO - 62 - --- CREANDO PÁGINA REVISTAS ---
2025-10-09 21:58:47,327 - ui.main_window - INFO - 229 - --- FINALIZADA PÁGINA REVISTAS ---
2025-10-09 21:58:47,327 - ui.main_window - INFO - 235 - --- CREANDO PÁGINA AUTORES ---
2025-10-09 21:58:47,336 - ui.main_window - INFO - 357 - --- FINALIZADA PÁGINA AUTORES ---
2025-10-09 21:58:47,337 - ui.main_window - INFO - 362 - --- CREANDO PÁGINA TEMAS ---
2025-10-09 21:58:47,342 - ui.main_window - INFO - 423 - --- FINALIZADA PÁGINA TEMAS ---
2025-10-09 21:58:47,342 - ui.main_window - INFO - 428 - --- CREANDO PÁGINA ANALISIS ---
2025-10-09 21:58:47,347 - ui.main_window - INFO - 492 - --- FINALIZADA PÁGINA ANALISIS ---
2025-10-09 21:58:47,348 - ui.main_window - INFO - 494 - --- INICIO PROCEDIMIENTOS INCIALES ---
2025-10-09 21:58:47,348 - ui.main_window - INFO - 496 - --- FIN DE MAIN WINDOW ---
2025-10-09 21:58:56,320 - services - ERROR - 289 - Falló la ejecución de la query GET GRUPOS ANALISIS PARA CARTA
2025-10-09 21:58:56,578 - __main__ - INFO - 72 - Ventana principal mostrada - Se inicia Main loop
2025-10-09 21:59:03,150 - __main__ - ERROR - 49 - Excepción no manejada:
Traceback (most recent call last):
  File "/home/luc/Documents/10_Archivo/Revistas/El Porteño/ui/main_window.py", line 980, in bt_cartas_en_revista_clicked
    window_correo = DialogCorreo(self.app_state)
                    ^^^^^^^^^^^^^^^^^^^^^^^^^^^^
  File "/home/luc/Documents/10_Archivo/Revistas/El Porteño/ui/dialogs.py", line 24, in __init__
    self._iniciar()
  File "/home/luc/Documents/10_Archivo/Revistas/El Porteño/ui/dialogs.py", line 148, in _iniciar
    self.cargar_carta(carta)
  File "/home/luc/Documents/10_Archivo/Revistas/El Porteño/ui/dialogs.py", line 193, in cargar_carta
    self.cargar_carta_en_widgets(carta)
  File "/home/luc/Documents/10_Archivo/Revistas/El Porteño/ui/dialogs.py", line 204, in cargar_carta_en_widgets
    self.actualizar_lb_grupo_analisis()
  File "/home/luc/Documents/10_Archivo/Revistas/El Porteño/ui/dialogs.py", line 307, in actualizar_lb_grupo_analisis
    n_categorias = len(categorias)
                   ^^^^^^^^^^^^^^^
TypeError: object of type 'NoneType' has no len()
2025-10-09 21:59:10,681 - __main__ - INFO - 56 - === Iniciando la aplicación ===
2025-10-09 21:59:10,681 - __main__ - INFO - 28 - Iniciando configuración de la aplicación El Porteño - Index
- Versión: 3.0.0
2025-10-09 21:59:10,731 - database.connection - INFO - 26 - Conexión establecida
2025-10-09 21:59:10,731 - __main__ - INFO - 64 - Creando ventana principal
2025-10-09 21:59:10,732 - ui.main_window - INFO - 34 - Creando widgets en MainWindow
2025-10-09 21:59:10,733 - ui.main_window - INFO - 62 - --- CREANDO PÁGINA REVISTAS ---
2025-10-09 21:59:10,754 - ui.main_window - INFO - 229 - --- FINALIZADA PÁGINA REVISTAS ---
2025-10-09 21:59:10,754 - ui.main_window - INFO - 235 - --- CREANDO PÁGINA AUTORES ---
2025-10-09 21:59:10,759 - ui.main_window - INFO - 357 - --- FINALIZADA PÁGINA AUTORES ---
2025-10-09 21:59:10,759 - ui.main_window - INFO - 362 - --- CREANDO PÁGINA TEMAS ---
2025-10-09 21:59:10,764 - ui.main_window - INFO - 423 - --- FINALIZADA PÁGINA TEMAS ---
2025-10-09 21:59:10,764 - ui.main_window - INFO - 428 - --- CREANDO PÁGINA ANALISIS ---
2025-10-09 21:59:10,769 - ui.main_window - INFO - 492 - --- FINALIZADA PÁGINA ANALISIS ---
2025-10-09 21:59:10,769 - ui.main_window - INFO - 494 - --- INICIO PROCEDIMIENTOS INCIALES ---
2025-10-09 21:59:10,769 - ui.main_window - INFO - 496 - --- FIN DE MAIN WINDOW ---
2025-10-09 21:59:10,810 - services - ERROR - 289 - Falló la ejecución de la query GET GRUPOS ANALISIS PARA CARTA
2025-10-09 21:59:11,045 - __main__ - INFO - 72 - Ventana principal mostrada - Se inicia Main loop
2025-10-09 21:59:15,335 - __main__ - ERROR - 49 - Excepción no manejada:
Traceback (most recent call last):
  File "/home/luc/Documents/10_Archivo/Revistas/El Porteño/ui/main_window.py", line 980, in bt_cartas_en_revista_clicked
    window_correo = DialogCorreo(self.app_state)
                    ^^^^^^^^^^^^^^^^^^^^^^^^^^^^
  File "/home/luc/Documents/10_Archivo/Revistas/El Porteño/ui/dialogs.py", line 24, in __init__
    self._iniciar()
  File "/home/luc/Documents/10_Archivo/Revistas/El Porteño/ui/dialogs.py", line 148, in _iniciar
    self.cargar_carta(carta)
  File "/home/luc/Documents/10_Archivo/Revistas/El Porteño/ui/dialogs.py", line 193, in cargar_carta
    self.cargar_carta_en_widgets(carta)
  File "/home/luc/Documents/10_Archivo/Revistas/El Porteño/ui/dialogs.py", line 204, in cargar_carta_en_widgets
    self.actualizar_lb_grupo_analisis()
  File "/home/luc/Documents/10_Archivo/Revistas/El Porteño/ui/dialogs.py", line 307, in actualizar_lb_grupo_analisis
    n_categorias = len(categorias)
                   ^^^^^^^^^^^^^^^
TypeError: object of type 'NoneType' has no len()
2025-10-09 22:00:02,022 - __main__ - INFO - 56 - === Iniciando la aplicación ===
2025-10-09 22:00:02,022 - __main__ - INFO - 28 - Iniciando configuración de la aplicación El Porteño - Index
- Versión: 3.0.0
2025-10-09 22:00:02,072 - __main__ - INFO - 56 - === Iniciando la aplicación ===
2025-10-09 22:00:02,072 - __main__ - INFO - 28 - Iniciando configuración de la aplicación El Porteño - Index
- Versión: 3.0.0
2025-10-09 22:00:02,074 - database.connection - INFO - 26 - Conexión establecida
2025-10-09 22:00:02,074 - __main__ - INFO - 64 - Creando ventana principal
2025-10-09 22:00:02,075 - ui.main_window - INFO - 34 - Creando widgets en MainWindow
2025-10-09 22:00:02,076 - ui.main_window - INFO - 62 - --- CREANDO PÁGINA REVISTAS ---
2025-10-09 22:00:02,098 - ui.main_window - INFO - 229 - --- FINALIZADA PÁGINA REVISTAS ---
2025-10-09 22:00:02,098 - ui.main_window - INFO - 235 - --- CREANDO PÁGINA AUTORES ---
2025-10-09 22:00:02,104 - ui.main_window - INFO - 357 - --- FINALIZADA PÁGINA AUTORES ---
2025-10-09 22:00:02,104 - ui.main_window - INFO - 362 - --- CREANDO PÁGINA TEMAS ---
2025-10-09 22:00:02,108 - ui.main_window - INFO - 423 - --- FINALIZADA PÁGINA TEMAS ---
2025-10-09 22:00:02,108 - ui.main_window - INFO - 428 - --- CREANDO PÁGINA ANALISIS ---
2025-10-09 22:00:02,113 - ui.main_window - INFO - 492 - --- FINALIZADA PÁGINA ANALISIS ---
2025-10-09 22:00:02,113 - ui.main_window - INFO - 494 - --- INICIO PROCEDIMIENTOS INCIALES ---
2025-10-09 22:00:02,113 - ui.main_window - INFO - 496 - --- FIN DE MAIN WINDOW ---
2025-10-09 22:00:02,125 - database.connection - INFO - 26 - Conexión establecida
2025-10-09 22:00:02,125 - __main__ - INFO - 64 - Creando ventana principal
2025-10-09 22:00:02,126 - ui.main_window - INFO - 34 - Creando widgets en MainWindow
2025-10-09 22:00:02,127 - ui.main_window - INFO - 62 - --- CREANDO PÁGINA REVISTAS ---
2025-10-09 22:00:02,148 - ui.main_window - INFO - 229 - --- FINALIZADA PÁGINA REVISTAS ---
2025-10-09 22:00:02,148 - ui.main_window - INFO - 235 - --- CREANDO PÁGINA AUTORES ---
2025-10-09 22:00:02,152 - services - ERROR - 289 - Falló la ejecución de la query GET GRUPOS ANALISIS PARA CARTA
2025-10-09 22:00:02,154 - ui.main_window - INFO - 357 - --- FINALIZADA PÁGINA AUTORES ---
2025-10-09 22:00:02,154 - ui.main_window - INFO - 362 - --- CREANDO PÁGINA TEMAS ---
2025-10-09 22:00:02,159 - ui.main_window - INFO - 423 - --- FINALIZADA PÁGINA TEMAS ---
2025-10-09 22:00:02,159 - ui.main_window - INFO - 428 - --- CREANDO PÁGINA ANALISIS ---
2025-10-09 22:00:02,164 - ui.main_window - INFO - 492 - --- FINALIZADA PÁGINA ANALISIS ---
2025-10-09 22:00:02,164 - ui.main_window - INFO - 494 - --- INICIO PROCEDIMIENTOS INCIALES ---
2025-10-09 22:00:02,164 - ui.main_window - INFO - 496 - --- FIN DE MAIN WINDOW ---
2025-10-09 22:00:02,194 - services - ERROR - 289 - Falló la ejecución de la query GET GRUPOS ANALISIS PARA CARTA
2025-10-09 22:00:02,337 - __main__ - INFO - 72 - Ventana principal mostrada - Se inicia Main loop
2025-10-09 22:00:02,379 - __main__ - INFO - 72 - Ventana principal mostrada - Se inicia Main loop
2025-10-09 22:00:10,200 - __main__ - ERROR - 49 - Excepción no manejada:
Traceback (most recent call last):
  File "/home/luc/Documents/10_Archivo/Revistas/El Porteño/ui/dialogs.py", line 423, in bt_cargar_grupo_analisis_clicked
    if grupo_analisis in self.app_state.carta_seleccionada.categoria_analisis:
       ^^^^^^^^^^^^^^^^^^^^^^^^^^^^^^^^^^^^^^^^^^^^^^^^^^^^^^^^^^^^^^^^^^^^^^
TypeError: argument of type 'NoneType' is not iterable
2025-10-09 22:00:48,818 - __main__ - INFO - 56 - === Iniciando la aplicación ===
2025-10-09 22:00:48,819 - __main__ - INFO - 28 - Iniciando configuración de la aplicación El Porteño - Index
- Versión: 3.0.0
2025-10-09 22:00:48,868 - database.connection - INFO - 26 - Conexión establecida
2025-10-09 22:00:48,868 - __main__ - INFO - 64 - Creando ventana principal
2025-10-09 22:00:48,869 - ui.main_window - INFO - 34 - Creando widgets en MainWindow
2025-10-09 22:00:48,869 - ui.main_window - INFO - 62 - --- CREANDO PÁGINA REVISTAS ---
2025-10-09 22:00:48,890 - ui.main_window - INFO - 229 - --- FINALIZADA PÁGINA REVISTAS ---
2025-10-09 22:00:48,890 - ui.main_window - INFO - 235 - --- CREANDO PÁGINA AUTORES ---
2025-10-09 22:00:48,896 - ui.main_window - INFO - 357 - --- FINALIZADA PÁGINA AUTORES ---
2025-10-09 22:00:48,896 - ui.main_window - INFO - 362 - --- CREANDO PÁGINA TEMAS ---
2025-10-09 22:00:48,901 - ui.main_window - INFO - 423 - --- FINALIZADA PÁGINA TEMAS ---
2025-10-09 22:00:48,901 - ui.main_window - INFO - 428 - --- CREANDO PÁGINA ANALISIS ---
2025-10-09 22:00:48,906 - ui.main_window - INFO - 492 - --- FINALIZADA PÁGINA ANALISIS ---
2025-10-09 22:00:48,906 - ui.main_window - INFO - 494 - --- INICIO PROCEDIMIENTOS INCIALES ---
2025-10-09 22:00:48,906 - ui.main_window - INFO - 496 - --- FIN DE MAIN WINDOW ---
2025-10-09 22:00:48,949 - services - ERROR - 289 - Falló la ejecución de la query GET GRUPOS ANALISIS PARA CARTA
2025-10-09 22:00:49,200 - __main__ - INFO - 72 - Ventana principal mostrada - Se inicia Main loop
2025-10-09 22:04:16,516 - __main__ - INFO - 56 - === Iniciando la aplicación ===
2025-10-09 22:04:16,516 - __main__ - INFO - 28 - Iniciando configuración de la aplicación El Porteño - Index
- Versión: 3.0.0
2025-10-09 22:04:16,564 - database.connection - INFO - 26 - Conexión establecida
2025-10-09 22:04:16,564 - __main__ - INFO - 64 - Creando ventana principal
2025-10-09 22:04:16,565 - ui.main_window - INFO - 34 - Creando widgets en MainWindow
2025-10-09 22:04:16,566 - ui.main_window - INFO - 62 - --- CREANDO PÁGINA REVISTAS ---
2025-10-09 22:04:16,590 - ui.main_window - INFO - 229 - --- FINALIZADA PÁGINA REVISTAS ---
2025-10-09 22:04:16,590 - ui.main_window - INFO - 235 - --- CREANDO PÁGINA AUTORES ---
2025-10-09 22:04:16,594 - ui.main_window - INFO - 357 - --- FINALIZADA PÁGINA AUTORES ---
2025-10-09 22:04:16,595 - ui.main_window - INFO - 362 - --- CREANDO PÁGINA TEMAS ---
2025-10-09 22:04:16,599 - ui.main_window - INFO - 423 - --- FINALIZADA PÁGINA TEMAS ---
2025-10-09 22:04:16,599 - ui.main_window - INFO - 428 - --- CREANDO PÁGINA ANALISIS ---
2025-10-09 22:04:16,603 - ui.main_window - INFO - 492 - --- FINALIZADA PÁGINA ANALISIS ---
2025-10-09 22:04:16,603 - ui.main_window - INFO - 494 - --- INICIO PROCEDIMIENTOS INCIALES ---
2025-10-09 22:04:16,603 - ui.main_window - INFO - 496 - --- FIN DE MAIN WINDOW ---
2025-10-09 22:04:16,633 - services - ERROR - 290 - Falló la ejecución de la query GET GRUPOS ANALISIS PARA CARTA
2025-10-09 22:04:16,806 - __main__ - INFO - 72 - Ventana principal mostrada - Se inicia Main loop
2025-10-09 22:04:25,901 - services - ERROR - 290 - Falló la ejecución de la query GET GRUPOS ANALISIS PARA CARTA
2025-10-09 22:04:31,335 - __main__ - ERROR - 49 - Excepción no manejada:
Traceback (most recent call last):
  File "/home/luc/Documents/10_Archivo/Revistas/El Porteño/ui/dialogs.py", line 423, in bt_cargar_grupo_analisis_clicked
    if grupo_analisis in self.app_state.carta_seleccionada.categoria_analisis:
       ^^^^^^^^^^^^^^^^^^^^^^^^^^^^^^^^^^^^^^^^^^^^^^^^^^^^^^^^^^^^^^^^^^^^^^
TypeError: argument of type 'NoneType' is not iterable
2025-10-11 08:51:38,577 - __main__ - INFO - 56 - === Iniciando la aplicación ===
2025-10-11 08:51:38,578 - __main__ - INFO - 28 - Iniciando configuración de la aplicación El Porteño - Index
- Versión: 3.0.0
2025-10-11 08:51:38,706 - database.connection - INFO - 26 - Conexión establecida
2025-10-11 08:51:38,707 - __main__ - INFO - 64 - Creando ventana principal
2025-10-11 08:51:38,708 - ui.main_window - INFO - 34 - Creando widgets en MainWindow
2025-10-11 08:51:38,710 - ui.main_window - INFO - 62 - --- CREANDO PÁGINA REVISTAS ---
2025-10-11 08:51:38,757 - ui.main_window - INFO - 229 - --- FINALIZADA PÁGINA REVISTAS ---
2025-10-11 08:51:38,757 - ui.main_window - INFO - 235 - --- CREANDO PÁGINA AUTORES ---
2025-10-11 08:51:38,768 - ui.main_window - INFO - 357 - --- FINALIZADA PÁGINA AUTORES ---
2025-10-11 08:51:38,768 - ui.main_window - INFO - 362 - --- CREANDO PÁGINA TEMAS ---
2025-10-11 08:51:38,778 - ui.main_window - INFO - 423 - --- FINALIZADA PÁGINA TEMAS ---
2025-10-11 08:51:38,778 - ui.main_window - INFO - 428 - --- CREANDO PÁGINA ANALISIS ---
2025-10-11 08:51:38,789 - ui.main_window - INFO - 492 - --- FINALIZADA PÁGINA ANALISIS ---
2025-10-11 08:51:38,789 - ui.main_window - INFO - 494 - --- INICIO PROCEDIMIENTOS INCIALES ---
2025-10-11 08:51:38,789 - ui.main_window - INFO - 496 - --- FIN DE MAIN WINDOW ---
2025-10-11 08:51:38,975 - services - ERROR - 290 - Falló la ejecución de la query GET GRUPOS ANALISIS PARA CARTA
2025-10-11 08:51:39,495 - __main__ - INFO - 72 - Ventana principal mostrada - Se inicia Main loop
2025-10-11 08:52:44,043 - __main__ - ERROR - 49 - Excepción no manejada:
Traceback (most recent call last):
  File "/home/luc/Documents/10_Archivo/Revistas/El Porteño/ui/main_window.py", line 1178, in fb_grupos_on_tag_selected
    self.actualizar_cartas_analisis(selected_tag.id)
  File "/home/luc/Documents/10_Archivo/Revistas/El Porteño/ui/main_window.py", line 929, in actualizar_cartas_analisis
    self.vc_analisis.cargar_cartas(cartas)
  File "/home/luc/Documents/10_Archivo/Revistas/El Porteño/ui/widgets.py", line 438, in cargar_cartas
    if len(carta.archivo_resumen):
       ^^^^^^^^^^^^^^^^^^^^^^^^^^
TypeError: object of type 'NoneType' has no len()
2025-10-11 08:54:10,471 - __main__ - INFO - 56 - === Iniciando la aplicación ===
2025-10-11 08:54:10,471 - __main__ - INFO - 28 - Iniciando configuración de la aplicación El Porteño - Index
- Versión: 3.0.0
2025-10-11 08:54:10,537 - database.connection - INFO - 26 - Conexión establecida
2025-10-11 08:54:10,537 - __main__ - INFO - 64 - Creando ventana principal
2025-10-11 08:54:10,538 - ui.main_window - INFO - 34 - Creando widgets en MainWindow
2025-10-11 08:54:10,539 - ui.main_window - INFO - 62 - --- CREANDO PÁGINA REVISTAS ---
2025-10-11 08:54:10,567 - ui.main_window - INFO - 229 - --- FINALIZADA PÁGINA REVISTAS ---
2025-10-11 08:54:10,567 - ui.main_window - INFO - 235 - --- CREANDO PÁGINA AUTORES ---
2025-10-11 08:54:10,573 - ui.main_window - INFO - 357 - --- FINALIZADA PÁGINA AUTORES ---
2025-10-11 08:54:10,574 - ui.main_window - INFO - 362 - --- CREANDO PÁGINA TEMAS ---
2025-10-11 08:54:10,580 - ui.main_window - INFO - 423 - --- FINALIZADA PÁGINA TEMAS ---
2025-10-11 08:54:10,580 - ui.main_window - INFO - 428 - --- CREANDO PÁGINA ANALISIS ---
2025-10-11 08:54:10,593 - ui.main_window - INFO - 492 - --- FINALIZADA PÁGINA ANALISIS ---
2025-10-11 08:54:10,593 - ui.main_window - INFO - 494 - --- INICIO PROCEDIMIENTOS INCIALES ---
2025-10-11 08:54:10,593 - ui.main_window - INFO - 496 - --- FIN DE MAIN WINDOW ---
2025-10-11 08:54:10,648 - services - ERROR - 290 - Falló la ejecución de la query GET GRUPOS ANALISIS PARA CARTA
2025-10-11 08:54:10,896 - __main__ - INFO - 72 - Ventana principal mostrada - Se inicia Main loop
2025-10-11 08:54:19,915 - __main__ - ERROR - 49 - Excepción no manejada:
Traceback (most recent call last):
  File "/home/luc/Documents/10_Archivo/Revistas/El Porteño/ui/main_window.py", line 1178, in fb_grupos_on_tag_selected
    self.actualizar_cartas_analisis(selected_tag.id)
  File "/home/luc/Documents/10_Archivo/Revistas/El Porteño/ui/main_window.py", line 929, in actualizar_cartas_analisis
    self.vc_analisis.cargar_cartas(cartas)
  File "/home/luc/Documents/10_Archivo/Revistas/El Porteño/ui/widgets.py", line 438, in cargar_cartas
    if len(carta.archivo_resumen):
       ^^^^^^^^^^^^^^^^^^^^^^^^^^
TypeError: object of type 'NoneType' has no len()
2025-10-11 08:56:21,301 - __main__ - INFO - 56 - === Iniciando la aplicación ===
2025-10-11 08:56:21,301 - __main__ - INFO - 28 - Iniciando configuración de la aplicación El Porteño - Index
- Versión: 3.0.0
2025-10-11 08:56:21,367 - database.connection - INFO - 26 - Conexión establecida
2025-10-11 08:56:21,368 - __main__ - INFO - 64 - Creando ventana principal
2025-10-11 08:56:21,369 - ui.main_window - INFO - 34 - Creando widgets en MainWindow
2025-10-11 08:56:21,369 - ui.main_window - INFO - 62 - --- CREANDO PÁGINA REVISTAS ---
2025-10-11 08:56:21,398 - ui.main_window - INFO - 229 - --- FINALIZADA PÁGINA REVISTAS ---
2025-10-11 08:56:21,398 - ui.main_window - INFO - 235 - --- CREANDO PÁGINA AUTORES ---
2025-10-11 08:56:21,405 - ui.main_window - INFO - 357 - --- FINALIZADA PÁGINA AUTORES ---
2025-10-11 08:56:21,405 - ui.main_window - INFO - 362 - --- CREANDO PÁGINA TEMAS ---
2025-10-11 08:56:21,410 - ui.main_window - INFO - 423 - --- FINALIZADA PÁGINA TEMAS ---
2025-10-11 08:56:21,410 - ui.main_window - INFO - 428 - --- CREANDO PÁGINA ANALISIS ---
2025-10-11 08:56:21,417 - ui.main_window - INFO - 492 - --- FINALIZADA PÁGINA ANALISIS ---
2025-10-11 08:56:21,417 - ui.main_window - INFO - 494 - --- INICIO PROCEDIMIENTOS INCIALES ---
2025-10-11 08:56:21,417 - ui.main_window - INFO - 496 - --- FIN DE MAIN WINDOW ---
2025-10-11 08:56:21,463 - services - ERROR - 290 - Falló la ejecución de la query GET GRUPOS ANALISIS PARA CARTA
2025-10-11 08:56:21,875 - __main__ - INFO - 72 - Ventana principal mostrada - Se inicia Main loop
2025-10-11 08:57:03,109 - __main__ - ERROR - 49 - Excepción no manejada:
Traceback (most recent call last):
  File "/home/luc/Documents/10_Archivo/Revistas/El Porteño/ui/widgets.py", line 488, in on_tn_button_press
    self.show_context_menu(event, False)
  File "/home/luc/Documents/10_Archivo/Revistas/El Porteño/ui/widgets.py", line 499, in show_context_menu
    item_edit.connect("activate", self.on_click_menu_agregar_carta)
                                  ^^^^^^^^^^^^^^^^^^^^^^^^^^^^^^^^
AttributeError: 'VisualizadorCartas' object has no attribute 'on_click_menu_agregar_carta'. Did you mean: 'on_click_menu_agregar_nota'?
2025-10-11 09:01:46,197 - __main__ - INFO - 56 - === Iniciando la aplicación ===
2025-10-11 09:01:46,197 - __main__ - INFO - 28 - Iniciando configuración de la aplicación El Porteño - Index
- Versión: 3.0.0
2025-10-11 09:01:46,272 - database.connection - INFO - 26 - Conexión establecida
2025-10-11 09:01:46,273 - __main__ - INFO - 64 - Creando ventana principal
2025-10-11 09:01:46,274 - ui.main_window - INFO - 34 - Creando widgets en MainWindow
2025-10-11 09:01:46,274 - ui.main_window - INFO - 62 - --- CREANDO PÁGINA REVISTAS ---
2025-10-11 09:01:46,302 - ui.main_window - INFO - 229 - --- FINALIZADA PÁGINA REVISTAS ---
2025-10-11 09:01:46,302 - ui.main_window - INFO - 235 - --- CREANDO PÁGINA AUTORES ---
2025-10-11 09:01:46,309 - ui.main_window - INFO - 357 - --- FINALIZADA PÁGINA AUTORES ---
2025-10-11 09:01:46,309 - ui.main_window - INFO - 362 - --- CREANDO PÁGINA TEMAS ---
2025-10-11 09:01:46,315 - ui.main_window - INFO - 423 - --- FINALIZADA PÁGINA TEMAS ---
2025-10-11 09:01:46,315 - ui.main_window - INFO - 428 - --- CREANDO PÁGINA ANALISIS ---
2025-10-11 09:01:46,321 - ui.main_window - INFO - 492 - --- FINALIZADA PÁGINA ANALISIS ---
2025-10-11 09:01:46,321 - ui.main_window - INFO - 494 - --- INICIO PROCEDIMIENTOS INCIALES ---
2025-10-11 09:01:46,321 - ui.main_window - INFO - 496 - --- FIN DE MAIN WINDOW ---
2025-10-11 09:01:46,373 - services - ERROR - 290 - Falló la ejecución de la query GET GRUPOS ANALISIS PARA CARTA
2025-10-11 09:01:46,605 - __main__ - INFO - 72 - Ventana principal mostrada - Se inicia Main loop
2025-10-11 09:01:57,764 - database.connection - INFO - 37 - Conexión cerrada
2025-10-11 09:01:57,766 - __main__ - INFO - 77 - === Aplicación finalizada correctamente ===
2025-10-11 09:02:04,221 - __main__ - INFO - 56 - === Iniciando la aplicación ===
2025-10-11 09:02:04,222 - __main__ - INFO - 28 - Iniciando configuración de la aplicación El Porteño - Index
- Versión: 3.0.0
2025-10-11 09:02:04,289 - database.connection - INFO - 26 - Conexión establecida
2025-10-11 09:02:04,289 - __main__ - INFO - 64 - Creando ventana principal
2025-10-11 09:02:04,290 - ui.main_window - INFO - 34 - Creando widgets en MainWindow
2025-10-11 09:02:04,291 - ui.main_window - INFO - 62 - --- CREANDO PÁGINA REVISTAS ---
2025-10-11 09:02:04,319 - ui.main_window - INFO - 229 - --- FINALIZADA PÁGINA REVISTAS ---
2025-10-11 09:02:04,320 - ui.main_window - INFO - 235 - --- CREANDO PÁGINA AUTORES ---
2025-10-11 09:02:04,327 - ui.main_window - INFO - 357 - --- FINALIZADA PÁGINA AUTORES ---
2025-10-11 09:02:04,327 - ui.main_window - INFO - 362 - --- CREANDO PÁGINA TEMAS ---
2025-10-11 09:02:04,336 - ui.main_window - INFO - 423 - --- FINALIZADA PÁGINA TEMAS ---
2025-10-11 09:02:04,336 - ui.main_window - INFO - 428 - --- CREANDO PÁGINA ANALISIS ---
2025-10-11 09:02:04,345 - ui.main_window - INFO - 492 - --- FINALIZADA PÁGINA ANALISIS ---
2025-10-11 09:02:04,345 - ui.main_window - INFO - 494 - --- INICIO PROCEDIMIENTOS INCIALES ---
2025-10-11 09:02:04,345 - ui.main_window - INFO - 496 - --- FIN DE MAIN WINDOW ---
2025-10-11 09:02:04,392 - services - ERROR - 290 - Falló la ejecución de la query GET GRUPOS ANALISIS PARA CARTA
2025-10-11 09:02:04,637 - __main__ - INFO - 72 - Ventana principal mostrada - Se inicia Main loop
2025-10-11 09:02:09,575 - database.connection - INFO - 37 - Conexión cerrada
2025-10-11 09:02:09,577 - __main__ - INFO - 77 - === Aplicación finalizada correctamente ===
2025-10-11 09:02:15,135 - __main__ - INFO - 56 - === Iniciando la aplicación ===
2025-10-11 09:02:15,135 - __main__ - INFO - 28 - Iniciando configuración de la aplicación El Porteño - Index
- Versión: 3.0.0
2025-10-11 09:02:15,215 - database.connection - INFO - 26 - Conexión establecida
2025-10-11 09:02:15,215 - __main__ - INFO - 64 - Creando ventana principal
2025-10-11 09:02:15,217 - ui.main_window - INFO - 34 - Creando widgets en MainWindow
2025-10-11 09:02:15,218 - ui.main_window - INFO - 62 - --- CREANDO PÁGINA REVISTAS ---
2025-10-11 09:02:15,271 - ui.main_window - INFO - 229 - --- FINALIZADA PÁGINA REVISTAS ---
2025-10-11 09:02:15,271 - ui.main_window - INFO - 235 - --- CREANDO PÁGINA AUTORES ---
2025-10-11 09:02:15,282 - ui.main_window - INFO - 357 - --- FINALIZADA PÁGINA AUTORES ---
2025-10-11 09:02:15,282 - ui.main_window - INFO - 362 - --- CREANDO PÁGINA TEMAS ---
2025-10-11 09:02:15,288 - ui.main_window - INFO - 423 - --- FINALIZADA PÁGINA TEMAS ---
2025-10-11 09:02:15,289 - ui.main_window - INFO - 428 - --- CREANDO PÁGINA ANALISIS ---
2025-10-11 09:02:15,295 - ui.main_window - INFO - 492 - --- FINALIZADA PÁGINA ANALISIS ---
2025-10-11 09:02:15,295 - ui.main_window - INFO - 494 - --- INICIO PROCEDIMIENTOS INCIALES ---
2025-10-11 09:02:15,295 - ui.main_window - INFO - 496 - --- FIN DE MAIN WINDOW ---
2025-10-11 09:02:15,341 - services - ERROR - 290 - Falló la ejecución de la query GET GRUPOS ANALISIS PARA CARTA
2025-10-11 09:02:15,571 - __main__ - INFO - 72 - Ventana principal mostrada - Se inicia Main loop
2025-10-11 09:02:19,543 - database.connection - INFO - 37 - Conexión cerrada
2025-10-11 09:02:19,545 - __main__ - INFO - 77 - === Aplicación finalizada correctamente ===
2025-10-11 09:02:25,734 - __main__ - INFO - 56 - === Iniciando la aplicación ===
2025-10-11 09:02:25,734 - __main__ - INFO - 28 - Iniciando configuración de la aplicación El Porteño - Index
- Versión: 3.0.0
2025-10-11 09:02:25,801 - database.connection - INFO - 26 - Conexión establecida
2025-10-11 09:02:25,801 - __main__ - INFO - 64 - Creando ventana principal
2025-10-11 09:02:25,802 - ui.main_window - INFO - 34 - Creando widgets en MainWindow
2025-10-11 09:02:25,803 - ui.main_window - INFO - 62 - --- CREANDO PÁGINA REVISTAS ---
2025-10-11 09:02:25,831 - ui.main_window - INFO - 229 - --- FINALIZADA PÁGINA REVISTAS ---
2025-10-11 09:02:25,831 - ui.main_window - INFO - 235 - --- CREANDO PÁGINA AUTORES ---
2025-10-11 09:02:25,838 - ui.main_window - INFO - 357 - --- FINALIZADA PÁGINA AUTORES ---
2025-10-11 09:02:25,838 - ui.main_window - INFO - 362 - --- CREANDO PÁGINA TEMAS ---
2025-10-11 09:02:25,843 - ui.main_window - INFO - 423 - --- FINALIZADA PÁGINA TEMAS ---
2025-10-11 09:02:25,843 - ui.main_window - INFO - 428 - --- CREANDO PÁGINA ANALISIS ---
2025-10-11 09:02:25,851 - ui.main_window - INFO - 492 - --- FINALIZADA PÁGINA ANALISIS ---
2025-10-11 09:02:25,851 - ui.main_window - INFO - 494 - --- INICIO PROCEDIMIENTOS INCIALES ---
2025-10-11 09:02:25,851 - ui.main_window - INFO - 496 - --- FIN DE MAIN WINDOW ---
2025-10-11 09:02:25,898 - services - ERROR - 290 - Falló la ejecución de la query GET GRUPOS ANALISIS PARA CARTA
2025-10-11 09:02:26,164 - __main__ - INFO - 72 - Ventana principal mostrada - Se inicia Main loop
2025-10-11 09:02:32,900 - database.connection - INFO - 37 - Conexión cerrada
2025-10-11 09:02:32,903 - __main__ - INFO - 77 - === Aplicación finalizada correctamente ===
2025-10-11 09:02:39,111 - __main__ - INFO - 56 - === Iniciando la aplicación ===
2025-10-11 09:02:39,111 - __main__ - INFO - 28 - Iniciando configuración de la aplicación El Porteño - Index
- Versión: 3.0.0
2025-10-11 09:02:39,180 - database.connection - INFO - 26 - Conexión establecida
2025-10-11 09:02:39,180 - __main__ - INFO - 64 - Creando ventana principal
2025-10-11 09:02:39,181 - ui.main_window - INFO - 34 - Creando widgets en MainWindow
2025-10-11 09:02:39,182 - ui.main_window - INFO - 62 - --- CREANDO PÁGINA REVISTAS ---
2025-10-11 09:02:39,209 - ui.main_window - INFO - 229 - --- FINALIZADA PÁGINA REVISTAS ---
2025-10-11 09:02:39,210 - ui.main_window - INFO - 235 - --- CREANDO PÁGINA AUTORES ---
2025-10-11 09:02:39,216 - ui.main_window - INFO - 357 - --- FINALIZADA PÁGINA AUTORES ---
2025-10-11 09:02:39,217 - ui.main_window - INFO - 362 - --- CREANDO PÁGINA TEMAS ---
2025-10-11 09:02:39,222 - ui.main_window - INFO - 423 - --- FINALIZADA PÁGINA TEMAS ---
2025-10-11 09:02:39,222 - ui.main_window - INFO - 428 - --- CREANDO PÁGINA ANALISIS ---
2025-10-11 09:02:39,229 - ui.main_window - INFO - 492 - --- FINALIZADA PÁGINA ANALISIS ---
2025-10-11 09:02:39,229 - ui.main_window - INFO - 494 - --- INICIO PROCEDIMIENTOS INCIALES ---
2025-10-11 09:02:39,229 - ui.main_window - INFO - 496 - --- FIN DE MAIN WINDOW ---
2025-10-11 09:02:39,278 - services - ERROR - 290 - Falló la ejecución de la query GET GRUPOS ANALISIS PARA CARTA
2025-10-11 09:02:39,531 - __main__ - INFO - 72 - Ventana principal mostrada - Se inicia Main loop
2025-10-11 09:03:24,485 - services - ERROR - 290 - Falló la ejecución de la query GET GRUPOS ANALISIS PARA CARTA
2025-10-11 09:03:35,224 - database.connection - INFO - 37 - Conexión cerrada
2025-10-11 09:03:35,227 - __main__ - INFO - 77 - === Aplicación finalizada correctamente ===
2025-10-11 09:06:36,828 - __main__ - INFO - 56 - === Iniciando la aplicación ===
2025-10-11 09:06:36,828 - __main__ - INFO - 28 - Iniciando configuración de la aplicación El Porteño - Index
- Versión: 3.0.0
2025-10-11 09:06:36,916 - database.connection - INFO - 26 - Conexión establecida
2025-10-11 09:06:36,916 - __main__ - INFO - 64 - Creando ventana principal
2025-10-11 09:06:36,917 - ui.main_window - INFO - 34 - Creando widgets en MainWindow
2025-10-11 09:06:36,918 - ui.main_window - INFO - 62 - --- CREANDO PÁGINA REVISTAS ---
2025-10-11 09:06:36,990 - ui.main_window - INFO - 229 - --- FINALIZADA PÁGINA REVISTAS ---
2025-10-11 09:06:36,991 - ui.main_window - INFO - 235 - --- CREANDO PÁGINA AUTORES ---
2025-10-11 09:06:37,004 - ui.main_window - INFO - 357 - --- FINALIZADA PÁGINA AUTORES ---
2025-10-11 09:06:37,004 - ui.main_window - INFO - 362 - --- CREANDO PÁGINA TEMAS ---
2025-10-11 09:06:37,014 - ui.main_window - INFO - 423 - --- FINALIZADA PÁGINA TEMAS ---
2025-10-11 09:06:37,014 - ui.main_window - INFO - 428 - --- CREANDO PÁGINA ANALISIS ---
2025-10-11 09:06:37,023 - ui.main_window - INFO - 492 - --- FINALIZADA PÁGINA ANALISIS ---
2025-10-11 09:06:37,023 - ui.main_window - INFO - 494 - --- INICIO PROCEDIMIENTOS INCIALES ---
2025-10-11 09:06:37,023 - ui.main_window - INFO - 496 - --- FIN DE MAIN WINDOW ---
2025-10-11 09:06:37,119 - services - ERROR - 290 - Falló la ejecución de la query GET GRUPOS ANALISIS PARA CARTA
2025-10-11 09:06:37,223 - __main__ - INFO - 56 - === Iniciando la aplicación ===
2025-10-11 09:06:37,223 - __main__ - INFO - 28 - Iniciando configuración de la aplicación El Porteño - Index
- Versión: 3.0.0
2025-10-11 09:06:37,293 - database.connection - INFO - 26 - Conexión establecida
2025-10-11 09:06:37,293 - __main__ - INFO - 64 - Creando ventana principal
2025-10-11 09:06:37,295 - ui.main_window - INFO - 34 - Creando widgets en MainWindow
2025-10-11 09:06:37,296 - ui.main_window - INFO - 62 - --- CREANDO PÁGINA REVISTAS ---
2025-10-11 09:06:37,325 - ui.main_window - INFO - 229 - --- FINALIZADA PÁGINA REVISTAS ---
2025-10-11 09:06:37,325 - ui.main_window - INFO - 235 - --- CREANDO PÁGINA AUTORES ---
2025-10-11 09:06:37,333 - ui.main_window - INFO - 357 - --- FINALIZADA PÁGINA AUTORES ---
2025-10-11 09:06:37,333 - ui.main_window - INFO - 362 - --- CREANDO PÁGINA TEMAS ---
2025-10-11 09:06:37,339 - ui.main_window - INFO - 423 - --- FINALIZADA PÁGINA TEMAS ---
2025-10-11 09:06:37,340 - ui.main_window - INFO - 428 - --- CREANDO PÁGINA ANALISIS ---
2025-10-11 09:06:37,347 - ui.main_window - INFO - 492 - --- FINALIZADA PÁGINA ANALISIS ---
2025-10-11 09:06:37,347 - ui.main_window - INFO - 494 - --- INICIO PROCEDIMIENTOS INCIALES ---
2025-10-11 09:06:37,347 - ui.main_window - INFO - 496 - --- FIN DE MAIN WINDOW ---
2025-10-11 09:06:37,421 - services - ERROR - 290 - Falló la ejecución de la query GET GRUPOS ANALISIS PARA CARTA
2025-10-11 09:06:37,476 - __main__ - INFO - 72 - Ventana principal mostrada - Se inicia Main loop
2025-10-11 09:06:37,817 - __main__ - INFO - 72 - Ventana principal mostrada - Se inicia Main loop
2025-10-11 09:06:39,609 - database.connection - INFO - 37 - Conexión cerrada
2025-10-11 09:06:39,611 - __main__ - INFO - 77 - === Aplicación finalizada correctamente ===
2025-10-11 09:11:38,297 - __main__ - INFO - 56 - === Iniciando la aplicación ===
2025-10-11 09:11:38,297 - __main__ - INFO - 28 - Iniciando configuración de la aplicación El Porteño - Index
- Versión: 3.0.0
2025-10-11 09:11:38,366 - database.connection - INFO - 26 - Conexión establecida
2025-10-11 09:11:38,366 - __main__ - INFO - 64 - Creando ventana principal
2025-10-11 09:11:38,368 - ui.main_window - INFO - 34 - Creando widgets en MainWindow
2025-10-11 09:11:38,369 - ui.main_window - INFO - 62 - --- CREANDO PÁGINA REVISTAS ---
2025-10-11 09:11:38,398 - ui.main_window - INFO - 229 - --- FINALIZADA PÁGINA REVISTAS ---
2025-10-11 09:11:38,398 - ui.main_window - INFO - 235 - --- CREANDO PÁGINA AUTORES ---
2025-10-11 09:11:38,406 - ui.main_window - INFO - 357 - --- FINALIZADA PÁGINA AUTORES ---
2025-10-11 09:11:38,406 - ui.main_window - INFO - 362 - --- CREANDO PÁGINA TEMAS ---
2025-10-11 09:11:38,412 - ui.main_window - INFO - 423 - --- FINALIZADA PÁGINA TEMAS ---
2025-10-11 09:11:38,412 - ui.main_window - INFO - 428 - --- CREANDO PÁGINA ANALISIS ---
2025-10-11 09:11:38,419 - ui.main_window - INFO - 492 - --- FINALIZADA PÁGINA ANALISIS ---
2025-10-11 09:11:38,419 - ui.main_window - INFO - 494 - --- INICIO PROCEDIMIENTOS INCIALES ---
2025-10-11 09:11:38,420 - ui.main_window - INFO - 496 - --- FIN DE MAIN WINDOW ---
2025-10-11 09:19:16,100 - __main__ - INFO - 56 - === Iniciando la aplicación ===
2025-10-11 09:19:16,101 - __main__ - INFO - 28 - Iniciando configuración de la aplicación El Porteño - Index
- Versión: 3.0.0
2025-10-11 09:19:16,169 - database.connection - INFO - 26 - Conexión establecida
2025-10-11 09:19:16,170 - __main__ - INFO - 64 - Creando ventana principal
2025-10-11 09:19:16,170 - ui.main_window - INFO - 34 - Creando widgets en MainWindow
2025-10-11 09:19:16,171 - ui.main_window - INFO - 62 - --- CREANDO PÁGINA REVISTAS ---
2025-10-11 09:19:16,212 - ui.main_window - INFO - 229 - --- FINALIZADA PÁGINA REVISTAS ---
2025-10-11 09:19:16,212 - ui.main_window - INFO - 235 - --- CREANDO PÁGINA AUTORES ---
2025-10-11 09:19:16,228 - ui.main_window - INFO - 357 - --- FINALIZADA PÁGINA AUTORES ---
2025-10-11 09:19:16,228 - ui.main_window - INFO - 362 - --- CREANDO PÁGINA TEMAS ---
2025-10-11 09:19:16,241 - ui.main_window - INFO - 423 - --- FINALIZADA PÁGINA TEMAS ---
2025-10-11 09:19:16,241 - ui.main_window - INFO - 428 - --- CREANDO PÁGINA ANALISIS ---
2025-10-11 09:19:16,254 - ui.main_window - INFO - 492 - --- FINALIZADA PÁGINA ANALISIS ---
2025-10-11 09:19:16,254 - ui.main_window - INFO - 494 - --- INICIO PROCEDIMIENTOS INCIALES ---
2025-10-11 09:19:16,254 - ui.main_window - INFO - 496 - --- FIN DE MAIN WINDOW ---
2025-10-11 09:19:16,312 - services - ERROR - 289 - Falló la ejecución de la query GET GRUPOS ANALISIS PARA CARTA
2025-10-11 09:19:16,576 - __main__ - INFO - 72 - Ventana principal mostrada - Se inicia Main loop
2025-10-11 09:19:25,175 - database.connection - INFO - 37 - Conexión cerrada
2025-10-11 09:19:25,177 - __main__ - INFO - 77 - === Aplicación finalizada correctamente ===
2025-10-11 09:19:27,500 - __main__ - INFO - 56 - === Iniciando la aplicación ===
2025-10-11 09:19:27,500 - __main__ - INFO - 28 - Iniciando configuración de la aplicación El Porteño - Index
- Versión: 3.0.0
2025-10-11 09:19:27,582 - database.connection - INFO - 26 - Conexión establecida
2025-10-11 09:19:27,583 - __main__ - INFO - 64 - Creando ventana principal
2025-10-11 09:19:27,585 - ui.main_window - INFO - 34 - Creando widgets en MainWindow
2025-10-11 09:19:27,587 - ui.main_window - INFO - 62 - --- CREANDO PÁGINA REVISTAS ---
2025-10-11 09:19:27,645 - ui.main_window - INFO - 229 - --- FINALIZADA PÁGINA REVISTAS ---
2025-10-11 09:19:27,645 - ui.main_window - INFO - 235 - --- CREANDO PÁGINA AUTORES ---
2025-10-11 09:19:27,658 - ui.main_window - INFO - 357 - --- FINALIZADA PÁGINA AUTORES ---
2025-10-11 09:19:27,659 - ui.main_window - INFO - 362 - --- CREANDO PÁGINA TEMAS ---
2025-10-11 09:19:27,666 - ui.main_window - INFO - 423 - --- FINALIZADA PÁGINA TEMAS ---
2025-10-11 09:19:27,666 - ui.main_window - INFO - 428 - --- CREANDO PÁGINA ANALISIS ---
2025-10-11 09:19:27,674 - ui.main_window - INFO - 492 - --- FINALIZADA PÁGINA ANALISIS ---
2025-10-11 09:19:27,674 - ui.main_window - INFO - 494 - --- INICIO PROCEDIMIENTOS INCIALES ---
2025-10-11 09:19:27,674 - ui.main_window - INFO - 496 - --- FIN DE MAIN WINDOW ---
2025-10-11 09:20:06,262 - __main__ - INFO - 56 - === Iniciando la aplicación ===
2025-10-11 09:20:06,262 - __main__ - INFO - 28 - Iniciando configuración de la aplicación El Porteño - Index
- Versión: 3.0.0
2025-10-11 09:20:06,339 - database.connection - INFO - 26 - Conexión establecida
2025-10-11 09:20:06,339 - __main__ - INFO - 64 - Creando ventana principal
2025-10-11 09:20:06,341 - ui.main_window - INFO - 34 - Creando widgets en MainWindow
2025-10-11 09:20:06,342 - ui.main_window - INFO - 62 - --- CREANDO PÁGINA REVISTAS ---
2025-10-11 09:20:06,394 - ui.main_window - INFO - 229 - --- FINALIZADA PÁGINA REVISTAS ---
2025-10-11 09:20:06,394 - ui.main_window - INFO - 235 - --- CREANDO PÁGINA AUTORES ---
2025-10-11 09:20:06,411 - ui.main_window - INFO - 357 - --- FINALIZADA PÁGINA AUTORES ---
2025-10-11 09:20:06,412 - ui.main_window - INFO - 362 - --- CREANDO PÁGINA TEMAS ---
2025-10-11 09:20:06,425 - ui.main_window - INFO - 423 - --- FINALIZADA PÁGINA TEMAS ---
2025-10-11 09:20:06,425 - ui.main_window - INFO - 428 - --- CREANDO PÁGINA ANALISIS ---
2025-10-11 09:20:06,435 - ui.main_window - INFO - 492 - --- FINALIZADA PÁGINA ANALISIS ---
2025-10-11 09:20:06,436 - ui.main_window - INFO - 494 - --- INICIO PROCEDIMIENTOS INCIALES ---
2025-10-11 09:20:06,436 - ui.main_window - INFO - 496 - --- FIN DE MAIN WINDOW ---
2025-10-11 09:21:04,069 - __main__ - INFO - 56 - === Iniciando la aplicación ===
2025-10-11 09:21:04,069 - __main__ - INFO - 28 - Iniciando configuración de la aplicación El Porteño - Index
- Versión: 3.0.0
2025-10-11 09:21:04,138 - database.connection - INFO - 26 - Conexión establecida
2025-10-11 09:21:04,139 - __main__ - INFO - 64 - Creando ventana principal
2025-10-11 09:21:04,139 - ui.main_window - INFO - 34 - Creando widgets en MainWindow
2025-10-11 09:21:04,140 - ui.main_window - INFO - 62 - --- CREANDO PÁGINA REVISTAS ---
2025-10-11 09:21:04,168 - ui.main_window - INFO - 229 - --- FINALIZADA PÁGINA REVISTAS ---
2025-10-11 09:21:04,168 - ui.main_window - INFO - 235 - --- CREANDO PÁGINA AUTORES ---
2025-10-11 09:21:04,175 - ui.main_window - INFO - 357 - --- FINALIZADA PÁGINA AUTORES ---
2025-10-11 09:21:04,175 - ui.main_window - INFO - 362 - --- CREANDO PÁGINA TEMAS ---
2025-10-11 09:21:04,181 - ui.main_window - INFO - 423 - --- FINALIZADA PÁGINA TEMAS ---
2025-10-11 09:21:04,181 - ui.main_window - INFO - 428 - --- CREANDO PÁGINA ANALISIS ---
2025-10-11 09:21:04,188 - ui.main_window - INFO - 492 - --- FINALIZADA PÁGINA ANALISIS ---
2025-10-11 09:21:04,188 - ui.main_window - INFO - 494 - --- INICIO PROCEDIMIENTOS INCIALES ---
2025-10-11 09:21:04,188 - ui.main_window - INFO - 496 - --- FIN DE MAIN WINDOW ---
2025-10-11 09:21:04,234 - services - ERROR - 289 - Falló la ejecución de la query GET GRUPOS ANALISIS PARA CARTA
2025-10-11 09:21:04,486 - __main__ - INFO - 72 - Ventana principal mostrada - Se inicia Main loop
2025-10-11 09:21:10,368 - database.connection - INFO - 37 - Conexión cerrada
2025-10-11 09:21:10,370 - __main__ - INFO - 77 - === Aplicación finalizada correctamente ===
2025-10-11 09:21:15,138 - __main__ - INFO - 56 - === Iniciando la aplicación ===
2025-10-11 09:21:15,138 - __main__ - INFO - 28 - Iniciando configuración de la aplicación El Porteño - Index
- Versión: 3.0.0
2025-10-11 09:21:15,206 - database.connection - INFO - 26 - Conexión establecida
2025-10-11 09:21:15,207 - __main__ - INFO - 64 - Creando ventana principal
2025-10-11 09:21:15,208 - ui.main_window - INFO - 34 - Creando widgets en MainWindow
2025-10-11 09:21:15,209 - ui.main_window - INFO - 62 - --- CREANDO PÁGINA REVISTAS ---
2025-10-11 09:21:15,237 - ui.main_window - INFO - 229 - --- FINALIZADA PÁGINA REVISTAS ---
2025-10-11 09:21:15,237 - ui.main_window - INFO - 235 - --- CREANDO PÁGINA AUTORES ---
2025-10-11 09:21:15,244 - ui.main_window - INFO - 357 - --- FINALIZADA PÁGINA AUTORES ---
2025-10-11 09:21:15,245 - ui.main_window - INFO - 362 - --- CREANDO PÁGINA TEMAS ---
2025-10-11 09:21:15,251 - ui.main_window - INFO - 423 - --- FINALIZADA PÁGINA TEMAS ---
2025-10-11 09:21:15,251 - ui.main_window - INFO - 428 - --- CREANDO PÁGINA ANALISIS ---
2025-10-11 09:21:15,258 - ui.main_window - INFO - 492 - --- FINALIZADA PÁGINA ANALISIS ---
2025-10-11 09:21:15,258 - ui.main_window - INFO - 494 - --- INICIO PROCEDIMIENTOS INCIALES ---
2025-10-11 09:21:15,258 - ui.main_window - INFO - 496 - --- FIN DE MAIN WINDOW ---
2025-10-11 09:22:57,677 - __main__ - INFO - 56 - === Iniciando la aplicación ===
2025-10-11 09:22:57,677 - __main__ - INFO - 28 - Iniciando configuración de la aplicación El Porteño - Index
- Versión: 3.0.0
2025-10-11 09:22:57,775 - database.connection - INFO - 26 - Conexión establecida
2025-10-11 09:22:57,775 - __main__ - INFO - 64 - Creando ventana principal
2025-10-11 09:22:57,776 - ui.main_window - INFO - 34 - Creando widgets en MainWindow
2025-10-11 09:22:57,777 - ui.main_window - INFO - 62 - --- CREANDO PÁGINA REVISTAS ---
2025-10-11 09:22:57,810 - ui.main_window - INFO - 229 - --- FINALIZADA PÁGINA REVISTAS ---
2025-10-11 09:22:57,811 - ui.main_window - INFO - 235 - --- CREANDO PÁGINA AUTORES ---
2025-10-11 09:22:57,818 - ui.main_window - INFO - 357 - --- FINALIZADA PÁGINA AUTORES ---
2025-10-11 09:22:57,819 - ui.main_window - INFO - 362 - --- CREANDO PÁGINA TEMAS ---
2025-10-11 09:22:57,825 - ui.main_window - INFO - 423 - --- FINALIZADA PÁGINA TEMAS ---
2025-10-11 09:22:57,825 - ui.main_window - INFO - 428 - --- CREANDO PÁGINA ANALISIS ---
2025-10-11 09:22:57,832 - ui.main_window - INFO - 492 - --- FINALIZADA PÁGINA ANALISIS ---
2025-10-11 09:22:57,832 - ui.main_window - INFO - 494 - --- INICIO PROCEDIMIENTOS INCIALES ---
2025-10-11 09:22:57,833 - ui.main_window - INFO - 496 - --- FIN DE MAIN WINDOW ---
2025-10-11 09:24:43,905 - __main__ - INFO - 56 - === Iniciando la aplicación ===
2025-10-11 09:24:43,905 - __main__ - INFO - 28 - Iniciando configuración de la aplicación El Porteño - Index
- Versión: 3.0.0
2025-10-11 09:24:43,974 - database.connection - INFO - 26 - Conexión establecida
2025-10-11 09:24:43,974 - __main__ - INFO - 64 - Creando ventana principal
2025-10-11 09:24:43,975 - ui.main_window - INFO - 34 - Creando widgets en MainWindow
2025-10-11 09:24:43,976 - ui.main_window - INFO - 62 - --- CREANDO PÁGINA REVISTAS ---
2025-10-11 09:24:44,008 - ui.main_window - INFO - 229 - --- FINALIZADA PÁGINA REVISTAS ---
2025-10-11 09:24:44,008 - ui.main_window - INFO - 235 - --- CREANDO PÁGINA AUTORES ---
2025-10-11 09:24:44,023 - ui.main_window - INFO - 357 - --- FINALIZADA PÁGINA AUTORES ---
2025-10-11 09:24:44,023 - ui.main_window - INFO - 362 - --- CREANDO PÁGINA TEMAS ---
2025-10-11 09:24:44,033 - ui.main_window - INFO - 423 - --- FINALIZADA PÁGINA TEMAS ---
2025-10-11 09:24:44,033 - ui.main_window - INFO - 428 - --- CREANDO PÁGINA ANALISIS ---
2025-10-11 09:24:44,041 - ui.main_window - INFO - 492 - --- FINALIZADA PÁGINA ANALISIS ---
2025-10-11 09:24:44,041 - ui.main_window - INFO - 494 - --- INICIO PROCEDIMIENTOS INCIALES ---
2025-10-11 09:24:44,041 - ui.main_window - INFO - 496 - --- FIN DE MAIN WINDOW ---
2025-10-11 09:24:44,090 - services - ERROR - 289 - Falló la ejecución de la query GET GRUPOS ANALISIS PARA CARTA
2025-10-11 09:24:44,231 - services - ERROR - 465 - Falló la ejecución de GET GRUPOS ANALISIS: 'grupo_id'
2025-10-11 09:24:44,231 - __main__ - CRITICAL - 81 - Error crítico al iniciar aplicación: 'NoneType' object is not iterable
2025-10-11 09:29:18,456 - __main__ - INFO - 56 - === Iniciando la aplicación ===
2025-10-11 09:29:18,456 - __main__ - INFO - 28 - Iniciando configuración de la aplicación El Porteño - Index
- Versión: 3.0.0
2025-10-11 09:29:18,524 - database.connection - INFO - 26 - Conexión establecida
2025-10-11 09:29:18,524 - __main__ - INFO - 64 - Creando ventana principal
2025-10-11 09:29:18,525 - ui.main_window - INFO - 34 - Creando widgets en MainWindow
2025-10-11 09:29:18,526 - ui.main_window - INFO - 62 - --- CREANDO PÁGINA REVISTAS ---
2025-10-11 09:29:18,553 - ui.main_window - INFO - 229 - --- FINALIZADA PÁGINA REVISTAS ---
2025-10-11 09:29:18,553 - ui.main_window - INFO - 235 - --- CREANDO PÁGINA AUTORES ---
2025-10-11 09:29:18,560 - ui.main_window - INFO - 357 - --- FINALIZADA PÁGINA AUTORES ---
2025-10-11 09:29:18,561 - ui.main_window - INFO - 362 - --- CREANDO PÁGINA TEMAS ---
2025-10-11 09:29:18,566 - ui.main_window - INFO - 423 - --- FINALIZADA PÁGINA TEMAS ---
2025-10-11 09:29:18,566 - ui.main_window - INFO - 428 - --- CREANDO PÁGINA ANALISIS ---
2025-10-11 09:29:18,573 - ui.main_window - INFO - 492 - --- FINALIZADA PÁGINA ANALISIS ---
2025-10-11 09:29:18,573 - ui.main_window - INFO - 494 - --- INICIO PROCEDIMIENTOS INCIALES ---
2025-10-11 09:29:18,573 - ui.main_window - INFO - 496 - --- FIN DE MAIN WINDOW ---
2025-10-11 09:29:18,621 - services - ERROR - 289 - Falló la ejecución de la query GET GRUPOS ANALISIS PARA CARTA
2025-10-11 09:29:18,853 - __main__ - INFO - 72 - Ventana principal mostrada - Se inicia Main loop
2025-10-11 09:29:23,154 - database.connection - INFO - 37 - Conexión cerrada
2025-10-11 09:29:23,155 - __main__ - INFO - 77 - === Aplicación finalizada correctamente ===
2025-10-11 09:34:20,219 - __main__ - INFO - 56 - === Iniciando la aplicación ===
2025-10-11 09:34:20,219 - __main__ - INFO - 28 - Iniciando configuración de la aplicación El Porteño - Index
- Versión: 3.0.0
2025-10-11 09:34:20,287 - database.connection - INFO - 26 - Conexión establecida
2025-10-11 09:34:20,287 - __main__ - INFO - 64 - Creando ventana principal
2025-10-11 09:34:20,288 - ui.main_window - INFO - 34 - Creando widgets en MainWindow
2025-10-11 09:34:20,289 - ui.main_window - INFO - 62 - --- CREANDO PÁGINA REVISTAS ---
2025-10-11 09:34:20,317 - ui.main_window - INFO - 229 - --- FINALIZADA PÁGINA REVISTAS ---
2025-10-11 09:34:20,318 - ui.main_window - INFO - 235 - --- CREANDO PÁGINA AUTORES ---
2025-10-11 09:34:20,324 - ui.main_window - INFO - 357 - --- FINALIZADA PÁGINA AUTORES ---
2025-10-11 09:34:20,325 - ui.main_window - INFO - 362 - --- CREANDO PÁGINA TEMAS ---
2025-10-11 09:34:20,330 - ui.main_window - INFO - 423 - --- FINALIZADA PÁGINA TEMAS ---
2025-10-11 09:34:20,331 - ui.main_window - INFO - 428 - --- CREANDO PÁGINA ANALISIS ---
2025-10-11 09:34:20,338 - ui.main_window - INFO - 492 - --- FINALIZADA PÁGINA ANALISIS ---
2025-10-11 09:34:20,338 - ui.main_window - INFO - 494 - --- INICIO PROCEDIMIENTOS INCIALES ---
2025-10-11 09:34:20,338 - ui.main_window - INFO - 496 - --- FIN DE MAIN WINDOW ---
2025-10-11 09:34:20,382 - services - ERROR - 289 - Falló la ejecución de la query GET GRUPOS ANALISIS PARA CARTA
2025-10-11 09:34:20,638 - __main__ - INFO - 72 - Ventana principal mostrada - Se inicia Main loop
2025-10-11 09:34:26,443 - database.connection - INFO - 37 - Conexión cerrada
2025-10-11 09:34:26,446 - __main__ - INFO - 77 - === Aplicación finalizada correctamente ===
2025-10-11 09:34:45,646 - __main__ - INFO - 56 - === Iniciando la aplicación ===
2025-10-11 09:34:45,646 - __main__ - INFO - 28 - Iniciando configuración de la aplicación El Porteño - Index
- Versión: 3.0.0
2025-10-11 09:34:45,714 - database.connection - INFO - 26 - Conexión establecida
2025-10-11 09:34:45,715 - __main__ - INFO - 64 - Creando ventana principal
2025-10-11 09:34:45,716 - ui.main_window - INFO - 34 - Creando widgets en MainWindow
2025-10-11 09:34:45,717 - ui.main_window - INFO - 62 - --- CREANDO PÁGINA REVISTAS ---
2025-10-11 09:34:45,745 - ui.main_window - INFO - 229 - --- FINALIZADA PÁGINA REVISTAS ---
2025-10-11 09:34:45,745 - ui.main_window - INFO - 235 - --- CREANDO PÁGINA AUTORES ---
2025-10-11 09:34:45,753 - ui.main_window - INFO - 357 - --- FINALIZADA PÁGINA AUTORES ---
2025-10-11 09:34:45,753 - ui.main_window - INFO - 362 - --- CREANDO PÁGINA TEMAS ---
2025-10-11 09:34:45,759 - ui.main_window - INFO - 423 - --- FINALIZADA PÁGINA TEMAS ---
2025-10-11 09:34:45,759 - ui.main_window - INFO - 428 - --- CREANDO PÁGINA ANALISIS ---
2025-10-11 09:34:45,765 - ui.main_window - INFO - 492 - --- FINALIZADA PÁGINA ANALISIS ---
2025-10-11 09:34:45,766 - ui.main_window - INFO - 494 - --- INICIO PROCEDIMIENTOS INCIALES ---
2025-10-11 09:34:45,766 - ui.main_window - INFO - 496 - --- FIN DE MAIN WINDOW ---
2025-10-11 09:36:10,226 - __main__ - INFO - 56 - === Iniciando la aplicación ===
2025-10-11 09:36:10,227 - __main__ - INFO - 28 - Iniciando configuración de la aplicación El Porteño - Index
- Versión: 3.0.0
2025-10-11 09:36:10,305 - database.connection - INFO - 26 - Conexión establecida
2025-10-11 09:36:10,305 - __main__ - INFO - 64 - Creando ventana principal
2025-10-11 09:36:10,307 - ui.main_window - INFO - 34 - Creando widgets en MainWindow
2025-10-11 09:36:10,309 - ui.main_window - INFO - 62 - --- CREANDO PÁGINA REVISTAS ---
2025-10-11 09:36:10,365 - ui.main_window - INFO - 229 - --- FINALIZADA PÁGINA REVISTAS ---
2025-10-11 09:36:10,365 - ui.main_window - INFO - 235 - --- CREANDO PÁGINA AUTORES ---
2025-10-11 09:36:10,381 - ui.main_window - INFO - 357 - --- FINALIZADA PÁGINA AUTORES ---
2025-10-11 09:36:10,381 - ui.main_window - INFO - 362 - --- CREANDO PÁGINA TEMAS ---
2025-10-11 09:36:10,393 - ui.main_window - INFO - 423 - --- FINALIZADA PÁGINA TEMAS ---
2025-10-11 09:36:10,393 - ui.main_window - INFO - 428 - --- CREANDO PÁGINA ANALISIS ---
2025-10-11 09:36:10,404 - ui.main_window - INFO - 492 - --- FINALIZADA PÁGINA ANALISIS ---
2025-10-11 09:36:10,404 - ui.main_window - INFO - 494 - --- INICIO PROCEDIMIENTOS INCIALES ---
2025-10-11 09:36:10,405 - ui.main_window - INFO - 496 - --- FIN DE MAIN WINDOW ---
2025-10-11 09:36:18,153 - __main__ - INFO - 56 - === Iniciando la aplicación ===
2025-10-11 09:36:18,153 - __main__ - INFO - 28 - Iniciando configuración de la aplicación El Porteño - Index
- Versión: 3.0.0
2025-10-11 09:36:18,221 - database.connection - INFO - 26 - Conexión establecida
2025-10-11 09:36:18,221 - __main__ - INFO - 64 - Creando ventana principal
2025-10-11 09:36:18,222 - ui.main_window - INFO - 34 - Creando widgets en MainWindow
2025-10-11 09:36:18,224 - ui.main_window - INFO - 62 - --- CREANDO PÁGINA REVISTAS ---
2025-10-11 09:36:18,251 - ui.main_window - INFO - 229 - --- FINALIZADA PÁGINA REVISTAS ---
2025-10-11 09:36:18,252 - ui.main_window - INFO - 235 - --- CREANDO PÁGINA AUTORES ---
2025-10-11 09:36:18,259 - ui.main_window - INFO - 357 - --- FINALIZADA PÁGINA AUTORES ---
2025-10-11 09:36:18,259 - ui.main_window - INFO - 362 - --- CREANDO PÁGINA TEMAS ---
2025-10-11 09:36:18,265 - ui.main_window - INFO - 423 - --- FINALIZADA PÁGINA TEMAS ---
2025-10-11 09:36:18,265 - ui.main_window - INFO - 428 - --- CREANDO PÁGINA ANALISIS ---
2025-10-11 09:36:18,272 - ui.main_window - INFO - 492 - --- FINALIZADA PÁGINA ANALISIS ---
2025-10-11 09:36:18,272 - ui.main_window - INFO - 494 - --- INICIO PROCEDIMIENTOS INCIALES ---
2025-10-11 09:36:18,272 - ui.main_window - INFO - 496 - --- FIN DE MAIN WINDOW ---
2025-10-11 09:38:00,222 - __main__ - INFO - 56 - === Iniciando la aplicación ===
2025-10-11 09:38:00,222 - __main__ - INFO - 28 - Iniciando configuración de la aplicación El Porteño - Index
- Versión: 3.0.0
2025-10-11 09:38:00,293 - database.connection - INFO - 26 - Conexión establecida
2025-10-11 09:38:00,294 - __main__ - INFO - 64 - Creando ventana principal
2025-10-11 09:38:00,295 - ui.main_window - INFO - 34 - Creando widgets en MainWindow
2025-10-11 09:38:00,295 - ui.main_window - INFO - 62 - --- CREANDO PÁGINA REVISTAS ---
2025-10-11 09:38:00,324 - ui.main_window - INFO - 229 - --- FINALIZADA PÁGINA REVISTAS ---
2025-10-11 09:38:00,324 - ui.main_window - INFO - 235 - --- CREANDO PÁGINA AUTORES ---
2025-10-11 09:38:00,333 - ui.main_window - INFO - 357 - --- FINALIZADA PÁGINA AUTORES ---
2025-10-11 09:38:00,333 - ui.main_window - INFO - 362 - --- CREANDO PÁGINA TEMAS ---
2025-10-11 09:38:00,342 - ui.main_window - INFO - 423 - --- FINALIZADA PÁGINA TEMAS ---
2025-10-11 09:38:00,342 - ui.main_window - INFO - 428 - --- CREANDO PÁGINA ANALISIS ---
2025-10-11 09:38:00,350 - ui.main_window - INFO - 492 - --- FINALIZADA PÁGINA ANALISIS ---
2025-10-11 09:38:00,350 - ui.main_window - INFO - 494 - --- INICIO PROCEDIMIENTOS INCIALES ---
2025-10-11 09:38:00,350 - ui.main_window - INFO - 496 - --- FIN DE MAIN WINDOW ---
2025-10-11 09:38:00,632 - __main__ - INFO - 72 - Ventana principal mostrada - Se inicia Main loop
2025-10-11 09:38:26,147 - __main__ - ERROR - 49 - Excepción no manejada:
Traceback (most recent call last):
  File "/home/luc/Documents/10_Archivo/Revistas/El Porteño/ui/widgets.py", line 492, in on_tn_button_press
    self.show_context_menu(event, False)
  File "/home/luc/Documents/10_Archivo/Revistas/El Porteño/ui/widgets.py", line 503, in show_context_menu
    item_edit.connect("activate", self.on_click_menu_agregar_carta)
                                  ^^^^^^^^^^^^^^^^^^^^^^^^^^^^^^^^
AttributeError: 'VisualizadorCartas' object has no attribute 'on_click_menu_agregar_carta'. Did you mean: 'on_click_menu_agregar_nota'?
2025-10-11 09:40:30,392 - __main__ - INFO - 56 - === Iniciando la aplicación ===
2025-10-11 09:40:30,392 - __main__ - INFO - 28 - Iniciando configuración de la aplicación El Porteño - Index
- Versión: 3.0.0
2025-10-11 09:40:30,458 - database.connection - INFO - 26 - Conexión establecida
2025-10-11 09:40:30,458 - __main__ - INFO - 64 - Creando ventana principal
2025-10-11 09:40:30,459 - ui.main_window - INFO - 34 - Creando widgets en MainWindow
2025-10-11 09:40:30,460 - ui.main_window - INFO - 62 - --- CREANDO PÁGINA REVISTAS ---
2025-10-11 09:40:30,488 - ui.main_window - INFO - 229 - --- FINALIZADA PÁGINA REVISTAS ---
2025-10-11 09:40:30,488 - ui.main_window - INFO - 235 - --- CREANDO PÁGINA AUTORES ---
2025-10-11 09:40:30,495 - ui.main_window - INFO - 357 - --- FINALIZADA PÁGINA AUTORES ---
2025-10-11 09:40:30,495 - ui.main_window - INFO - 362 - --- CREANDO PÁGINA TEMAS ---
2025-10-11 09:40:30,501 - ui.main_window - INFO - 423 - --- FINALIZADA PÁGINA TEMAS ---
2025-10-11 09:40:30,501 - ui.main_window - INFO - 428 - --- CREANDO PÁGINA ANALISIS ---
2025-10-11 09:40:30,507 - ui.main_window - INFO - 492 - --- FINALIZADA PÁGINA ANALISIS ---
2025-10-11 09:40:30,507 - ui.main_window - INFO - 494 - --- INICIO PROCEDIMIENTOS INCIALES ---
2025-10-11 09:40:30,507 - ui.main_window - INFO - 496 - --- FIN DE MAIN WINDOW ---
2025-10-11 09:40:30,820 - __main__ - INFO - 72 - Ventana principal mostrada - Se inicia Main loop
2025-10-11 09:40:32,389 - __main__ - ERROR - 49 - Excepción no manejada:
Traceback (most recent call last):
  File "/home/luc/Documents/10_Archivo/Revistas/El Porteño/ui/main_window.py", line 980, in bt_cartas_en_revista_clicked
    window_correo = DialogCorreo(self.app_state)
                    ^^^^^^^^^^^^^^^^^^^^^^^^^^^^
  File "/home/luc/Documents/10_Archivo/Revistas/El Porteño/ui/dialogs.py", line 24, in __init__
    self._iniciar()
  File "/home/luc/Documents/10_Archivo/Revistas/El Porteño/ui/dialogs.py", line 122, in _iniciar
    self.cargar_carta(carta)
  File "/home/luc/Documents/10_Archivo/Revistas/El Porteño/ui/dialogs.py", line 166, in cargar_carta
    self.habilitar_edicion(False)
  File "/home/luc/Documents/10_Archivo/Revistas/El Porteño/ui/dialogs.py", line 150, in habilitar_edicion
    self.bt_desplegar_editor.set_sensitive(True)
    ^^^^^^^^^^^^^^^^^^^^^^^^
AttributeError: 'DialogCorreo' object has no attribute 'bt_desplegar_editor'
2025-10-11 09:41:11,040 - __main__ - INFO - 56 - === Iniciando la aplicación ===
2025-10-11 09:41:11,040 - __main__ - INFO - 28 - Iniciando configuración de la aplicación El Porteño - Index
- Versión: 3.0.0
2025-10-11 09:41:11,134 - database.connection - INFO - 26 - Conexión establecida
2025-10-11 09:41:11,134 - __main__ - INFO - 64 - Creando ventana principal
2025-10-11 09:41:11,135 - ui.main_window - INFO - 34 - Creando widgets en MainWindow
2025-10-11 09:41:11,136 - ui.main_window - INFO - 62 - --- CREANDO PÁGINA REVISTAS ---
2025-10-11 09:41:11,177 - ui.main_window - INFO - 229 - --- FINALIZADA PÁGINA REVISTAS ---
2025-10-11 09:41:11,177 - ui.main_window - INFO - 235 - --- CREANDO PÁGINA AUTORES ---
2025-10-11 09:41:11,191 - ui.main_window - INFO - 357 - --- FINALIZADA PÁGINA AUTORES ---
2025-10-11 09:41:11,192 - ui.main_window - INFO - 362 - --- CREANDO PÁGINA TEMAS ---
2025-10-11 09:41:11,200 - ui.main_window - INFO - 423 - --- FINALIZADA PÁGINA TEMAS ---
2025-10-11 09:41:11,200 - ui.main_window - INFO - 428 - --- CREANDO PÁGINA ANALISIS ---
2025-10-11 09:41:11,208 - ui.main_window - INFO - 492 - --- FINALIZADA PÁGINA ANALISIS ---
2025-10-11 09:41:11,208 - ui.main_window - INFO - 494 - --- INICIO PROCEDIMIENTOS INCIALES ---
2025-10-11 09:41:11,208 - ui.main_window - INFO - 496 - --- FIN DE MAIN WINDOW ---
2025-10-11 09:41:11,488 - __main__ - INFO - 72 - Ventana principal mostrada - Se inicia Main loop
2025-10-11 09:41:12,652 - __main__ - ERROR - 49 - Excepción no manejada:
Traceback (most recent call last):
  File "/home/luc/Documents/10_Archivo/Revistas/El Porteño/ui/main_window.py", line 980, in bt_cartas_en_revista_clicked
    window_correo = DialogCorreo(self.app_state)
                    ^^^^^^^^^^^^^^^^^^^^^^^^^^^^
  File "/home/luc/Documents/10_Archivo/Revistas/El Porteño/ui/dialogs.py", line 24, in __init__
    self._iniciar()
  File "/home/luc/Documents/10_Archivo/Revistas/El Porteño/ui/dialogs.py", line 120, in _iniciar
    self.cargar_carta(carta)
  File "/home/luc/Documents/10_Archivo/Revistas/El Porteño/ui/dialogs.py", line 162, in cargar_carta
    self.cargar_carta_en_widgets(carta)
  File "/home/luc/Documents/10_Archivo/Revistas/El Porteño/ui/dialogs.py", line 174, in cargar_carta_en_widgets
    self.cargar_text_editor(carta.id)
  File "/home/luc/Documents/10_Archivo/Revistas/El Porteño/ui/dialogs.py", line 249, in cargar_text_editor
    self.text_editor.cargar_resumen(resumen_vacio)
    ^^^^^^^^^^^^^^^^
AttributeError: 'DialogCorreo' object has no attribute 'text_editor'
2025-10-11 09:41:56,810 - __main__ - INFO - 56 - === Iniciando la aplicación ===
2025-10-11 09:41:56,810 - __main__ - INFO - 28 - Iniciando configuración de la aplicación El Porteño - Index
- Versión: 3.0.0
2025-10-11 09:41:56,884 - database.connection - INFO - 26 - Conexión establecida
2025-10-11 09:41:56,884 - __main__ - INFO - 64 - Creando ventana principal
2025-10-11 09:41:56,885 - ui.main_window - INFO - 34 - Creando widgets en MainWindow
2025-10-11 09:41:56,886 - ui.main_window - INFO - 62 - --- CREANDO PÁGINA REVISTAS ---
2025-10-11 09:41:56,913 - ui.main_window - INFO - 229 - --- FINALIZADA PÁGINA REVISTAS ---
2025-10-11 09:41:56,913 - ui.main_window - INFO - 235 - --- CREANDO PÁGINA AUTORES ---
2025-10-11 09:41:56,920 - ui.main_window - INFO - 357 - --- FINALIZADA PÁGINA AUTORES ---
2025-10-11 09:41:56,920 - ui.main_window - INFO - 362 - --- CREANDO PÁGINA TEMAS ---
2025-10-11 09:41:56,925 - ui.main_window - INFO - 423 - --- FINALIZADA PÁGINA TEMAS ---
2025-10-11 09:41:56,926 - ui.main_window - INFO - 428 - --- CREANDO PÁGINA ANALISIS ---
2025-10-11 09:41:56,932 - ui.main_window - INFO - 492 - --- FINALIZADA PÁGINA ANALISIS ---
2025-10-11 09:41:56,932 - ui.main_window - INFO - 494 - --- INICIO PROCEDIMIENTOS INCIALES ---
2025-10-11 09:41:56,932 - ui.main_window - INFO - 496 - --- FIN DE MAIN WINDOW ---
2025-10-11 09:41:57,204 - __main__ - INFO - 72 - Ventana principal mostrada - Se inicia Main loop
2025-10-11 09:42:04,594 - __main__ - ERROR - 49 - Excepción no manejada:
Traceback (most recent call last):
  File "/home/luc/Documents/10_Archivo/Revistas/El Porteño/ui/dialogs.py", line 303, in bt_bar_posterior_clicked
    self.clear_widgets()
  File "/home/luc/Documents/10_Archivo/Revistas/El Porteño/ui/dialogs.py", line 202, in clear_widgets
    self.text_editor.clear_text()
    ^^^^^^^^^^^^^^^^
AttributeError: 'DialogCorreo' object has no attribute 'text_editor'
2025-10-11 09:42:58,130 - __main__ - INFO - 56 - === Iniciando la aplicación ===
2025-10-11 09:42:58,130 - __main__ - INFO - 28 - Iniciando configuración de la aplicación El Porteño - Index
- Versión: 3.0.0
2025-10-11 09:42:58,198 - database.connection - INFO - 26 - Conexión establecida
2025-10-11 09:42:58,198 - __main__ - INFO - 64 - Creando ventana principal
2025-10-11 09:42:58,199 - ui.main_window - INFO - 34 - Creando widgets en MainWindow
2025-10-11 09:42:58,200 - ui.main_window - INFO - 62 - --- CREANDO PÁGINA REVISTAS ---
2025-10-11 09:42:58,227 - ui.main_window - INFO - 229 - --- FINALIZADA PÁGINA REVISTAS ---
2025-10-11 09:42:58,227 - ui.main_window - INFO - 235 - --- CREANDO PÁGINA AUTORES ---
2025-10-11 09:42:58,235 - ui.main_window - INFO - 357 - --- FINALIZADA PÁGINA AUTORES ---
2025-10-11 09:42:58,235 - ui.main_window - INFO - 362 - --- CREANDO PÁGINA TEMAS ---
2025-10-11 09:42:58,241 - ui.main_window - INFO - 423 - --- FINALIZADA PÁGINA TEMAS ---
2025-10-11 09:42:58,241 - ui.main_window - INFO - 428 - --- CREANDO PÁGINA ANALISIS ---
2025-10-11 09:42:58,248 - ui.main_window - INFO - 492 - --- FINALIZADA PÁGINA ANALISIS ---
2025-10-11 09:42:58,248 - ui.main_window - INFO - 494 - --- INICIO PROCEDIMIENTOS INCIALES ---
2025-10-11 09:42:58,248 - ui.main_window - INFO - 496 - --- FIN DE MAIN WINDOW ---
2025-10-11 09:42:58,534 - __main__ - INFO - 72 - Ventana principal mostrada - Se inicia Main loop
2025-10-11 09:43:09,849 - database.connection - INFO - 37 - Conexión cerrada
2025-10-11 09:43:09,851 - __main__ - INFO - 77 - === Aplicación finalizada correctamente ===
2025-10-11 09:43:46,134 - __main__ - INFO - 56 - === Iniciando la aplicación ===
2025-10-11 09:43:46,134 - __main__ - INFO - 28 - Iniciando configuración de la aplicación El Porteño - Index
- Versión: 3.0.0
2025-10-11 09:43:46,201 - database.connection - INFO - 26 - Conexión establecida
2025-10-11 09:43:46,202 - __main__ - INFO - 64 - Creando ventana principal
2025-10-11 09:43:46,203 - ui.main_window - INFO - 34 - Creando widgets en MainWindow
2025-10-11 09:43:46,203 - ui.main_window - INFO - 62 - --- CREANDO PÁGINA REVISTAS ---
2025-10-11 09:43:46,230 - ui.main_window - INFO - 229 - --- FINALIZADA PÁGINA REVISTAS ---
2025-10-11 09:43:46,230 - ui.main_window - INFO - 235 - --- CREANDO PÁGINA AUTORES ---
2025-10-11 09:43:46,237 - ui.main_window - INFO - 357 - --- FINALIZADA PÁGINA AUTORES ---
2025-10-11 09:43:46,237 - ui.main_window - INFO - 362 - --- CREANDO PÁGINA TEMAS ---
2025-10-11 09:43:46,243 - ui.main_window - INFO - 423 - --- FINALIZADA PÁGINA TEMAS ---
2025-10-11 09:43:46,243 - ui.main_window - INFO - 428 - --- CREANDO PÁGINA ANALISIS ---
2025-10-11 09:43:46,249 - ui.main_window - INFO - 492 - --- FINALIZADA PÁGINA ANALISIS ---
2025-10-11 09:43:46,249 - ui.main_window - INFO - 494 - --- INICIO PROCEDIMIENTOS INCIALES ---
2025-10-11 09:43:46,249 - ui.main_window - INFO - 496 - --- FIN DE MAIN WINDOW ---
2025-10-11 09:43:46,556 - __main__ - INFO - 72 - Ventana principal mostrada - Se inicia Main loop
2025-10-11 09:44:01,648 - services - INFO - 342 - Se ha agregado una carta a un grupo de análisis: 1 filas afectadas
2025-10-11 09:44:06,398 - services - INFO - 342 - Se ha agregado una carta a un grupo de análisis: 1 filas afectadas
2025-10-11 09:44:28,038 - database.connection - INFO - 37 - Conexión cerrada
2025-10-11 09:44:28,041 - __main__ - INFO - 77 - === Aplicación finalizada correctamente ===
2025-10-11 09:46:43,168 - __main__ - INFO - 56 - === Iniciando la aplicación ===
2025-10-11 09:46:43,168 - __main__ - INFO - 28 - Iniciando configuración de la aplicación El Porteño - Index
- Versión: 3.0.0
2025-10-11 09:46:43,270 - database.connection - INFO - 26 - Conexión establecida
2025-10-11 09:46:43,270 - __main__ - INFO - 64 - Creando ventana principal
2025-10-11 09:46:43,271 - ui.main_window - INFO - 34 - Creando widgets en MainWindow
2025-10-11 09:46:43,272 - ui.main_window - INFO - 62 - --- CREANDO PÁGINA REVISTAS ---
2025-10-11 09:46:43,325 - ui.main_window - INFO - 229 - --- FINALIZADA PÁGINA REVISTAS ---
2025-10-11 09:46:43,325 - ui.main_window - INFO - 235 - --- CREANDO PÁGINA AUTORES ---
2025-10-11 09:46:43,335 - ui.main_window - INFO - 357 - --- FINALIZADA PÁGINA AUTORES ---
2025-10-11 09:46:43,336 - ui.main_window - INFO - 362 - --- CREANDO PÁGINA TEMAS ---
2025-10-11 09:46:43,342 - ui.main_window - INFO - 423 - --- FINALIZADA PÁGINA TEMAS ---
2025-10-11 09:46:43,342 - ui.main_window - INFO - 428 - --- CREANDO PÁGINA ANALISIS ---
2025-10-11 09:46:43,349 - ui.main_window - INFO - 492 - --- FINALIZADA PÁGINA ANALISIS ---
2025-10-11 09:46:43,349 - ui.main_window - INFO - 494 - --- INICIO PROCEDIMIENTOS INCIALES ---
2025-10-11 09:46:43,349 - ui.main_window - INFO - 496 - --- FIN DE MAIN WINDOW ---
2025-10-11 09:46:43,627 - __main__ - INFO - 72 - Ventana principal mostrada - Se inicia Main loop
2025-10-11 09:46:50,822 - database.connection - INFO - 37 - Conexión cerrada
2025-10-11 09:46:50,823 - __main__ - INFO - 77 - === Aplicación finalizada correctamente ===
2025-10-11 09:47:08,365 - __main__ - INFO - 56 - === Iniciando la aplicación ===
2025-10-11 09:47:08,366 - __main__ - INFO - 28 - Iniciando configuración de la aplicación El Porteño - Index
- Versión: 3.0.0
2025-10-11 09:47:08,433 - database.connection - INFO - 26 - Conexión establecida
2025-10-11 09:47:08,433 - __main__ - INFO - 64 - Creando ventana principal
2025-10-11 09:47:08,434 - ui.main_window - INFO - 34 - Creando widgets en MainWindow
2025-10-11 09:47:08,435 - ui.main_window - INFO - 62 - --- CREANDO PÁGINA REVISTAS ---
2025-10-11 09:47:08,462 - ui.main_window - INFO - 229 - --- FINALIZADA PÁGINA REVISTAS ---
2025-10-11 09:47:08,462 - ui.main_window - INFO - 235 - --- CREANDO PÁGINA AUTORES ---
2025-10-11 09:47:08,469 - ui.main_window - INFO - 357 - --- FINALIZADA PÁGINA AUTORES ---
2025-10-11 09:47:08,469 - ui.main_window - INFO - 362 - --- CREANDO PÁGINA TEMAS ---
2025-10-11 09:47:08,474 - ui.main_window - INFO - 423 - --- FINALIZADA PÁGINA TEMAS ---
2025-10-11 09:47:08,474 - ui.main_window - INFO - 428 - --- CREANDO PÁGINA ANALISIS ---
2025-10-11 09:47:08,481 - ui.main_window - INFO - 492 - --- FINALIZADA PÁGINA ANALISIS ---
2025-10-11 09:47:08,481 - ui.main_window - INFO - 494 - --- INICIO PROCEDIMIENTOS INCIALES ---
2025-10-11 09:47:08,481 - ui.main_window - INFO - 496 - --- FIN DE MAIN WINDOW ---
2025-10-11 09:47:08,788 - __main__ - INFO - 72 - Ventana principal mostrada - Se inicia Main loop
2025-10-11 09:47:12,207 - database.connection - INFO - 37 - Conexión cerrada
2025-10-11 09:47:12,209 - __main__ - INFO - 77 - === Aplicación finalizada correctamente ===
2025-10-11 09:47:28,305 - __main__ - INFO - 56 - === Iniciando la aplicación ===
2025-10-11 09:47:28,306 - __main__ - INFO - 28 - Iniciando configuración de la aplicación El Porteño - Index
- Versión: 3.0.0
2025-10-11 09:47:28,425 - database.connection - INFO - 26 - Conexión establecida
2025-10-11 09:47:28,425 - __main__ - INFO - 64 - Creando ventana principal
2025-10-11 09:47:28,426 - ui.main_window - INFO - 34 - Creando widgets en MainWindow
2025-10-11 09:47:28,427 - ui.main_window - INFO - 62 - --- CREANDO PÁGINA REVISTAS ---
2025-10-11 09:47:28,463 - ui.main_window - INFO - 229 - --- FINALIZADA PÁGINA REVISTAS ---
2025-10-11 09:47:28,463 - ui.main_window - INFO - 235 - --- CREANDO PÁGINA AUTORES ---
2025-10-11 09:47:28,474 - ui.main_window - INFO - 357 - --- FINALIZADA PÁGINA AUTORES ---
2025-10-11 09:47:28,474 - ui.main_window - INFO - 362 - --- CREANDO PÁGINA TEMAS ---
2025-10-11 09:47:28,481 - ui.main_window - INFO - 423 - --- FINALIZADA PÁGINA TEMAS ---
2025-10-11 09:47:28,481 - ui.main_window - INFO - 428 - --- CREANDO PÁGINA ANALISIS ---
2025-10-11 09:47:28,487 - ui.main_window - INFO - 492 - --- FINALIZADA PÁGINA ANALISIS ---
2025-10-11 09:47:28,488 - ui.main_window - INFO - 494 - --- INICIO PROCEDIMIENTOS INCIALES ---
2025-10-11 09:47:28,488 - ui.main_window - INFO - 496 - --- FIN DE MAIN WINDOW ---
2025-10-11 09:47:29,003 - __main__ - INFO - 72 - Ventana principal mostrada - Se inicia Main loop
2025-10-11 09:47:47,309 - __main__ - ERROR - 49 - Excepción no manejada:
Traceback (most recent call last):
  File "/home/luc/Documents/10_Archivo/Revistas/El Porteño/ui/widgets.py", line 492, in on_tn_button_press
    self.show_context_menu(event, False)
  File "/home/luc/Documents/10_Archivo/Revistas/El Porteño/ui/widgets.py", line 503, in show_context_menu
    item_edit.connect("activate", self.on_click_menu_agregar_carta)
                                  ^^^^^^^^^^^^^^^^^^^^^^^^^^^^^^^^
AttributeError: 'VisualizadorCartas' object has no attribute 'on_click_menu_agregar_carta'. Did you mean: 'on_click_menu_agregar_nota'?
2025-10-11 09:50:27,400 - __main__ - INFO - 56 - === Iniciando la aplicación ===
2025-10-11 09:50:27,400 - __main__ - INFO - 28 - Iniciando configuración de la aplicación El Porteño - Index
- Versión: 3.0.0
2025-10-11 09:50:27,474 - database.connection - INFO - 26 - Conexión establecida
2025-10-11 09:50:27,474 - __main__ - INFO - 64 - Creando ventana principal
2025-10-11 09:50:27,475 - ui.main_window - INFO - 34 - Creando widgets en MainWindow
2025-10-11 09:50:27,476 - ui.main_window - INFO - 62 - --- CREANDO PÁGINA REVISTAS ---
2025-10-11 09:50:27,505 - ui.main_window - INFO - 229 - --- FINALIZADA PÁGINA REVISTAS ---
2025-10-11 09:50:27,505 - ui.main_window - INFO - 235 - --- CREANDO PÁGINA AUTORES ---
2025-10-11 09:50:27,512 - ui.main_window - INFO - 357 - --- FINALIZADA PÁGINA AUTORES ---
2025-10-11 09:50:27,512 - ui.main_window - INFO - 362 - --- CREANDO PÁGINA TEMAS ---
2025-10-11 09:50:27,517 - ui.main_window - INFO - 423 - --- FINALIZADA PÁGINA TEMAS ---
2025-10-11 09:50:27,517 - ui.main_window - INFO - 428 - --- CREANDO PÁGINA ANALISIS ---
2025-10-11 09:50:27,524 - ui.main_window - INFO - 492 - --- FINALIZADA PÁGINA ANALISIS ---
2025-10-11 09:50:27,524 - ui.main_window - INFO - 494 - --- INICIO PROCEDIMIENTOS INCIALES ---
2025-10-11 09:50:27,524 - ui.main_window - INFO - 496 - --- FIN DE MAIN WINDOW ---
2025-10-11 09:50:27,818 - __main__ - INFO - 72 - Ventana principal mostrada - Se inicia Main loop
2025-10-11 09:51:44,382 - database.connection - INFO - 37 - Conexión cerrada
2025-10-11 09:51:44,384 - __main__ - INFO - 77 - === Aplicación finalizada correctamente ===
2025-10-11 09:54:31,947 - __main__ - INFO - 56 - === Iniciando la aplicación ===
2025-10-11 09:54:31,947 - __main__ - INFO - 28 - Iniciando configuración de la aplicación El Porteño - Index
- Versión: 3.0.0
2025-10-11 09:54:32,013 - database.connection - INFO - 26 - Conexión establecida
2025-10-11 09:54:32,014 - __main__ - INFO - 64 - Creando ventana principal
2025-10-11 09:54:32,015 - ui.main_window - INFO - 34 - Creando widgets en MainWindow
2025-10-11 09:54:32,015 - ui.main_window - INFO - 62 - --- CREANDO PÁGINA REVISTAS ---
2025-10-11 09:54:32,046 - ui.main_window - INFO - 229 - --- FINALIZADA PÁGINA REVISTAS ---
2025-10-11 09:54:32,046 - ui.main_window - INFO - 235 - --- CREANDO PÁGINA AUTORES ---
2025-10-11 09:54:32,055 - ui.main_window - INFO - 357 - --- FINALIZADA PÁGINA AUTORES ---
2025-10-11 09:54:32,056 - ui.main_window - INFO - 362 - --- CREANDO PÁGINA TEMAS ---
2025-10-11 09:54:32,064 - ui.main_window - INFO - 423 - --- FINALIZADA PÁGINA TEMAS ---
2025-10-11 09:54:32,065 - ui.main_window - INFO - 428 - --- CREANDO PÁGINA ANALISIS ---
2025-10-11 09:54:32,073 - ui.main_window - INFO - 492 - --- FINALIZADA PÁGINA ANALISIS ---
2025-10-11 09:54:32,073 - ui.main_window - INFO - 494 - --- INICIO PROCEDIMIENTOS INCIALES ---
2025-10-11 09:54:32,073 - ui.main_window - INFO - 496 - --- FIN DE MAIN WINDOW ---
2025-10-11 09:54:32,533 - __main__ - INFO - 72 - Ventana principal mostrada - Se inicia Main loop
2025-10-11 09:55:27,006 - database.connection - INFO - 37 - Conexión cerrada
2025-10-11 09:55:27,008 - __main__ - INFO - 77 - === Aplicación finalizada correctamente ===
2025-10-11 12:41:26,980 - __main__ - INFO - 56 - === Iniciando la aplicación ===
2025-10-11 12:41:26,980 - __main__ - INFO - 28 - Iniciando configuración de la aplicación El Porteño - Index
- Versión: 3.0.0
2025-10-11 12:41:27,059 - database.connection - INFO - 26 - Conexión establecida
2025-10-11 12:41:27,059 - __main__ - INFO - 64 - Creando ventana principal
2025-10-11 12:41:27,061 - ui.main_window - INFO - 34 - Creando widgets en MainWindow
2025-10-11 12:41:27,063 - ui.main_window - INFO - 62 - --- CREANDO PÁGINA REVISTAS ---
2025-10-11 12:41:27,120 - ui.main_window - INFO - 229 - --- FINALIZADA PÁGINA REVISTAS ---
2025-10-11 12:41:27,120 - ui.main_window - INFO - 235 - --- CREANDO PÁGINA AUTORES ---
2025-10-11 12:41:27,135 - ui.main_window - INFO - 357 - --- FINALIZADA PÁGINA AUTORES ---
2025-10-11 12:41:27,135 - ui.main_window - INFO - 362 - --- CREANDO PÁGINA TEMAS ---
2025-10-11 12:41:27,146 - ui.main_window - INFO - 423 - --- FINALIZADA PÁGINA TEMAS ---
2025-10-11 12:41:27,146 - ui.main_window - INFO - 428 - --- CREANDO PÁGINA ANALISIS ---
2025-10-11 12:41:27,155 - ui.main_window - INFO - 492 - --- FINALIZADA PÁGINA ANALISIS ---
2025-10-11 12:41:27,155 - ui.main_window - INFO - 494 - --- INICIO PROCEDIMIENTOS INCIALES ---
2025-10-11 12:41:27,155 - ui.main_window - INFO - 496 - --- FIN DE MAIN WINDOW ---
2025-10-11 12:41:27,472 - __main__ - INFO - 72 - Ventana principal mostrada - Se inicia Main loop
2025-10-11 12:41:33,951 - __main__ - ERROR - 49 - Excepción no manejada:
Traceback (most recent call last):
  File "/home/luc/Documents/10_Archivo/Revistas/El Porteño/ui/main_window.py", line 1028, in on_new_archivo_resumen
    self.run_text_editor_in_window(nota_id=id_nota, desde="analisis", tipo="carta")
TypeError: MainWindow.run_text_editor_in_window() got an unexpected keyword argument 'tipo'
2025-10-11 12:43:13,198 - __main__ - INFO - 56 - === Iniciando la aplicación ===
2025-10-11 12:43:13,198 - __main__ - INFO - 28 - Iniciando configuración de la aplicación El Porteño - Index
- Versión: 3.0.0
2025-10-11 12:43:13,452 - database.connection - INFO - 26 - Conexión establecida
2025-10-11 12:43:13,452 - __main__ - INFO - 64 - Creando ventana principal
2025-10-11 12:43:13,455 - ui.main_window - INFO - 34 - Creando widgets en MainWindow
2025-10-11 12:43:13,457 - ui.main_window - INFO - 62 - --- CREANDO PÁGINA REVISTAS ---
2025-10-11 12:43:13,546 - ui.main_window - INFO - 229 - --- FINALIZADA PÁGINA REVISTAS ---
2025-10-11 12:43:13,546 - ui.main_window - INFO - 235 - --- CREANDO PÁGINA AUTORES ---
2025-10-11 12:43:13,571 - ui.main_window - INFO - 357 - --- FINALIZADA PÁGINA AUTORES ---
2025-10-11 12:43:13,571 - ui.main_window - INFO - 362 - --- CREANDO PÁGINA TEMAS ---
2025-10-11 12:43:13,591 - ui.main_window - INFO - 423 - --- FINALIZADA PÁGINA TEMAS ---
2025-10-11 12:43:13,591 - ui.main_window - INFO - 428 - --- CREANDO PÁGINA ANALISIS ---
2025-10-11 12:43:13,617 - ui.main_window - INFO - 492 - --- FINALIZADA PÁGINA ANALISIS ---
2025-10-11 12:43:13,618 - ui.main_window - INFO - 494 - --- INICIO PROCEDIMIENTOS INCIALES ---
2025-10-11 12:43:13,618 - ui.main_window - INFO - 496 - --- FIN DE MAIN WINDOW ---
2025-10-11 12:43:14,492 - __main__ - INFO - 72 - Ventana principal mostrada - Se inicia Main loop
2025-10-11 12:44:01,631 - database.connection - INFO - 37 - Conexión cerrada
2025-10-11 12:44:01,632 - __main__ - INFO - 77 - === Aplicación finalizada correctamente ===
2025-10-11 13:21:43,579 - __main__ - INFO - 56 - === Iniciando la aplicación ===
2025-10-11 13:21:43,580 - __main__ - INFO - 28 - Iniciando configuración de la aplicación El Porteño - Index
- Versión: 3.0.0
2025-10-11 13:21:43,630 - database.connection - INFO - 26 - Conexión establecida
2025-10-11 13:21:43,631 - __main__ - INFO - 64 - Creando ventana principal
2025-10-11 13:21:43,631 - ui.main_window - INFO - 34 - Creando widgets en MainWindow
2025-10-11 13:21:43,632 - ui.main_window - INFO - 62 - --- CREANDO PÁGINA REVISTAS ---
2025-10-11 13:21:43,652 - ui.main_window - INFO - 229 - --- FINALIZADA PÁGINA REVISTAS ---
2025-10-11 13:21:43,652 - ui.main_window - INFO - 235 - --- CREANDO PÁGINA AUTORES ---
2025-10-11 13:21:43,657 - ui.main_window - INFO - 357 - --- FINALIZADA PÁGINA AUTORES ---
2025-10-11 13:21:43,657 - ui.main_window - INFO - 362 - --- CREANDO PÁGINA TEMAS ---
2025-10-11 13:21:43,662 - ui.main_window - INFO - 423 - --- FINALIZADA PÁGINA TEMAS ---
2025-10-11 13:21:43,662 - ui.main_window - INFO - 428 - --- CREANDO PÁGINA ANALISIS ---
2025-10-11 13:21:43,667 - ui.main_window - INFO - 492 - --- FINALIZADA PÁGINA ANALISIS ---
2025-10-11 13:21:43,667 - ui.main_window - INFO - 494 - --- INICIO PROCEDIMIENTOS INCIALES ---
2025-10-11 13:21:43,667 - ui.main_window - INFO - 496 - --- FIN DE MAIN WINDOW ---
2025-10-11 13:21:43,870 - __main__ - INFO - 72 - Ventana principal mostrada - Se inicia Main loop
2025-10-11 13:22:22,745 - database.connection - INFO - 37 - Conexión cerrada
2025-10-11 13:22:22,747 - __main__ - INFO - 77 - === Aplicación finalizada correctamente ===
2025-10-11 13:25:49,189 - __main__ - INFO - 56 - === Iniciando la aplicación ===
2025-10-11 13:25:49,189 - __main__ - INFO - 28 - Iniciando configuración de la aplicación El Porteño - Index
- Versión: 3.0.0
2025-10-11 13:25:49,236 - database.connection - INFO - 26 - Conexión establecida
2025-10-11 13:25:49,236 - __main__ - INFO - 64 - Creando ventana principal
2025-10-11 13:25:49,237 - ui.main_window - INFO - 34 - Creando widgets en MainWindow
2025-10-11 13:25:49,238 - ui.main_window - INFO - 62 - --- CREANDO PÁGINA REVISTAS ---
2025-10-11 13:25:49,258 - ui.main_window - INFO - 229 - --- FINALIZADA PÁGINA REVISTAS ---
2025-10-11 13:25:49,258 - ui.main_window - INFO - 235 - --- CREANDO PÁGINA AUTORES ---
2025-10-11 13:25:49,263 - ui.main_window - INFO - 357 - --- FINALIZADA PÁGINA AUTORES ---
2025-10-11 13:25:49,263 - ui.main_window - INFO - 362 - --- CREANDO PÁGINA TEMAS ---
2025-10-11 13:25:49,268 - ui.main_window - INFO - 423 - --- FINALIZADA PÁGINA TEMAS ---
2025-10-11 13:25:49,268 - ui.main_window - INFO - 428 - --- CREANDO PÁGINA ANALISIS ---
2025-10-11 13:25:49,273 - ui.main_window - INFO - 492 - --- FINALIZADA PÁGINA ANALISIS ---
2025-10-11 13:25:49,273 - ui.main_window - INFO - 494 - --- INICIO PROCEDIMIENTOS INCIALES ---
2025-10-11 13:25:49,273 - ui.main_window - INFO - 496 - --- FIN DE MAIN WINDOW ---
2025-10-11 13:25:53,122 - __main__ - INFO - 72 - Ventana principal mostrada - Se inicia Main loop
2025-10-11 14:03:43,592 - __main__ - INFO - 56 - === Iniciando la aplicación ===
2025-10-11 14:03:43,592 - __main__ - INFO - 28 - Iniciando configuración de la aplicación El Porteño - Index
- Versión: 3.0.0
2025-10-11 14:03:43,641 - database.connection - INFO - 26 - Conexión establecida
2025-10-11 14:03:43,641 - __main__ - INFO - 64 - Creando ventana principal
2025-10-11 14:03:43,641 - ui.main_window - INFO - 34 - Creando widgets en MainWindow
2025-10-11 14:03:43,642 - ui.main_window - INFO - 62 - --- CREANDO PÁGINA REVISTAS ---
2025-10-11 14:03:43,662 - ui.main_window - INFO - 229 - --- FINALIZADA PÁGINA REVISTAS ---
2025-10-11 14:03:43,662 - ui.main_window - INFO - 235 - --- CREANDO PÁGINA AUTORES ---
2025-10-11 14:03:43,666 - ui.main_window - INFO - 357 - --- FINALIZADA PÁGINA AUTORES ---
2025-10-11 14:03:43,666 - ui.main_window - INFO - 362 - --- CREANDO PÁGINA TEMAS ---
2025-10-11 14:03:43,670 - ui.main_window - INFO - 423 - --- FINALIZADA PÁGINA TEMAS ---
2025-10-11 14:03:43,670 - ui.main_window - INFO - 428 - --- CREANDO PÁGINA ANALISIS ---
2025-10-11 14:03:43,675 - ui.main_window - INFO - 492 - --- FINALIZADA PÁGINA ANALISIS ---
2025-10-11 14:03:43,675 - ui.main_window - INFO - 494 - --- INICIO PROCEDIMIENTOS INCIALES ---
2025-10-11 14:03:43,675 - ui.main_window - INFO - 496 - --- FIN DE MAIN WINDOW ---
2025-10-11 14:03:43,875 - __main__ - INFO - 72 - Ventana principal mostrada - Se inicia Main loop
2025-10-11 14:04:05,989 - services - INFO - 526 - Se ha agregado un archivo resumen: 1 filas afectadas
2025-10-11 14:04:30,343 - database.connection - INFO - 37 - Conexión cerrada
2025-10-11 14:04:30,346 - __main__ - INFO - 77 - === Aplicación finalizada correctamente ===
2025-10-11 14:15:27,819 - __main__ - INFO - 56 - === Iniciando la aplicación ===
2025-10-11 14:15:27,819 - __main__ - INFO - 28 - Iniciando configuración de la aplicación El Porteño - Index
- Versión: 3.0.0
2025-10-11 14:15:27,866 - database.connection - INFO - 26 - Conexión establecida
2025-10-11 14:15:27,866 - __main__ - INFO - 64 - Creando ventana principal
2025-10-11 14:15:27,867 - ui.main_window - INFO - 34 - Creando widgets en MainWindow
2025-10-11 14:15:27,868 - ui.main_window - INFO - 62 - --- CREANDO PÁGINA REVISTAS ---
2025-10-11 14:15:27,888 - ui.main_window - INFO - 229 - --- FINALIZADA PÁGINA REVISTAS ---
2025-10-11 14:15:27,888 - ui.main_window - INFO - 235 - --- CREANDO PÁGINA AUTORES ---
2025-10-11 14:15:27,893 - ui.main_window - INFO - 357 - --- FINALIZADA PÁGINA AUTORES ---
2025-10-11 14:15:27,893 - ui.main_window - INFO - 362 - --- CREANDO PÁGINA TEMAS ---
2025-10-11 14:15:27,897 - ui.main_window - INFO - 423 - --- FINALIZADA PÁGINA TEMAS ---
2025-10-11 14:15:27,898 - ui.main_window - INFO - 428 - --- CREANDO PÁGINA ANALISIS ---
2025-10-11 14:15:27,903 - ui.main_window - INFO - 492 - --- FINALIZADA PÁGINA ANALISIS ---
2025-10-11 14:15:27,903 - ui.main_window - INFO - 494 - --- INICIO PROCEDIMIENTOS INCIALES ---
2025-10-11 14:15:27,903 - ui.main_window - INFO - 496 - --- FIN DE MAIN WINDOW ---
2025-10-11 14:15:28,184 - __main__ - INFO - 72 - Ventana principal mostrada - Se inicia Main loop
2025-10-11 14:17:36,048 - services - INFO - 526 - Se ha agregado un archivo resumen: 1 filas afectadas
2025-10-11 14:18:33,287 - __main__ - INFO - 56 - === Iniciando la aplicación ===
2025-10-11 14:18:33,287 - __main__ - INFO - 28 - Iniciando configuración de la aplicación El Porteño - Index
- Versión: 3.0.0
2025-10-11 14:18:33,334 - database.connection - INFO - 26 - Conexión establecida
2025-10-11 14:18:33,334 - __main__ - INFO - 64 - Creando ventana principal
2025-10-11 14:18:33,335 - ui.main_window - INFO - 34 - Creando widgets en MainWindow
2025-10-11 14:18:33,336 - ui.main_window - INFO - 62 - --- CREANDO PÁGINA REVISTAS ---
2025-10-11 14:18:33,355 - ui.main_window - INFO - 229 - --- FINALIZADA PÁGINA REVISTAS ---
2025-10-11 14:18:33,355 - ui.main_window - INFO - 235 - --- CREANDO PÁGINA AUTORES ---
2025-10-11 14:18:33,359 - ui.main_window - INFO - 357 - --- FINALIZADA PÁGINA AUTORES ---
2025-10-11 14:18:33,359 - ui.main_window - INFO - 362 - --- CREANDO PÁGINA TEMAS ---
2025-10-11 14:18:33,363 - ui.main_window - INFO - 423 - --- FINALIZADA PÁGINA TEMAS ---
2025-10-11 14:18:33,363 - ui.main_window - INFO - 428 - --- CREANDO PÁGINA ANALISIS ---
2025-10-11 14:18:33,368 - ui.main_window - INFO - 492 - --- FINALIZADA PÁGINA ANALISIS ---
2025-10-11 14:18:33,368 - ui.main_window - INFO - 494 - --- INICIO PROCEDIMIENTOS INCIALES ---
2025-10-11 14:18:33,368 - ui.main_window - INFO - 496 - --- FIN DE MAIN WINDOW ---
2025-10-11 14:18:33,566 - __main__ - INFO - 72 - Ventana principal mostrada - Se inicia Main loop
2025-10-11 14:18:43,731 - database.connection - INFO - 37 - Conexión cerrada
2025-10-11 14:18:43,732 - __main__ - INFO - 77 - === Aplicación finalizada correctamente ===
2025-10-27 11:33:22,989 - __main__ - INFO - 56 - === Iniciando la aplicación ===
2025-10-27 11:33:22,989 - __main__ - INFO - 28 - Iniciando configuración de la aplicación El Porteño - Index
- Versión: 3.0.0
2025-10-27 11:33:23,077 - database.connection - INFO - 26 - Conexión establecida
2025-10-27 11:33:23,077 - __main__ - INFO - 64 - Creando ventana principal
2025-10-27 11:33:23,078 - ui.main_window - INFO - 34 - Creando widgets en MainWindow
2025-10-27 11:33:23,080 - ui.main_window - INFO - 62 - --- CREANDO PÁGINA REVISTAS ---
2025-10-27 11:33:23,113 - ui.main_window - INFO - 229 - --- FINALIZADA PÁGINA REVISTAS ---
2025-10-27 11:33:23,113 - ui.main_window - INFO - 235 - --- CREANDO PÁGINA AUTORES ---
2025-10-27 11:33:23,122 - ui.main_window - INFO - 357 - --- FINALIZADA PÁGINA AUTORES ---
2025-10-27 11:33:23,123 - ui.main_window - INFO - 362 - --- CREANDO PÁGINA TEMAS ---
2025-10-27 11:33:23,129 - ui.main_window - INFO - 423 - --- FINALIZADA PÁGINA TEMAS ---
2025-10-27 11:33:23,129 - ui.main_window - INFO - 428 - --- CREANDO PÁGINA ANALISIS ---
2025-10-27 11:33:23,137 - ui.main_window - INFO - 492 - --- FINALIZADA PÁGINA ANALISIS ---
2025-10-27 11:33:23,138 - ui.main_window - INFO - 494 - --- INICIO PROCEDIMIENTOS INCIALES ---
2025-10-27 11:33:23,138 - ui.main_window - INFO - 496 - --- FIN DE MAIN WINDOW ---
2025-10-27 11:33:23,612 - __main__ - INFO - 72 - Ventana principal mostrada - Se inicia Main loop
2025-10-27 11:36:06,736 - services - INFO - 344 - Se ha agregado una carta a un grupo de análisis: 1 filas afectadas
2025-10-27 11:36:36,669 - services - INFO - 526 - Se ha agregado un archivo resumen: 1 filas afectadas
2025-10-27 11:36:57,277 - database.connection - INFO - 37 - Conexión cerrada
2025-10-27 11:36:57,279 - __main__ - INFO - 77 - === Aplicación finalizada correctamente ===
2025-10-27 11:40:56,176 - __main__ - INFO - 56 - === Iniciando la aplicación ===
2025-10-27 11:40:56,176 - __main__ - INFO - 28 - Iniciando configuración de la aplicación El Porteño - Index
- Versión: 3.0.0
2025-10-27 11:40:56,262 - database.connection - INFO - 26 - Conexión establecida
2025-10-27 11:40:56,262 - __main__ - INFO - 64 - Creando ventana principal
2025-10-27 11:40:56,263 - ui.main_window - INFO - 34 - Creando widgets en MainWindow
2025-10-27 11:40:56,265 - ui.main_window - INFO - 62 - --- CREANDO PÁGINA REVISTAS ---
2025-10-27 11:40:56,301 - ui.main_window - INFO - 229 - --- FINALIZADA PÁGINA REVISTAS ---
2025-10-27 11:40:56,301 - ui.main_window - INFO - 235 - --- CREANDO PÁGINA AUTORES ---
2025-10-27 11:40:56,309 - ui.main_window - INFO - 357 - --- FINALIZADA PÁGINA AUTORES ---
2025-10-27 11:40:56,309 - ui.main_window - INFO - 362 - --- CREANDO PÁGINA TEMAS ---
2025-10-27 11:40:56,315 - ui.main_window - INFO - 423 - --- FINALIZADA PÁGINA TEMAS ---
2025-10-27 11:40:56,315 - ui.main_window - INFO - 428 - --- CREANDO PÁGINA ANALISIS ---
2025-10-27 11:40:56,322 - ui.main_window - INFO - 492 - --- FINALIZADA PÁGINA ANALISIS ---
2025-10-27 11:40:56,322 - ui.main_window - INFO - 494 - --- INICIO PROCEDIMIENTOS INCIALES ---
2025-10-27 11:40:56,322 - ui.main_window - INFO - 496 - --- FIN DE MAIN WINDOW ---
2025-10-27 11:40:56,829 - __main__ - INFO - 72 - Ventana principal mostrada - Se inicia Main loop
2025-10-27 11:41:10,160 - database.connection - INFO - 37 - Conexión cerrada
2025-10-27 11:41:10,162 - __main__ - INFO - 77 - === Aplicación finalizada correctamente ===
2025-10-28 16:13:58,328 - __main__ - INFO - 56 - === Iniciando la aplicación ===
2025-10-28 16:13:58,329 - __main__ - INFO - 28 - Iniciando configuración de la aplicación El Porteño - Index
- Versión: 3.0.0
2025-10-28 16:13:58,435 - database.connection - INFO - 26 - Conexión establecida
2025-10-28 16:13:58,435 - __main__ - INFO - 64 - Creando ventana principal
2025-10-28 16:13:58,437 - ui.main_window - INFO - 34 - Creando widgets en MainWindow
2025-10-28 16:13:58,438 - ui.main_window - INFO - 62 - --- CREANDO PÁGINA REVISTAS ---
2025-10-28 16:13:58,468 - ui.main_window - INFO - 229 - --- FINALIZADA PÁGINA REVISTAS ---
2025-10-28 16:13:58,468 - ui.main_window - INFO - 235 - --- CREANDO PÁGINA AUTORES ---
2025-10-28 16:13:58,474 - ui.main_window - INFO - 357 - --- FINALIZADA PÁGINA AUTORES ---
2025-10-28 16:13:58,474 - ui.main_window - INFO - 362 - --- CREANDO PÁGINA TEMAS ---
2025-10-28 16:13:58,479 - ui.main_window - INFO - 423 - --- FINALIZADA PÁGINA TEMAS ---
2025-10-28 16:13:58,479 - ui.main_window - INFO - 428 - --- CREANDO PÁGINA ANALISIS ---
2025-10-28 16:13:58,484 - ui.main_window - INFO - 492 - --- FINALIZADA PÁGINA ANALISIS ---
2025-10-28 16:13:58,484 - ui.main_window - INFO - 494 - --- INICIO PROCEDIMIENTOS INCIALES ---
2025-10-28 16:13:58,484 - ui.main_window - INFO - 496 - --- FIN DE MAIN WINDOW ---
2025-10-28 16:13:58,741 - __main__ - INFO - 72 - Ventana principal mostrada - Se inicia Main loop
2025-10-28 16:14:13,145 - services - INFO - 534 - Se ha agregado un archivo resumen para carta: 1 filas afectadas
2025-10-28 16:14:20,626 - database.connection - INFO - 37 - Conexión cerrada
2025-10-28 16:14:20,627 - __main__ - INFO - 77 - === Aplicación finalizada correctamente ===
2025-10-28 16:14:23,291 - __main__ - INFO - 56 - === Iniciando la aplicación ===
2025-10-28 16:14:23,291 - __main__ - INFO - 28 - Iniciando configuración de la aplicación El Porteño - Index
- Versión: 3.0.0
2025-10-28 16:14:23,342 - database.connection - INFO - 26 - Conexión establecida
2025-10-28 16:14:23,342 - __main__ - INFO - 64 - Creando ventana principal
2025-10-28 16:14:23,343 - ui.main_window - INFO - 34 - Creando widgets en MainWindow
2025-10-28 16:14:23,343 - ui.main_window - INFO - 62 - --- CREANDO PÁGINA REVISTAS ---
2025-10-28 16:14:23,364 - ui.main_window - INFO - 229 - --- FINALIZADA PÁGINA REVISTAS ---
2025-10-28 16:14:23,364 - ui.main_window - INFO - 235 - --- CREANDO PÁGINA AUTORES ---
2025-10-28 16:14:23,369 - ui.main_window - INFO - 357 - --- FINALIZADA PÁGINA AUTORES ---
2025-10-28 16:14:23,369 - ui.main_window - INFO - 362 - --- CREANDO PÁGINA TEMAS ---
2025-10-28 16:14:23,373 - ui.main_window - INFO - 423 - --- FINALIZADA PÁGINA TEMAS ---
2025-10-28 16:14:23,373 - ui.main_window - INFO - 428 - --- CREANDO PÁGINA ANALISIS ---
2025-10-28 16:14:23,378 - ui.main_window - INFO - 492 - --- FINALIZADA PÁGINA ANALISIS ---
2025-10-28 16:14:23,378 - ui.main_window - INFO - 494 - --- INICIO PROCEDIMIENTOS INCIALES ---
2025-10-28 16:14:23,378 - ui.main_window - INFO - 496 - --- FIN DE MAIN WINDOW ---
2025-10-28 16:14:23,581 - __main__ - INFO - 72 - Ventana principal mostrada - Se inicia Main loop
2025-10-28 16:14:32,315 - database.connection - INFO - 37 - Conexión cerrada
2025-10-28 16:14:32,316 - __main__ - INFO - 77 - === Aplicación finalizada correctamente ===
2025-10-28 16:15:21,987 - __main__ - INFO - 56 - === Iniciando la aplicación ===
2025-10-28 16:15:21,987 - __main__ - INFO - 28 - Iniciando configuración de la aplicación El Porteño - Index
- Versión: 3.0.0
2025-10-28 16:15:22,039 - database.connection - INFO - 26 - Conexión establecida
2025-10-28 16:15:22,039 - __main__ - INFO - 64 - Creando ventana principal
2025-10-28 16:15:22,040 - ui.main_window - INFO - 34 - Creando widgets en MainWindow
2025-10-28 16:15:22,040 - ui.main_window - INFO - 62 - --- CREANDO PÁGINA REVISTAS ---
2025-10-28 16:15:22,061 - ui.main_window - INFO - 229 - --- FINALIZADA PÁGINA REVISTAS ---
2025-10-28 16:15:22,061 - ui.main_window - INFO - 235 - --- CREANDO PÁGINA AUTORES ---
2025-10-28 16:15:22,065 - ui.main_window - INFO - 357 - --- FINALIZADA PÁGINA AUTORES ---
2025-10-28 16:15:22,066 - ui.main_window - INFO - 362 - --- CREANDO PÁGINA TEMAS ---
2025-10-28 16:15:22,070 - ui.main_window - INFO - 423 - --- FINALIZADA PÁGINA TEMAS ---
2025-10-28 16:15:22,070 - ui.main_window - INFO - 428 - --- CREANDO PÁGINA ANALISIS ---
2025-10-28 16:15:22,074 - ui.main_window - INFO - 492 - --- FINALIZADA PÁGINA ANALISIS ---
2025-10-28 16:15:22,075 - ui.main_window - INFO - 494 - --- INICIO PROCEDIMIENTOS INCIALES ---
2025-10-28 16:15:22,075 - ui.main_window - INFO - 496 - --- FIN DE MAIN WINDOW ---
2025-10-28 16:15:22,293 - __main__ - INFO - 72 - Ventana principal mostrada - Se inicia Main loop
2025-10-28 16:15:42,136 - database.connection - INFO - 37 - Conexión cerrada
2025-10-28 16:15:42,138 - __main__ - INFO - 77 - === Aplicación finalizada correctamente ===
2025-10-28 16:19:09,791 - __main__ - INFO - 56 - === Iniciando la aplicación ===
2025-10-28 16:19:09,791 - __main__ - INFO - 28 - Iniciando configuración de la aplicación El Porteño - Index
- Versión: 3.0.0
2025-10-28 16:19:09,838 - database.connection - INFO - 26 - Conexión establecida
2025-10-28 16:19:09,838 - __main__ - INFO - 64 - Creando ventana principal
2025-10-28 16:19:09,839 - ui.main_window - INFO - 34 - Creando widgets en MainWindow
2025-10-28 16:19:09,840 - ui.main_window - INFO - 62 - --- CREANDO PÁGINA REVISTAS ---
2025-10-28 16:19:09,862 - ui.main_window - INFO - 229 - --- FINALIZADA PÁGINA REVISTAS ---
2025-10-28 16:19:09,862 - ui.main_window - INFO - 235 - --- CREANDO PÁGINA AUTORES ---
2025-10-28 16:19:09,867 - ui.main_window - INFO - 357 - --- FINALIZADA PÁGINA AUTORES ---
2025-10-28 16:19:09,867 - ui.main_window - INFO - 362 - --- CREANDO PÁGINA TEMAS ---
2025-10-28 16:19:09,872 - ui.main_window - INFO - 423 - --- FINALIZADA PÁGINA TEMAS ---
2025-10-28 16:19:09,872 - ui.main_window - INFO - 428 - --- CREANDO PÁGINA ANALISIS ---
2025-10-28 16:19:09,877 - ui.main_window - INFO - 492 - --- FINALIZADA PÁGINA ANALISIS ---
2025-10-28 16:19:09,877 - ui.main_window - INFO - 494 - --- INICIO PROCEDIMIENTOS INCIALES ---
2025-10-28 16:19:09,877 - ui.main_window - INFO - 496 - --- FIN DE MAIN WINDOW ---
2025-10-28 16:19:10,084 - __main__ - INFO - 72 - Ventana principal mostrada - Se inicia Main loop
2025-10-28 16:19:15,386 - database.connection - INFO - 37 - Conexión cerrada
2025-10-28 16:19:15,388 - __main__ - INFO - 77 - === Aplicación finalizada correctamente ===
2025-10-28 16:19:17,324 - __main__ - INFO - 56 - === Iniciando la aplicación ===
2025-10-28 16:19:17,324 - __main__ - INFO - 28 - Iniciando configuración de la aplicación El Porteño - Index
- Versión: 3.0.0
2025-10-28 16:19:17,376 - database.connection - INFO - 26 - Conexión establecida
2025-10-28 16:19:17,376 - __main__ - INFO - 64 - Creando ventana principal
2025-10-28 16:19:17,377 - ui.main_window - INFO - 34 - Creando widgets en MainWindow
2025-10-28 16:19:17,378 - ui.main_window - INFO - 62 - --- CREANDO PÁGINA REVISTAS ---
2025-10-28 16:19:17,409 - ui.main_window - INFO - 229 - --- FINALIZADA PÁGINA REVISTAS ---
2025-10-28 16:19:17,409 - ui.main_window - INFO - 235 - --- CREANDO PÁGINA AUTORES ---
2025-10-28 16:19:17,423 - ui.main_window - INFO - 357 - --- FINALIZADA PÁGINA AUTORES ---
2025-10-28 16:19:17,424 - ui.main_window - INFO - 362 - --- CREANDO PÁGINA TEMAS ---
2025-10-28 16:19:17,432 - ui.main_window - INFO - 423 - --- FINALIZADA PÁGINA TEMAS ---
2025-10-28 16:19:17,433 - ui.main_window - INFO - 428 - --- CREANDO PÁGINA ANALISIS ---
2025-10-28 16:19:17,443 - ui.main_window - INFO - 492 - --- FINALIZADA PÁGINA ANALISIS ---
2025-10-28 16:19:17,443 - ui.main_window - INFO - 494 - --- INICIO PROCEDIMIENTOS INCIALES ---
2025-10-28 16:19:17,443 - ui.main_window - INFO - 496 - --- FIN DE MAIN WINDOW ---
2025-10-28 16:19:18,011 - __main__ - INFO - 72 - Ventana principal mostrada - Se inicia Main loop
2025-10-28 17:01:53,953 - __main__ - INFO - 56 - === Iniciando la aplicación ===
2025-10-28 17:01:53,953 - __main__ - INFO - 28 - Iniciando configuración de la aplicación El Porteño - Index
- Versión: 3.0.0
2025-10-28 17:01:54,006 - database.connection - INFO - 26 - Conexión establecida
2025-10-28 17:01:54,006 - __main__ - INFO - 64 - Creando ventana principal
2025-10-28 17:01:54,006 - ui.main_window - INFO - 34 - Creando widgets en MainWindow
2025-10-28 17:01:54,007 - ui.main_window - INFO - 62 - --- CREANDO PÁGINA REVISTAS ---
2025-10-28 17:01:54,027 - ui.main_window - INFO - 229 - --- FINALIZADA PÁGINA REVISTAS ---
2025-10-28 17:01:54,027 - ui.main_window - INFO - 235 - --- CREANDO PÁGINA AUTORES ---
2025-10-28 17:01:54,032 - ui.main_window - INFO - 357 - --- FINALIZADA PÁGINA AUTORES ---
2025-10-28 17:01:54,032 - ui.main_window - INFO - 362 - --- CREANDO PÁGINA TEMAS ---
2025-10-28 17:01:54,036 - ui.main_window - INFO - 423 - --- FINALIZADA PÁGINA TEMAS ---
2025-10-28 17:01:54,036 - ui.main_window - INFO - 428 - --- CREANDO PÁGINA ANALISIS ---
2025-10-28 17:01:54,041 - ui.main_window - INFO - 492 - --- FINALIZADA PÁGINA ANALISIS ---
2025-10-28 17:01:54,041 - ui.main_window - INFO - 494 - --- INICIO PROCEDIMIENTOS INCIALES ---
2025-10-28 17:01:54,041 - ui.main_window - INFO - 496 - --- FIN DE MAIN WINDOW ---
2025-10-28 17:01:54,253 - __main__ - INFO - 72 - Ventana principal mostrada - Se inicia Main loop
2025-10-28 17:09:17,868 - database.connection - ERROR - 73 - Error en query: 
    UPDATE analisis_carta ac
    SET ac.titulo = %s
    WHERE ac.id = %s;
 - 1406 (22001): Data too long for column 'instancia' at row 1
2025-10-28 17:09:17,869 - services - ERROR - 320 - Falló el query ACTUALIZAR TITULO DE ARCHIVO RESUMEN EN CARTA: 1406 (22001): Data too long for column 'instancia' at row 1
2025-10-28 17:09:21,350 - database.connection - INFO - 37 - Conexión cerrada
2025-10-28 17:09:21,351 - __main__ - INFO - 77 - === Aplicación finalizada correctamente ===
2025-10-28 17:30:39,953 - __main__ - INFO - 56 - === Iniciando la aplicación ===
2025-10-28 17:30:39,953 - __main__ - INFO - 28 - Iniciando configuración de la aplicación El Porteño - Index
- Versión: 3.0.0
2025-10-28 17:30:40,008 - database.connection - INFO - 26 - Conexión establecida
2025-10-28 17:30:40,008 - __main__ - INFO - 64 - Creando ventana principal
2025-10-28 17:30:40,009 - ui.main_window - INFO - 34 - Creando widgets en MainWindow
2025-10-28 17:30:40,010 - ui.main_window - INFO - 62 - --- CREANDO PÁGINA REVISTAS ---
2025-10-28 17:30:40,029 - ui.main_window - INFO - 229 - --- FINALIZADA PÁGINA REVISTAS ---
2025-10-28 17:30:40,029 - ui.main_window - INFO - 235 - --- CREANDO PÁGINA AUTORES ---
2025-10-28 17:30:40,033 - ui.main_window - INFO - 357 - --- FINALIZADA PÁGINA AUTORES ---
2025-10-28 17:30:40,034 - ui.main_window - INFO - 362 - --- CREANDO PÁGINA TEMAS ---
2025-10-28 17:30:40,038 - ui.main_window - INFO - 423 - --- FINALIZADA PÁGINA TEMAS ---
2025-10-28 17:30:40,038 - ui.main_window - INFO - 428 - --- CREANDO PÁGINA ANALISIS ---
2025-10-28 17:30:40,043 - ui.main_window - INFO - 492 - --- FINALIZADA PÁGINA ANALISIS ---
2025-10-28 17:30:40,043 - ui.main_window - INFO - 494 - --- INICIO PROCEDIMIENTOS INCIALES ---
2025-10-28 17:30:40,043 - ui.main_window - INFO - 496 - --- FIN DE MAIN WINDOW ---
2025-10-28 17:30:40,250 - __main__ - INFO - 72 - Ventana principal mostrada - Se inicia Main loop
2025-10-28 17:30:51,262 - services - INFO - 310 - Se ha eliminado el archivo resumen correspondiente a la carta: 1 filas afectadas
2025-10-28 17:31:10,209 - services - INFO - 534 - Se ha agregado un archivo resumen para carta: 1 filas afectadas
2025-10-28 17:42:48,649 - database.connection - ERROR - 73 - Error en query: 
    UPDATE analisis_carta ac
    SET ac.titulo = %s
    WHERE ac.id = %s;
 - 1406 (22001): Data too long for column 'instancia' at row 1
2025-10-28 17:42:48,650 - services - ERROR - 320 - Falló el query ACTUALIZAR TITULO DE ARCHIVO RESUMEN EN CARTA: 1406 (22001): Data too long for column 'instancia' at row 1
2025-10-28 17:54:53,643 - database.connection - ERROR - 73 - Error en query: 
    UPDATE analisis_carta ac
    SET ac.titulo = %s
    WHERE ac.id = %s;
 - 1406 (22001): Data too long for column 'instancia' at row 1
2025-10-28 17:54:53,643 - services - ERROR - 320 - Falló el query ACTUALIZAR TITULO DE ARCHIVO RESUMEN EN CARTA: 1406 (22001): Data too long for column 'instancia' at row 1
2025-10-28 17:55:04,926 - database.connection - INFO - 37 - Conexión cerrada
2025-10-28 17:55:04,927 - __main__ - INFO - 77 - === Aplicación finalizada correctamente ===
2025-10-28 17:55:07,470 - __main__ - INFO - 56 - === Iniciando la aplicación ===
2025-10-28 17:55:07,470 - __main__ - INFO - 28 - Iniciando configuración de la aplicación El Porteño - Index
- Versión: 3.0.0
2025-10-28 17:55:07,520 - database.connection - INFO - 26 - Conexión establecida
2025-10-28 17:55:07,520 - __main__ - INFO - 64 - Creando ventana principal
2025-10-28 17:55:07,521 - ui.main_window - INFO - 34 - Creando widgets en MainWindow
2025-10-28 17:55:07,521 - ui.main_window - INFO - 62 - --- CREANDO PÁGINA REVISTAS ---
2025-10-28 17:55:07,540 - ui.main_window - INFO - 229 - --- FINALIZADA PÁGINA REVISTAS ---
2025-10-28 17:55:07,540 - ui.main_window - INFO - 235 - --- CREANDO PÁGINA AUTORES ---
2025-10-28 17:55:07,545 - ui.main_window - INFO - 357 - --- FINALIZADA PÁGINA AUTORES ---
2025-10-28 17:55:07,545 - ui.main_window - INFO - 362 - --- CREANDO PÁGINA TEMAS ---
2025-10-28 17:55:07,549 - ui.main_window - INFO - 423 - --- FINALIZADA PÁGINA TEMAS ---
2025-10-28 17:55:07,549 - ui.main_window - INFO - 428 - --- CREANDO PÁGINA ANALISIS ---
2025-10-28 17:55:07,553 - ui.main_window - INFO - 492 - --- FINALIZADA PÁGINA ANALISIS ---
2025-10-28 17:55:07,553 - ui.main_window - INFO - 494 - --- INICIO PROCEDIMIENTOS INCIALES ---
2025-10-28 17:55:07,553 - ui.main_window - INFO - 496 - --- FIN DE MAIN WINDOW ---
2025-10-28 17:55:07,773 - __main__ - INFO - 72 - Ventana principal mostrada - Se inicia Main loop
2025-10-28 17:55:21,210 - database.connection - ERROR - 73 - Error en query: 
    UPDATE analisis_carta ac
    SET ac.titulo = %s
    WHERE ac.id = %s;
 - 1406 (22001): Data too long for column 'instancia' at row 1
2025-10-28 17:55:21,211 - services - ERROR - 320 - Falló el query ACTUALIZAR TITULO DE ARCHIVO RESUMEN EN CARTA: 1406 (22001): Data too long for column 'instancia' at row 1
2025-10-29 12:08:24,282 - database.connection - INFO - 37 - Conexión cerrada
2025-10-29 12:08:24,284 - __main__ - INFO - 77 - === Aplicación finalizada correctamente ===
2025-11-02 19:24:34,820 - __main__ - INFO - 56 - === Iniciando la aplicación ===
2025-11-02 19:24:34,821 - __main__ - INFO - 28 - Iniciando configuración de la aplicación El Porteño - Index
- Versión: 3.0.0
2025-11-02 19:24:34,965 - database.connection - INFO - 26 - Conexión establecida
2025-11-02 19:24:34,965 - __main__ - INFO - 64 - Creando ventana principal
2025-11-02 19:24:34,967 - ui.main_window - INFO - 34 - Creando widgets en MainWindow
2025-11-02 19:24:34,968 - ui.main_window - INFO - 62 - --- CREANDO PÁGINA REVISTAS ---
2025-11-02 19:24:35,135 - ui.main_window - INFO - 229 - --- FINALIZADA PÁGINA REVISTAS ---
2025-11-02 19:24:35,136 - ui.main_window - INFO - 235 - --- CREANDO PÁGINA AUTORES ---
2025-11-02 19:24:35,159 - ui.main_window - INFO - 357 - --- FINALIZADA PÁGINA AUTORES ---
2025-11-02 19:24:35,159 - ui.main_window - INFO - 362 - --- CREANDO PÁGINA TEMAS ---
2025-11-02 19:24:35,177 - ui.main_window - INFO - 423 - --- FINALIZADA PÁGINA TEMAS ---
2025-11-02 19:24:35,177 - ui.main_window - INFO - 428 - --- CREANDO PÁGINA ANALISIS ---
2025-11-02 19:24:35,204 - ui.main_window - INFO - 492 - --- FINALIZADA PÁGINA ANALISIS ---
2025-11-02 19:24:35,204 - ui.main_window - INFO - 494 - --- INICIO PROCEDIMIENTOS INCIALES ---
2025-11-02 19:24:35,204 - ui.main_window - INFO - 496 - --- FIN DE MAIN WINDOW ---
2025-11-02 19:24:35,797 - __main__ - INFO - 72 - Ventana principal mostrada - Se inicia Main loop
2025-11-02 19:25:14,244 - services - INFO - 534 - Se ha agregado un archivo resumen para carta: 1 filas afectadas
2025-11-02 19:25:28,308 - services - INFO - 318 - Se ha actualizado el título de un arcihvo resumen: 1 filas afectadas
2025-11-02 19:25:48,952 - services - INFO - 310 - Se ha eliminado el archivo resumen correspondiente a la carta: 1 filas afectadas
2025-11-02 19:26:17,961 - database.connection - INFO - 37 - Conexión cerrada
2025-11-02 19:26:17,964 - __main__ - INFO - 77 - === Aplicación finalizada correctamente ===
2025-11-02 19:37:27,912 - __main__ - INFO - 56 - === Iniciando la aplicación ===
2025-11-02 19:37:27,912 - __main__ - INFO - 28 - Iniciando configuración de la aplicación El Porteño - Index
- Versión: 3.0.0
2025-11-02 19:37:27,992 - database.connection - INFO - 26 - Conexión establecida
2025-11-02 19:37:27,992 - __main__ - INFO - 64 - Creando ventana principal
2025-11-02 19:37:27,994 - ui.main_window - INFO - 34 - Creando widgets en MainWindow
2025-11-02 19:37:27,995 - ui.main_window - INFO - 62 - --- CREANDO PÁGINA REVISTAS ---
2025-11-02 19:37:28,044 - ui.main_window - INFO - 229 - --- FINALIZADA PÁGINA REVISTAS ---
2025-11-02 19:37:28,045 - ui.main_window - INFO - 235 - --- CREANDO PÁGINA AUTORES ---
2025-11-02 19:37:28,052 - ui.main_window - INFO - 357 - --- FINALIZADA PÁGINA AUTORES ---
2025-11-02 19:37:28,052 - ui.main_window - INFO - 362 - --- CREANDO PÁGINA TEMAS ---
2025-11-02 19:37:28,059 - ui.main_window - INFO - 423 - --- FINALIZADA PÁGINA TEMAS ---
2025-11-02 19:37:28,059 - ui.main_window - INFO - 428 - --- CREANDO PÁGINA ANALISIS ---
2025-11-02 19:37:28,065 - ui.main_window - INFO - 492 - --- FINALIZADA PÁGINA ANALISIS ---
2025-11-02 19:37:28,066 - ui.main_window - INFO - 494 - --- INICIO PROCEDIMIENTOS INCIALES ---
2025-11-02 19:37:28,066 - ui.main_window - INFO - 496 - --- FIN DE MAIN WINDOW ---
2025-11-02 19:37:28,372 - __main__ - INFO - 72 - Ventana principal mostrada - Se inicia Main loop
2025-11-02 19:37:52,267 - database.connection - INFO - 37 - Conexión cerrada
2025-11-02 19:37:52,268 - __main__ - INFO - 77 - === Aplicación finalizada correctamente ===
2025-11-02 19:48:27,158 - __main__ - INFO - 56 - === Iniciando la aplicación ===
2025-11-02 19:48:27,158 - __main__ - INFO - 28 - Iniciando configuración de la aplicación El Porteño - Index
- Versión: 3.0.0
2025-11-02 19:48:27,237 - database.connection - INFO - 26 - Conexión establecida
2025-11-02 19:48:27,237 - __main__ - INFO - 64 - Creando ventana principal
2025-11-02 19:48:27,239 - ui.main_window - INFO - 34 - Creando widgets en MainWindow
2025-11-02 19:48:27,240 - ui.main_window - INFO - 62 - --- CREANDO PÁGINA REVISTAS ---
2025-11-02 19:48:27,270 - ui.main_window - INFO - 229 - --- FINALIZADA PÁGINA REVISTAS ---
2025-11-02 19:48:27,270 - ui.main_window - INFO - 235 - --- CREANDO PÁGINA AUTORES ---
2025-11-02 19:48:27,279 - ui.main_window - INFO - 357 - --- FINALIZADA PÁGINA AUTORES ---
2025-11-02 19:48:27,279 - ui.main_window - INFO - 362 - --- CREANDO PÁGINA TEMAS ---
2025-11-02 19:48:27,289 - ui.main_window - INFO - 423 - --- FINALIZADA PÁGINA TEMAS ---
2025-11-02 19:48:27,289 - ui.main_window - INFO - 428 - --- CREANDO PÁGINA ANALISIS ---
2025-11-02 19:48:27,300 - ui.main_window - INFO - 492 - --- FINALIZADA PÁGINA ANALISIS ---
2025-11-02 19:48:27,301 - ui.main_window - INFO - 494 - --- INICIO PROCEDIMIENTOS INCIALES ---
2025-11-02 19:48:27,301 - ui.main_window - INFO - 496 - --- FIN DE MAIN WINDOW ---
2025-11-02 19:48:27,606 - __main__ - INFO - 72 - Ventana principal mostrada - Se inicia Main loop
2025-11-02 19:48:36,170 - database.connection - INFO - 37 - Conexión cerrada
2025-11-02 19:48:36,172 - __main__ - INFO - 77 - === Aplicación finalizada correctamente ===
2025-11-02 19:52:14,044 - __main__ - INFO - 56 - === Iniciando la aplicación ===
2025-11-02 19:52:14,044 - __main__ - INFO - 28 - Iniciando configuración de la aplicación El Porteño - Index
- Versión: 3.0.0
2025-11-02 19:52:14,124 - database.connection - INFO - 26 - Conexión establecida
2025-11-02 19:52:14,124 - __main__ - INFO - 64 - Creando ventana principal
2025-11-02 19:52:14,126 - ui.main_window - INFO - 34 - Creando widgets en MainWindow
2025-11-02 19:52:14,129 - ui.main_window - INFO - 62 - --- CREANDO PÁGINA REVISTAS ---
2025-11-02 19:52:14,168 - ui.main_window - INFO - 229 - --- FINALIZADA PÁGINA REVISTAS ---
2025-11-02 19:52:14,168 - ui.main_window - INFO - 235 - --- CREANDO PÁGINA AUTORES ---
2025-11-02 19:52:14,176 - ui.main_window - INFO - 357 - --- FINALIZADA PÁGINA AUTORES ---
2025-11-02 19:52:14,176 - ui.main_window - INFO - 362 - --- CREANDO PÁGINA TEMAS ---
2025-11-02 19:52:14,183 - ui.main_window - INFO - 423 - --- FINALIZADA PÁGINA TEMAS ---
2025-11-02 19:52:14,184 - ui.main_window - INFO - 428 - --- CREANDO PÁGINA ANALISIS ---
2025-11-02 19:52:14,190 - ui.main_window - INFO - 492 - --- FINALIZADA PÁGINA ANALISIS ---
2025-11-02 19:52:14,190 - ui.main_window - INFO - 494 - --- INICIO PROCEDIMIENTOS INCIALES ---
2025-11-02 19:52:14,191 - ui.main_window - INFO - 496 - --- FIN DE MAIN WINDOW ---
2025-11-02 19:52:14,755 - __main__ - INFO - 72 - Ventana principal mostrada - Se inicia Main loop
2025-11-02 19:52:22,823 - database.connection - INFO - 37 - Conexión cerrada
2025-11-02 19:52:22,825 - __main__ - INFO - 77 - === Aplicación finalizada correctamente ===
2025-11-02 20:41:51,772 - __main__ - INFO - 56 - === Iniciando la aplicación ===
2025-11-02 20:41:51,772 - __main__ - INFO - 28 - Iniciando configuración de la aplicación El Porteño - Index
- Versión: 3.0.0
2025-11-02 20:41:51,864 - database.connection - INFO - 26 - Conexión establecida
2025-11-02 20:41:51,864 - __main__ - INFO - 64 - Creando ventana principal
2025-11-02 20:41:51,865 - ui.main_window - INFO - 34 - Creando widgets en MainWindow
2025-11-02 20:41:51,866 - ui.main_window - INFO - 62 - --- CREANDO PÁGINA REVISTAS ---
2025-11-02 20:41:51,900 - ui.main_window - INFO - 229 - --- FINALIZADA PÁGINA REVISTAS ---
2025-11-02 20:41:51,900 - ui.main_window - INFO - 235 - --- CREANDO PÁGINA AUTORES ---
2025-11-02 20:41:51,907 - ui.main_window - INFO - 357 - --- FINALIZADA PÁGINA AUTORES ---
2025-11-02 20:41:51,907 - ui.main_window - INFO - 362 - --- CREANDO PÁGINA TEMAS ---
2025-11-02 20:41:51,913 - ui.main_window - INFO - 423 - --- FINALIZADA PÁGINA TEMAS ---
2025-11-02 20:41:51,913 - ui.main_window - INFO - 428 - --- CREANDO PÁGINA ANALISIS ---
2025-11-02 20:41:51,920 - ui.main_window - INFO - 492 - --- FINALIZADA PÁGINA ANALISIS ---
2025-11-02 20:41:51,920 - ui.main_window - INFO - 494 - --- INICIO PROCEDIMIENTOS INCIALES ---
2025-11-02 20:41:51,920 - ui.main_window - INFO - 496 - --- FIN DE MAIN WINDOW ---
2025-11-02 20:41:52,230 - __main__ - INFO - 72 - Ventana principal mostrada - Se inicia Main loop
2025-11-02 20:41:55,420 - __main__ - ERROR - 49 - Excepción no manejada:
Traceback (most recent call last):
  File "/home/luc/Documents/10_Archivo/Revistas/El Porteño/ui/main_window.py", line 1183, in fb_grupos_on_tag_selected
    self.vc_analisis.actualizar(selected_tag.id)
  File "/home/luc/Documents/10_Archivo/Revistas/El Porteño/ui/widgets.py", line 536, in actualizar
    self.vc_analisis.cargar_cartas(cartas, tag_id)
    ^^^^^^^^^^^^^^^^
AttributeError: 'VisualizadorCartas' object has no attribute 'vc_analisis'
2025-11-02 20:42:26,321 - __main__ - INFO - 56 - === Iniciando la aplicación ===
2025-11-02 20:42:26,321 - __main__ - INFO - 28 - Iniciando configuración de la aplicación El Porteño - Index
- Versión: 3.0.0
2025-11-02 20:42:26,390 - database.connection - INFO - 26 - Conexión establecida
2025-11-02 20:42:26,390 - __main__ - INFO - 64 - Creando ventana principal
2025-11-02 20:42:26,391 - ui.main_window - INFO - 34 - Creando widgets en MainWindow
2025-11-02 20:42:26,392 - ui.main_window - INFO - 62 - --- CREANDO PÁGINA REVISTAS ---
2025-11-02 20:42:26,420 - ui.main_window - INFO - 229 - --- FINALIZADA PÁGINA REVISTAS ---
2025-11-02 20:42:26,420 - ui.main_window - INFO - 235 - --- CREANDO PÁGINA AUTORES ---
2025-11-02 20:42:26,427 - ui.main_window - INFO - 357 - --- FINALIZADA PÁGINA AUTORES ---
2025-11-02 20:42:26,427 - ui.main_window - INFO - 362 - --- CREANDO PÁGINA TEMAS ---
2025-11-02 20:42:26,433 - ui.main_window - INFO - 423 - --- FINALIZADA PÁGINA TEMAS ---
2025-11-02 20:42:26,433 - ui.main_window - INFO - 428 - --- CREANDO PÁGINA ANALISIS ---
2025-11-02 20:42:26,440 - ui.main_window - INFO - 492 - --- FINALIZADA PÁGINA ANALISIS ---
2025-11-02 20:42:26,440 - ui.main_window - INFO - 494 - --- INICIO PROCEDIMIENTOS INCIALES ---
2025-11-02 20:42:26,440 - ui.main_window - INFO - 496 - --- FIN DE MAIN WINDOW ---
2025-11-02 20:42:26,758 - __main__ - INFO - 72 - Ventana principal mostrada - Se inicia Main loop
2025-11-02 20:42:33,641 - database.connection - ERROR - 73 - Error en query: 
    DELETE FROM carta_grupo cg
    WHERE cg.carta_id = %s,
          cg.grupo_id = %s;
 - 1064 (42000): You have an error in your SQL syntax; check the manual that corresponds to your MySQL server version for the right syntax to use near ',
          cg.grupo_id = 6' at line 2
2025-11-02 20:42:33,642 - services - ERROR - 355 - Falló la query Quitar Carta del grupo de análisis: 1064 (42000): You have an error in your SQL syntax; check the manual that corresponds to your MySQL server version for the right syntax to use near ',
          cg.grupo_id = 6' at line 2
2025-11-02 20:42:42,141 - database.connection - INFO - 37 - Conexión cerrada
2025-11-02 20:42:42,143 - __main__ - INFO - 77 - === Aplicación finalizada correctamente ===
2025-11-02 20:43:49,163 - __main__ - INFO - 56 - === Iniciando la aplicación ===
2025-11-02 20:43:49,163 - __main__ - INFO - 28 - Iniciando configuración de la aplicación El Porteño - Index
- Versión: 3.0.0
2025-11-02 20:43:49,229 - database.connection - INFO - 26 - Conexión establecida
2025-11-02 20:43:49,229 - __main__ - INFO - 64 - Creando ventana principal
2025-11-02 20:43:49,230 - ui.main_window - INFO - 34 - Creando widgets en MainWindow
2025-11-02 20:43:49,231 - ui.main_window - INFO - 62 - --- CREANDO PÁGINA REVISTAS ---
2025-11-02 20:43:49,258 - ui.main_window - INFO - 229 - --- FINALIZADA PÁGINA REVISTAS ---
2025-11-02 20:43:49,258 - ui.main_window - INFO - 235 - --- CREANDO PÁGINA AUTORES ---
2025-11-02 20:43:49,266 - ui.main_window - INFO - 357 - --- FINALIZADA PÁGINA AUTORES ---
2025-11-02 20:43:49,266 - ui.main_window - INFO - 362 - --- CREANDO PÁGINA TEMAS ---
2025-11-02 20:43:49,272 - ui.main_window - INFO - 423 - --- FINALIZADA PÁGINA TEMAS ---
2025-11-02 20:43:49,272 - ui.main_window - INFO - 428 - --- CREANDO PÁGINA ANALISIS ---
2025-11-02 20:43:49,279 - ui.main_window - INFO - 492 - --- FINALIZADA PÁGINA ANALISIS ---
2025-11-02 20:43:49,279 - ui.main_window - INFO - 494 - --- INICIO PROCEDIMIENTOS INCIALES ---
2025-11-02 20:43:49,279 - ui.main_window - INFO - 496 - --- FIN DE MAIN WINDOW ---
2025-11-02 20:43:49,578 - __main__ - INFO - 72 - Ventana principal mostrada - Se inicia Main loop
2025-11-02 20:43:56,132 - services - INFO - 353 - Se ha quitado una carta del grupo de análisis: 1 filas afectadas
2025-11-02 20:44:17,979 - database.connection - INFO - 37 - Conexión cerrada
2025-11-02 20:44:17,981 - __main__ - INFO - 77 - === Aplicación finalizada correctamente ===
2025-11-02 20:54:36,450 - __main__ - INFO - 56 - === Iniciando la aplicación ===
2025-11-02 20:54:36,450 - __main__ - INFO - 28 - Iniciando configuración de la aplicación El Porteño - Index
- Versión: 3.0.0
2025-11-02 20:54:36,518 - database.connection - INFO - 26 - Conexión establecida
2025-11-02 20:54:36,519 - __main__ - INFO - 64 - Creando ventana principal
2025-11-02 20:54:36,519 - ui.main_window - INFO - 34 - Creando widgets en MainWindow
2025-11-02 20:54:36,520 - ui.main_window - INFO - 62 - --- CREANDO PÁGINA REVISTAS ---
2025-11-02 20:54:36,549 - ui.main_window - INFO - 229 - --- FINALIZADA PÁGINA REVISTAS ---
2025-11-02 20:54:36,550 - ui.main_window - INFO - 235 - --- CREANDO PÁGINA AUTORES ---
2025-11-02 20:54:36,557 - ui.main_window - INFO - 357 - --- FINALIZADA PÁGINA AUTORES ---
2025-11-02 20:54:36,557 - ui.main_window - INFO - 362 - --- CREANDO PÁGINA TEMAS ---
2025-11-02 20:54:36,562 - ui.main_window - INFO - 423 - --- FINALIZADA PÁGINA TEMAS ---
2025-11-02 20:54:36,563 - ui.main_window - INFO - 428 - --- CREANDO PÁGINA ANALISIS ---
2025-11-02 20:54:36,569 - ui.main_window - INFO - 492 - --- FINALIZADA PÁGINA ANALISIS ---
2025-11-02 20:54:36,569 - ui.main_window - INFO - 494 - --- INICIO PROCEDIMIENTOS INCIALES ---
2025-11-02 20:54:36,569 - ui.main_window - INFO - 496 - --- FIN DE MAIN WINDOW ---
2025-11-02 20:54:36,856 - __main__ - INFO - 72 - Ventana principal mostrada - Se inicia Main loop
2025-11-02 20:55:23,571 - services - INFO - 311 - Se ha eliminado el archivo resumen correspondiente a la carta: 1 filas afectadas
2025-11-02 20:55:41,272 - services - INFO - 543 - Se ha agregado un archivo resumen para carta: 1 filas afectadas
2025-11-02 20:55:46,189 - database.connection - INFO - 37 - Conexión cerrada
2025-11-02 20:55:46,191 - __main__ - INFO - 77 - === Aplicación finalizada correctamente ===
2025-11-02 20:55:48,614 - __main__ - INFO - 56 - === Iniciando la aplicación ===
2025-11-02 20:55:48,614 - __main__ - INFO - 28 - Iniciando configuración de la aplicación El Porteño - Index
- Versión: 3.0.0
2025-11-02 20:55:48,681 - database.connection - INFO - 26 - Conexión establecida
2025-11-02 20:55:48,681 - __main__ - INFO - 64 - Creando ventana principal
2025-11-02 20:55:48,682 - ui.main_window - INFO - 34 - Creando widgets en MainWindow
2025-11-02 20:55:48,683 - ui.main_window - INFO - 62 - --- CREANDO PÁGINA REVISTAS ---
2025-11-02 20:55:48,712 - ui.main_window - INFO - 229 - --- FINALIZADA PÁGINA REVISTAS ---
2025-11-02 20:55:48,712 - ui.main_window - INFO - 235 - --- CREANDO PÁGINA AUTORES ---
2025-11-02 20:55:48,720 - ui.main_window - INFO - 357 - --- FINALIZADA PÁGINA AUTORES ---
2025-11-02 20:55:48,720 - ui.main_window - INFO - 362 - --- CREANDO PÁGINA TEMAS ---
2025-11-02 20:55:48,726 - ui.main_window - INFO - 423 - --- FINALIZADA PÁGINA TEMAS ---
2025-11-02 20:55:48,726 - ui.main_window - INFO - 428 - --- CREANDO PÁGINA ANALISIS ---
2025-11-02 20:55:48,733 - ui.main_window - INFO - 492 - --- FINALIZADA PÁGINA ANALISIS ---
2025-11-02 20:55:48,733 - ui.main_window - INFO - 494 - --- INICIO PROCEDIMIENTOS INCIALES ---
2025-11-02 20:55:48,733 - ui.main_window - INFO - 496 - --- FIN DE MAIN WINDOW ---
2025-11-02 20:55:49,018 - __main__ - INFO - 72 - Ventana principal mostrada - Se inicia Main loop
2025-11-02 20:55:55,280 - database.connection - INFO - 37 - Conexión cerrada
2025-11-02 20:55:55,282 - __main__ - INFO - 77 - === Aplicación finalizada correctamente ===
2025-11-02 21:11:06,596 - __main__ - INFO - 56 - === Iniciando la aplicación ===
2025-11-02 21:11:06,596 - __main__ - INFO - 28 - Iniciando configuración de la aplicación El Porteño - Index
- Versión: 3.0.0
2025-11-02 21:11:06,739 - database.connection - INFO - 26 - Conexión establecida
2025-11-02 21:11:06,739 - __main__ - INFO - 64 - Creando ventana principal
2025-11-02 21:11:06,741 - ui.main_window - INFO - 34 - Creando widgets en MainWindow
2025-11-02 21:11:06,742 - ui.main_window - INFO - 62 - --- CREANDO PÁGINA REVISTAS ---
2025-11-02 21:11:06,796 - ui.main_window - INFO - 229 - --- FINALIZADA PÁGINA REVISTAS ---
2025-11-02 21:11:06,797 - ui.main_window - INFO - 235 - --- CREANDO PÁGINA AUTORES ---
2025-11-02 21:11:06,812 - ui.main_window - INFO - 357 - --- FINALIZADA PÁGINA AUTORES ---
2025-11-02 21:11:06,812 - ui.main_window - INFO - 362 - --- CREANDO PÁGINA TEMAS ---
2025-11-02 21:11:06,824 - ui.main_window - INFO - 423 - --- FINALIZADA PÁGINA TEMAS ---
2025-11-02 21:11:06,824 - ui.main_window - INFO - 428 - --- CREANDO PÁGINA ANALISIS ---
2025-11-02 21:11:06,838 - ui.main_window - INFO - 492 - --- FINALIZADA PÁGINA ANALISIS ---
2025-11-02 21:11:06,839 - ui.main_window - INFO - 494 - --- INICIO PROCEDIMIENTOS INCIALES ---
2025-11-02 21:11:06,839 - ui.main_window - INFO - 496 - --- FIN DE MAIN WINDOW ---
2025-11-02 21:11:07,389 - __main__ - INFO - 72 - Ventana principal mostrada - Se inicia Main loop
2025-11-02 21:11:23,374 - database.connection - INFO - 37 - Conexión cerrada
2025-11-02 21:11:23,376 - __main__ - INFO - 77 - === Aplicación finalizada correctamente ===
2025-11-02 21:11:45,341 - __main__ - INFO - 56 - === Iniciando la aplicación ===
2025-11-02 21:11:45,341 - __main__ - INFO - 28 - Iniciando configuración de la aplicación El Porteño - Index
- Versión: 3.0.0
2025-11-02 21:11:45,485 - database.connection - INFO - 26 - Conexión establecida
2025-11-02 21:11:45,485 - __main__ - INFO - 64 - Creando ventana principal
2025-11-02 21:11:45,487 - ui.main_window - INFO - 34 - Creando widgets en MainWindow
2025-11-02 21:11:45,489 - ui.main_window - INFO - 62 - --- CREANDO PÁGINA REVISTAS ---
2025-11-02 21:11:45,551 - ui.main_window - INFO - 229 - --- FINALIZADA PÁGINA REVISTAS ---
2025-11-02 21:11:45,551 - ui.main_window - INFO - 235 - --- CREANDO PÁGINA AUTORES ---
2025-11-02 21:11:45,569 - ui.main_window - INFO - 357 - --- FINALIZADA PÁGINA AUTORES ---
2025-11-02 21:11:45,569 - ui.main_window - INFO - 362 - --- CREANDO PÁGINA TEMAS ---
2025-11-02 21:11:45,582 - ui.main_window - INFO - 423 - --- FINALIZADA PÁGINA TEMAS ---
2025-11-02 21:11:45,583 - ui.main_window - INFO - 428 - --- CREANDO PÁGINA ANALISIS ---
2025-11-02 21:11:45,600 - ui.main_window - INFO - 492 - --- FINALIZADA PÁGINA ANALISIS ---
2025-11-02 21:11:45,601 - ui.main_window - INFO - 494 - --- INICIO PROCEDIMIENTOS INCIALES ---
2025-11-02 21:11:45,601 - ui.main_window - INFO - 496 - --- FIN DE MAIN WINDOW ---
2025-11-02 21:11:46,468 - __main__ - INFO - 72 - Ventana principal mostrada - Se inicia Main loop
2025-11-02 21:11:57,279 - database.connection - INFO - 37 - Conexión cerrada
2025-11-02 21:11:57,281 - __main__ - INFO - 77 - === Aplicación finalizada correctamente ===
2025-11-02 21:12:24,352 - __main__ - INFO - 56 - === Iniciando la aplicación ===
2025-11-02 21:12:24,353 - __main__ - INFO - 28 - Iniciando configuración de la aplicación El Porteño - Index
- Versión: 3.0.0
2025-11-02 21:12:24,497 - database.connection - INFO - 26 - Conexión establecida
2025-11-02 21:12:24,498 - __main__ - INFO - 64 - Creando ventana principal
2025-11-02 21:12:24,499 - ui.main_window - INFO - 34 - Creando widgets en MainWindow
2025-11-02 21:12:24,501 - ui.main_window - INFO - 62 - --- CREANDO PÁGINA REVISTAS ---
2025-11-02 21:12:24,563 - ui.main_window - INFO - 229 - --- FINALIZADA PÁGINA REVISTAS ---
2025-11-02 21:12:24,563 - ui.main_window - INFO - 235 - --- CREANDO PÁGINA AUTORES ---
2025-11-02 21:12:24,581 - ui.main_window - INFO - 357 - --- FINALIZADA PÁGINA AUTORES ---
2025-11-02 21:12:24,581 - ui.main_window - INFO - 362 - --- CREANDO PÁGINA TEMAS ---
2025-11-02 21:12:24,595 - ui.main_window - INFO - 423 - --- FINALIZADA PÁGINA TEMAS ---
2025-11-02 21:12:24,595 - ui.main_window - INFO - 428 - --- CREANDO PÁGINA ANALISIS ---
2025-11-02 21:12:24,611 - ui.main_window - INFO - 492 - --- FINALIZADA PÁGINA ANALISIS ---
2025-11-02 21:12:24,611 - ui.main_window - INFO - 494 - --- INICIO PROCEDIMIENTOS INCIALES ---
2025-11-02 21:12:24,611 - ui.main_window - INFO - 496 - --- FIN DE MAIN WINDOW ---
2025-11-02 21:12:24,611 - __main__ - CRITICAL - 81 - Error crítico al iniciar aplicación: 'VisualizadorCartas' object has no attribute 'tn'
2025-11-02 21:13:15,378 - __main__ - INFO - 56 - === Iniciando la aplicación ===
2025-11-02 21:13:15,379 - __main__ - INFO - 28 - Iniciando configuración de la aplicación El Porteño - Index
- Versión: 3.0.0
2025-11-02 21:13:15,533 - database.connection - INFO - 26 - Conexión establecida
2025-11-02 21:13:15,533 - __main__ - INFO - 64 - Creando ventana principal
2025-11-02 21:13:15,535 - ui.main_window - INFO - 34 - Creando widgets en MainWindow
2025-11-02 21:13:15,537 - ui.main_window - INFO - 62 - --- CREANDO PÁGINA REVISTAS ---
2025-11-02 21:13:15,596 - ui.main_window - INFO - 229 - --- FINALIZADA PÁGINA REVISTAS ---
2025-11-02 21:13:15,596 - ui.main_window - INFO - 235 - --- CREANDO PÁGINA AUTORES ---
2025-11-02 21:13:15,611 - ui.main_window - INFO - 357 - --- FINALIZADA PÁGINA AUTORES ---
2025-11-02 21:13:15,611 - ui.main_window - INFO - 362 - --- CREANDO PÁGINA TEMAS ---
2025-11-02 21:13:15,624 - ui.main_window - INFO - 423 - --- FINALIZADA PÁGINA TEMAS ---
2025-11-02 21:13:15,624 - ui.main_window - INFO - 428 - --- CREANDO PÁGINA ANALISIS ---
2025-11-02 21:13:15,639 - ui.main_window - INFO - 492 - --- FINALIZADA PÁGINA ANALISIS ---
2025-11-02 21:13:15,639 - ui.main_window - INFO - 494 - --- INICIO PROCEDIMIENTOS INCIALES ---
2025-11-02 21:13:15,639 - ui.main_window - INFO - 496 - --- FIN DE MAIN WINDOW ---
2025-11-02 21:13:16,169 - __main__ - INFO - 72 - Ventana principal mostrada - Se inicia Main loop
2025-11-02 21:13:21,687 - __main__ - ERROR - 49 - Excepción no manejada:
Traceback (most recent call last):
  File "/home/luc/Documents/10_Archivo/Revistas/El Porteño/ui/main_window.py", line 1277, in vc_analisis_row_activate
    id_child = model.get_value(i, 11)
               ^^^^^^^^^^^^^^^^^^^^^^
TypeError: Invalid type
2025-11-02 21:14:35,276 - __main__ - INFO - 56 - === Iniciando la aplicación ===
2025-11-02 21:14:35,276 - __main__ - INFO - 28 - Iniciando configuración de la aplicación El Porteño - Index
- Versión: 3.0.0
2025-11-02 21:14:35,509 - database.connection - INFO - 26 - Conexión establecida
2025-11-02 21:14:35,509 - __main__ - INFO - 64 - Creando ventana principal
2025-11-02 21:14:35,512 - ui.main_window - INFO - 34 - Creando widgets en MainWindow
2025-11-02 21:14:35,516 - ui.main_window - INFO - 62 - --- CREANDO PÁGINA REVISTAS ---
2025-11-02 21:14:35,618 - ui.main_window - INFO - 229 - --- FINALIZADA PÁGINA REVISTAS ---
2025-11-02 21:14:35,618 - ui.main_window - INFO - 235 - --- CREANDO PÁGINA AUTORES ---
2025-11-02 21:14:35,643 - ui.main_window - INFO - 357 - --- FINALIZADA PÁGINA AUTORES ---
2025-11-02 21:14:35,644 - ui.main_window - INFO - 362 - --- CREANDO PÁGINA TEMAS ---
2025-11-02 21:14:35,664 - ui.main_window - INFO - 423 - --- FINALIZADA PÁGINA TEMAS ---
2025-11-02 21:14:35,664 - ui.main_window - INFO - 428 - --- CREANDO PÁGINA ANALISIS ---
2025-11-02 21:14:35,687 - ui.main_window - INFO - 492 - --- FINALIZADA PÁGINA ANALISIS ---
2025-11-02 21:14:35,688 - ui.main_window - INFO - 494 - --- INICIO PROCEDIMIENTOS INCIALES ---
2025-11-02 21:14:35,688 - ui.main_window - INFO - 496 - --- FIN DE MAIN WINDOW ---
2025-11-02 21:14:36,532 - __main__ - INFO - 72 - Ventana principal mostrada - Se inicia Main loop
2025-11-02 21:14:55,213 - services - INFO - 312 - Se ha eliminado el archivo resumen correspondiente a la carta: 1 filas afectadas
2025-11-02 21:15:06,619 - services - INFO - 354 - Se ha quitado una carta del grupo de análisis: 1 filas afectadas
2025-11-02 21:15:20,169 - database.connection - INFO - 37 - Conexión cerrada
2025-11-02 21:15:20,171 - __main__ - INFO - 77 - === Aplicación finalizada correctamente ===
2025-11-03 22:21:34,316 - __main__ - INFO - 56 - === Iniciando la aplicación ===
2025-11-03 22:21:34,317 - __main__ - INFO - 28 - Iniciando configuración de la aplicación El Porteño - Index
- Versión: 3.0.0
2025-11-03 22:21:34,387 - database.connection - INFO - 26 - Conexión establecida
2025-11-03 22:21:34,387 - __main__ - INFO - 64 - Creando ventana principal
2025-11-03 22:21:34,388 - ui.main_window - INFO - 34 - Creando widgets en MainWindow
2025-11-03 22:21:34,389 - ui.main_window - INFO - 62 - --- CREANDO PÁGINA REVISTAS ---
2025-11-03 22:21:34,411 - ui.main_window - INFO - 229 - --- FINALIZADA PÁGINA REVISTAS ---
2025-11-03 22:21:34,411 - ui.main_window - INFO - 235 - --- CREANDO PÁGINA AUTORES ---
2025-11-03 22:21:34,417 - ui.main_window - INFO - 357 - --- FINALIZADA PÁGINA AUTORES ---
2025-11-03 22:21:34,417 - ui.main_window - INFO - 362 - --- CREANDO PÁGINA TEMAS ---
2025-11-03 22:21:34,421 - ui.main_window - INFO - 423 - --- FINALIZADA PÁGINA TEMAS ---
2025-11-03 22:21:34,421 - ui.main_window - INFO - 428 - --- CREANDO PÁGINA ANALISIS ---
2025-11-03 22:21:34,426 - ui.main_window - INFO - 492 - --- FINALIZADA PÁGINA ANALISIS ---
2025-11-03 22:21:34,427 - ui.main_window - INFO - 494 - --- INICIO PROCEDIMIENTOS INCIALES ---
2025-11-03 22:21:34,427 - ui.main_window - INFO - 496 - --- FIN DE MAIN WINDOW ---
2025-11-03 22:21:34,676 - __main__ - INFO - 72 - Ventana principal mostrada - Se inicia Main loop
2025-11-03 22:23:08,625 - services - INFO - 544 - Se ha agregado un archivo resumen para carta: 1 filas afectadas
2025-11-03 22:24:26,917 - database.connection - INFO - 37 - Conexión cerrada
2025-11-03 22:24:26,919 - __main__ - INFO - 77 - === Aplicación finalizada correctamente ===
2025-11-03 22:26:31,061 - __main__ - INFO - 56 - === Iniciando la aplicación ===
2025-11-03 22:26:31,061 - __main__ - INFO - 28 - Iniciando configuración de la aplicación El Porteño - Index
- Versión: 3.0.0
2025-11-03 22:26:31,111 - database.connection - INFO - 26 - Conexión establecida
2025-11-03 22:26:31,111 - __main__ - INFO - 64 - Creando ventana principal
2025-11-03 22:26:31,112 - ui.main_window - INFO - 34 - Creando widgets en MainWindow
2025-11-03 22:26:31,112 - ui.main_window - INFO - 62 - --- CREANDO PÁGINA REVISTAS ---
2025-11-03 22:26:31,133 - ui.main_window - INFO - 229 - --- FINALIZADA PÁGINA REVISTAS ---
2025-11-03 22:26:31,133 - ui.main_window - INFO - 235 - --- CREANDO PÁGINA AUTORES ---
2025-11-03 22:26:31,138 - ui.main_window - INFO - 357 - --- FINALIZADA PÁGINA AUTORES ---
2025-11-03 22:26:31,138 - ui.main_window - INFO - 362 - --- CREANDO PÁGINA TEMAS ---
2025-11-03 22:26:31,142 - ui.main_window - INFO - 423 - --- FINALIZADA PÁGINA TEMAS ---
2025-11-03 22:26:31,142 - ui.main_window - INFO - 428 - --- CREANDO PÁGINA ANALISIS ---
2025-11-03 22:26:31,147 - ui.main_window - INFO - 492 - --- FINALIZADA PÁGINA ANALISIS ---
2025-11-03 22:26:31,147 - ui.main_window - INFO - 494 - --- INICIO PROCEDIMIENTOS INCIALES ---
2025-11-03 22:26:31,147 - ui.main_window - INFO - 496 - --- FIN DE MAIN WINDOW ---
2025-11-03 22:26:31,350 - __main__ - INFO - 72 - Ventana principal mostrada - Se inicia Main loop
2025-11-03 22:26:43,856 - database.connection - INFO - 37 - Conexión cerrada
2025-11-03 22:26:43,857 - __main__ - INFO - 77 - === Aplicación finalizada correctamente ===
2025-11-03 22:39:20,458 - __main__ - INFO - 56 - === Iniciando la aplicación ===
2025-11-03 22:39:20,458 - __main__ - INFO - 28 - Iniciando configuración de la aplicación El Porteño - Index
- Versión: 3.0.0
2025-11-03 22:39:20,507 - database.connection - INFO - 26 - Conexión establecida
2025-11-03 22:39:20,507 - __main__ - INFO - 64 - Creando ventana principal
2025-11-03 22:39:20,507 - ui.main_window - INFO - 35 - Creando widgets en MainWindow
2025-11-03 22:39:20,508 - ui.main_window - INFO - 63 - --- CREANDO PÁGINA REVISTAS ---
2025-11-03 22:39:20,526 - ui.main_window - INFO - 230 - --- FINALIZADA PÁGINA REVISTAS ---
2025-11-03 22:39:20,526 - ui.main_window - INFO - 236 - --- CREANDO PÁGINA AUTORES ---
2025-11-03 22:39:20,531 - ui.main_window - INFO - 358 - --- FINALIZADA PÁGINA AUTORES ---
2025-11-03 22:39:20,531 - ui.main_window - INFO - 363 - --- CREANDO PÁGINA TEMAS ---
2025-11-03 22:39:20,535 - ui.main_window - INFO - 424 - --- FINALIZADA PÁGINA TEMAS ---
2025-11-03 22:39:20,535 - ui.main_window - INFO - 429 - --- CREANDO PÁGINA ANALISIS ---
2025-11-03 22:39:20,539 - ui.main_window - INFO - 493 - --- FINALIZADA PÁGINA ANALISIS ---
2025-11-03 22:39:20,539 - ui.main_window - INFO - 495 - --- INICIO PROCEDIMIENTOS INCIALES ---
2025-11-03 22:39:20,539 - ui.main_window - INFO - 497 - --- FIN DE MAIN WINDOW ---
2025-11-03 22:39:20,790 - __main__ - INFO - 72 - Ventana principal mostrada - Se inicia Main loop
2025-11-03 22:39:34,874 - database.connection - INFO - 37 - Conexión cerrada
2025-11-03 22:39:34,875 - __main__ - INFO - 77 - === Aplicación finalizada correctamente ===
2025-11-06 18:22:13,941 - __main__ - INFO - 56 - === Iniciando la aplicación ===
2025-11-06 18:22:13,942 - __main__ - INFO - 28 - Iniciando configuración de la aplicación El Porteño - Index
- Versión: 3.0.0
2025-11-06 18:22:14,021 - database.connection - INFO - 26 - Conexión establecida
2025-11-06 18:22:14,021 - __main__ - INFO - 64 - Creando ventana principal
2025-11-06 18:22:14,022 - ui.main_window - INFO - 35 - Creando widgets en MainWindow
2025-11-06 18:22:14,024 - ui.main_window - INFO - 63 - --- CREANDO PÁGINA REVISTAS ---
2025-11-06 18:22:14,053 - ui.main_window - INFO - 230 - --- FINALIZADA PÁGINA REVISTAS ---
2025-11-06 18:22:14,053 - ui.main_window - INFO - 236 - --- CREANDO PÁGINA AUTORES ---
2025-11-06 18:22:14,060 - ui.main_window - INFO - 358 - --- FINALIZADA PÁGINA AUTORES ---
2025-11-06 18:22:14,060 - ui.main_window - INFO - 363 - --- CREANDO PÁGINA TEMAS ---
2025-11-06 18:22:14,066 - ui.main_window - INFO - 424 - --- FINALIZADA PÁGINA TEMAS ---
2025-11-06 18:22:14,066 - ui.main_window - INFO - 429 - --- CREANDO PÁGINA ANALISIS ---
2025-11-06 18:22:14,073 - ui.main_window - INFO - 493 - --- FINALIZADA PÁGINA ANALISIS ---
2025-11-06 18:22:14,073 - ui.main_window - INFO - 495 - --- INICIO PROCEDIMIENTOS INCIALES ---
2025-11-06 18:22:14,073 - ui.main_window - INFO - 497 - --- FIN DE MAIN WINDOW ---
2025-11-06 18:22:14,435 - __main__ - INFO - 72 - Ventana principal mostrada - Se inicia Main loop
2025-11-06 18:22:20,153 - database.connection - INFO - 37 - Conexión cerrada
2025-11-06 18:22:20,155 - __main__ - INFO - 77 - === Aplicación finalizada correctamente ===
2025-11-06 18:22:55,859 - __main__ - INFO - 56 - === Iniciando la aplicación ===
2025-11-06 18:22:55,859 - __main__ - INFO - 28 - Iniciando configuración de la aplicación El Porteño - Index
- Versión: 3.0.0
2025-11-06 18:22:55,942 - database.connection - INFO - 26 - Conexión establecida
2025-11-06 18:22:55,942 - __main__ - INFO - 64 - Creando ventana principal
2025-11-06 18:22:55,943 - ui.main_window - INFO - 35 - Creando widgets en MainWindow
2025-11-06 18:22:55,944 - ui.main_window - INFO - 63 - --- CREANDO PÁGINA REVISTAS ---
2025-11-06 18:22:55,993 - ui.main_window - INFO - 230 - --- FINALIZADA PÁGINA REVISTAS ---
2025-11-06 18:22:55,994 - ui.main_window - INFO - 236 - --- CREANDO PÁGINA AUTORES ---
2025-11-06 18:22:56,009 - ui.main_window - INFO - 358 - --- FINALIZADA PÁGINA AUTORES ---
2025-11-06 18:22:56,009 - ui.main_window - INFO - 363 - --- CREANDO PÁGINA TEMAS ---
2025-11-06 18:22:56,019 - ui.main_window - INFO - 424 - --- FINALIZADA PÁGINA TEMAS ---
2025-11-06 18:22:56,019 - ui.main_window - INFO - 429 - --- CREANDO PÁGINA ANALISIS ---
2025-11-06 18:22:56,028 - ui.main_window - INFO - 493 - --- FINALIZADA PÁGINA ANALISIS ---
2025-11-06 18:22:56,028 - ui.main_window - INFO - 495 - --- INICIO PROCEDIMIENTOS INCIALES ---
2025-11-06 18:22:56,028 - ui.main_window - INFO - 497 - --- FIN DE MAIN WINDOW ---
2025-11-06 18:22:56,320 - __main__ - INFO - 72 - Ventana principal mostrada - Se inicia Main loop
2025-11-06 18:22:58,683 - __main__ - ERROR - 49 - Excepción no manejada:
Traceback (most recent call last):
  File "/home/luc/Documents/10_Archivo/Revistas/El Porteño/ui/main_window.py", line 981, in bt_agregar_nota_en_revista_clicked
    window_nota = DialogNotas(self.app_state)
                  ^^^^^^^^^^^^^^^^^^^^^^^^^^^
  File "/home/luc/Documents/10_Archivo/Revistas/El Porteño/ui/notas_window.py", line 13, in __init__
    self._setup_ui()
  File "/home/luc/Documents/10_Archivo/Revistas/El Porteño/ui/notas_window.py", line 38, in _setup_ui
    self.bt_bar_posterior.add(Gtk.Arrow(arrow_type=Gtk.ArrowType.LEFT, shadow_type=Gtk.ShadowType.OUT))
    ^^^^^^^^^^^^^^^^^^^^^
AttributeError: 'DialogNotas' object has no attribute 'bt_bar_posterior'. Did you mean: 'bt_bat_posterior'?
2025-11-06 18:23:19,804 - __main__ - INFO - 56 - === Iniciando la aplicación ===
2025-11-06 18:23:19,804 - __main__ - INFO - 28 - Iniciando configuración de la aplicación El Porteño - Index
- Versión: 3.0.0
2025-11-06 18:23:19,886 - database.connection - INFO - 26 - Conexión establecida
2025-11-06 18:23:19,886 - __main__ - INFO - 64 - Creando ventana principal
2025-11-06 18:23:19,887 - ui.main_window - INFO - 35 - Creando widgets en MainWindow
2025-11-06 18:23:19,888 - ui.main_window - INFO - 63 - --- CREANDO PÁGINA REVISTAS ---
2025-11-06 18:23:19,933 - ui.main_window - INFO - 230 - --- FINALIZADA PÁGINA REVISTAS ---
2025-11-06 18:23:19,933 - ui.main_window - INFO - 236 - --- CREANDO PÁGINA AUTORES ---
2025-11-06 18:23:19,948 - ui.main_window - INFO - 358 - --- FINALIZADA PÁGINA AUTORES ---
2025-11-06 18:23:19,948 - ui.main_window - INFO - 363 - --- CREANDO PÁGINA TEMAS ---
2025-11-06 18:23:19,956 - ui.main_window - INFO - 424 - --- FINALIZADA PÁGINA TEMAS ---
2025-11-06 18:23:19,956 - ui.main_window - INFO - 429 - --- CREANDO PÁGINA ANALISIS ---
2025-11-06 18:23:19,964 - ui.main_window - INFO - 493 - --- FINALIZADA PÁGINA ANALISIS ---
2025-11-06 18:23:19,964 - ui.main_window - INFO - 495 - --- INICIO PROCEDIMIENTOS INCIALES ---
2025-11-06 18:23:19,964 - ui.main_window - INFO - 497 - --- FIN DE MAIN WINDOW ---
2025-11-06 18:23:20,249 - __main__ - INFO - 72 - Ventana principal mostrada - Se inicia Main loop
2025-11-06 18:23:25,937 - database.connection - INFO - 37 - Conexión cerrada
2025-11-06 18:23:25,939 - __main__ - INFO - 77 - === Aplicación finalizada correctamente ===
2025-11-06 18:23:43,935 - __main__ - INFO - 56 - === Iniciando la aplicación ===
2025-11-06 18:23:43,935 - __main__ - INFO - 28 - Iniciando configuración de la aplicación El Porteño - Index
- Versión: 3.0.0
2025-11-06 18:23:44,002 - database.connection - INFO - 26 - Conexión establecida
2025-11-06 18:23:44,002 - __main__ - INFO - 64 - Creando ventana principal
2025-11-06 18:23:44,003 - ui.main_window - INFO - 35 - Creando widgets en MainWindow
2025-11-06 18:23:44,004 - ui.main_window - INFO - 63 - --- CREANDO PÁGINA REVISTAS ---
2025-11-06 18:23:44,036 - ui.main_window - INFO - 230 - --- FINALIZADA PÁGINA REVISTAS ---
2025-11-06 18:23:44,036 - ui.main_window - INFO - 236 - --- CREANDO PÁGINA AUTORES ---
2025-11-06 18:23:44,043 - ui.main_window - INFO - 358 - --- FINALIZADA PÁGINA AUTORES ---
2025-11-06 18:23:44,044 - ui.main_window - INFO - 363 - --- CREANDO PÁGINA TEMAS ---
2025-11-06 18:23:44,050 - ui.main_window - INFO - 424 - --- FINALIZADA PÁGINA TEMAS ---
2025-11-06 18:23:44,050 - ui.main_window - INFO - 429 - --- CREANDO PÁGINA ANALISIS ---
2025-11-06 18:23:44,058 - ui.main_window - INFO - 493 - --- FINALIZADA PÁGINA ANALISIS ---
2025-11-06 18:23:44,058 - ui.main_window - INFO - 495 - --- INICIO PROCEDIMIENTOS INCIALES ---
2025-11-06 18:23:44,058 - ui.main_window - INFO - 497 - --- FIN DE MAIN WINDOW ---
2025-11-06 18:23:44,371 - __main__ - INFO - 72 - Ventana principal mostrada - Se inicia Main loop
2025-11-06 18:23:51,280 - database.connection - INFO - 37 - Conexión cerrada
2025-11-06 18:23:51,283 - __main__ - INFO - 77 - === Aplicación finalizada correctamente ===
2025-11-06 18:48:56,747 - __main__ - INFO - 56 - === Iniciando la aplicación ===
2025-11-06 18:48:56,747 - __main__ - INFO - 28 - Iniciando configuración de la aplicación El Porteño - Index
- Versión: 3.0.0
2025-11-06 18:48:56,834 - database.connection - INFO - 26 - Conexión establecida
2025-11-06 18:48:56,834 - __main__ - INFO - 64 - Creando ventana principal
2025-11-06 18:48:56,835 - ui.main_window - INFO - 35 - Creando widgets en MainWindow
2025-11-06 18:48:56,836 - ui.main_window - INFO - 63 - --- CREANDO PÁGINA REVISTAS ---
2025-11-06 18:48:56,888 - ui.main_window - INFO - 230 - --- FINALIZADA PÁGINA REVISTAS ---
2025-11-06 18:48:56,889 - ui.main_window - INFO - 236 - --- CREANDO PÁGINA AUTORES ---
2025-11-06 18:48:56,904 - ui.main_window - INFO - 358 - --- FINALIZADA PÁGINA AUTORES ---
2025-11-06 18:48:56,905 - ui.main_window - INFO - 363 - --- CREANDO PÁGINA TEMAS ---
2025-11-06 18:48:56,915 - ui.main_window - INFO - 424 - --- FINALIZADA PÁGINA TEMAS ---
2025-11-06 18:48:56,915 - ui.main_window - INFO - 429 - --- CREANDO PÁGINA ANALISIS ---
2025-11-06 18:48:56,928 - ui.main_window - INFO - 493 - --- FINALIZADA PÁGINA ANALISIS ---
2025-11-06 18:48:56,928 - ui.main_window - INFO - 495 - --- INICIO PROCEDIMIENTOS INCIALES ---
2025-11-06 18:48:56,928 - ui.main_window - INFO - 497 - --- FIN DE MAIN WINDOW ---
2025-11-06 18:48:57,310 - __main__ - INFO - 72 - Ventana principal mostrada - Se inicia Main loop
2025-11-06 18:48:58,809 - __main__ - ERROR - 49 - Excepción no manejada:
Traceback (most recent call last):
  File "/home/luc/Documents/10_Archivo/Revistas/El Porteño/ui/main_window.py", line 981, in bt_agregar_nota_en_revista_clicked
    window_nota = DialogNotas(self.app_state)
                  ^^^^^^^^^^^^^^^^^^^^^^^^^^^
  File "/home/luc/Documents/10_Archivo/Revistas/El Porteño/ui/notas_window.py", line 13, in __init__
    self._setup_ui()
  File "/home/luc/Documents/10_Archivo/Revistas/El Porteño/ui/notas_window.py", line 55, in _setup_ui
    grid.attach(self.salir, 0,5,1,1)
                ^^^^^^^^^^
AttributeError: 'DialogNotas' object has no attribute 'salir'
2025-11-06 18:49:11,862 - __main__ - INFO - 56 - === Iniciando la aplicación ===
2025-11-06 18:49:11,862 - __main__ - INFO - 28 - Iniciando configuración de la aplicación El Porteño - Index
- Versión: 3.0.0
2025-11-06 18:49:11,942 - database.connection - INFO - 26 - Conexión establecida
2025-11-06 18:49:11,942 - __main__ - INFO - 64 - Creando ventana principal
2025-11-06 18:49:11,944 - ui.main_window - INFO - 35 - Creando widgets en MainWindow
2025-11-06 18:49:11,945 - ui.main_window - INFO - 63 - --- CREANDO PÁGINA REVISTAS ---
2025-11-06 18:49:11,999 - ui.main_window - INFO - 230 - --- FINALIZADA PÁGINA REVISTAS ---
2025-11-06 18:49:12,000 - ui.main_window - INFO - 236 - --- CREANDO PÁGINA AUTORES ---
2025-11-06 18:49:12,010 - ui.main_window - INFO - 358 - --- FINALIZADA PÁGINA AUTORES ---
2025-11-06 18:49:12,010 - ui.main_window - INFO - 363 - --- CREANDO PÁGINA TEMAS ---
2025-11-06 18:49:12,017 - ui.main_window - INFO - 424 - --- FINALIZADA PÁGINA TEMAS ---
2025-11-06 18:49:12,017 - ui.main_window - INFO - 429 - --- CREANDO PÁGINA ANALISIS ---
2025-11-06 18:49:12,024 - ui.main_window - INFO - 493 - --- FINALIZADA PÁGINA ANALISIS ---
2025-11-06 18:49:12,024 - ui.main_window - INFO - 495 - --- INICIO PROCEDIMIENTOS INCIALES ---
2025-11-06 18:49:12,024 - ui.main_window - INFO - 497 - --- FIN DE MAIN WINDOW ---
2025-11-06 18:49:12,316 - __main__ - INFO - 72 - Ventana principal mostrada - Se inicia Main loop
2025-11-06 18:49:21,643 - database.connection - INFO - 37 - Conexión cerrada
2025-11-06 18:49:21,645 - __main__ - INFO - 77 - === Aplicación finalizada correctamente ===
2025-11-06 19:19:49,860 - __main__ - INFO - 56 - === Iniciando la aplicación ===
2025-11-06 19:19:49,860 - __main__ - INFO - 28 - Iniciando configuración de la aplicación El Porteño - Index
- Versión: 3.0.0
2025-11-06 19:19:49,927 - database.connection - INFO - 26 - Conexión establecida
2025-11-06 19:19:49,927 - __main__ - INFO - 64 - Creando ventana principal
2025-11-06 19:19:49,928 - ui.main_window - INFO - 35 - Creando widgets en MainWindow
2025-11-06 19:19:49,929 - ui.main_window - INFO - 63 - --- CREANDO PÁGINA REVISTAS ---
2025-11-06 19:19:49,960 - ui.main_window - INFO - 230 - --- FINALIZADA PÁGINA REVISTAS ---
2025-11-06 19:19:49,960 - ui.main_window - INFO - 236 - --- CREANDO PÁGINA AUTORES ---
2025-11-06 19:19:49,973 - ui.main_window - INFO - 358 - --- FINALIZADA PÁGINA AUTORES ---
2025-11-06 19:19:49,974 - ui.main_window - INFO - 363 - --- CREANDO PÁGINA TEMAS ---
2025-11-06 19:19:49,983 - ui.main_window - INFO - 424 - --- FINALIZADA PÁGINA TEMAS ---
2025-11-06 19:19:49,983 - ui.main_window - INFO - 429 - --- CREANDO PÁGINA ANALISIS ---
2025-11-06 19:19:49,992 - ui.main_window - INFO - 493 - --- FINALIZADA PÁGINA ANALISIS ---
2025-11-06 19:19:49,992 - ui.main_window - INFO - 495 - --- INICIO PROCEDIMIENTOS INCIALES ---
2025-11-06 19:19:49,992 - ui.main_window - INFO - 497 - --- FIN DE MAIN WINDOW ---
2025-11-06 19:19:50,289 - __main__ - INFO - 72 - Ventana principal mostrada - Se inicia Main loop
2025-11-06 19:20:02,597 - database.connection - INFO - 37 - Conexión cerrada
2025-11-06 19:20:02,600 - __main__ - INFO - 77 - === Aplicación finalizada correctamente ===
2025-11-06 19:34:50,660 - __main__ - INFO - 56 - === Iniciando la aplicación ===
2025-11-06 19:34:50,660 - __main__ - INFO - 28 - Iniciando configuración de la aplicación El Porteño - Index
- Versión: 3.0.0
2025-11-06 19:34:50,727 - database.connection - INFO - 26 - Conexión establecida
2025-11-06 19:34:50,727 - __main__ - INFO - 64 - Creando ventana principal
2025-11-06 19:34:50,728 - ui.main_window - INFO - 35 - Creando widgets en MainWindow
2025-11-06 19:34:50,729 - ui.main_window - INFO - 63 - --- CREANDO PÁGINA REVISTAS ---
2025-11-06 19:34:50,757 - ui.main_window - INFO - 230 - --- FINALIZADA PÁGINA REVISTAS ---
2025-11-06 19:34:50,757 - ui.main_window - INFO - 236 - --- CREANDO PÁGINA AUTORES ---
2025-11-06 19:34:50,764 - ui.main_window - INFO - 358 - --- FINALIZADA PÁGINA AUTORES ---
2025-11-06 19:34:50,764 - ui.main_window - INFO - 363 - --- CREANDO PÁGINA TEMAS ---
2025-11-06 19:34:50,770 - ui.main_window - INFO - 424 - --- FINALIZADA PÁGINA TEMAS ---
2025-11-06 19:34:50,770 - ui.main_window - INFO - 429 - --- CREANDO PÁGINA ANALISIS ---
2025-11-06 19:34:50,778 - ui.main_window - INFO - 493 - --- FINALIZADA PÁGINA ANALISIS ---
2025-11-06 19:34:50,778 - ui.main_window - INFO - 495 - --- INICIO PROCEDIMIENTOS INCIALES ---
2025-11-06 19:34:50,778 - ui.main_window - INFO - 497 - --- FIN DE MAIN WINDOW ---
2025-11-06 19:34:51,057 - __main__ - INFO - 72 - Ventana principal mostrada - Se inicia Main loop
2025-11-06 19:34:56,524 - __main__ - ERROR - 49 - Excepción no manejada:
Traceback (most recent call last):
  File "/home/luc/Documents/10_Archivo/Revistas/El Porteño/ui/main_window.py", line 981, in bt_agregar_nota_en_revista_clicked
    window_nota = DialogNotas(self.app_state)
                  ^^^^^^^^^^^^^^^^^^^^^^^^^^^
  File "/home/luc/Documents/10_Archivo/Revistas/El Porteño/ui/notas_window.py", line 14, in __init__
    self._setup_ui()
  File "/home/luc/Documents/10_Archivo/Revistas/El Porteño/ui/notas_window.py", line 54, in _setup_ui
    self.lb_nota = LabelNota()
                   ^^^^^^^^^^^
  File "/home/luc/Documents/10_Archivo/Revistas/El Porteño/ui/widgets.py", line 66, in __init__
    self.pack_start(self.lb_nota_id)
TypeError: Gtk.Box.pack_start() takes exactly 5 arguments (2 given)
2025-11-06 19:35:28,773 - __main__ - INFO - 56 - === Iniciando la aplicación ===
2025-11-06 19:35:28,773 - __main__ - INFO - 28 - Iniciando configuración de la aplicación El Porteño - Index
- Versión: 3.0.0
2025-11-06 19:35:28,840 - database.connection - INFO - 26 - Conexión establecida
2025-11-06 19:35:28,840 - __main__ - INFO - 64 - Creando ventana principal
2025-11-06 19:35:28,841 - ui.main_window - INFO - 35 - Creando widgets en MainWindow
2025-11-06 19:35:28,842 - ui.main_window - INFO - 63 - --- CREANDO PÁGINA REVISTAS ---
2025-11-06 19:35:28,869 - ui.main_window - INFO - 230 - --- FINALIZADA PÁGINA REVISTAS ---
2025-11-06 19:35:28,869 - ui.main_window - INFO - 236 - --- CREANDO PÁGINA AUTORES ---
2025-11-06 19:35:28,876 - ui.main_window - INFO - 358 - --- FINALIZADA PÁGINA AUTORES ---
2025-11-06 19:35:28,876 - ui.main_window - INFO - 363 - --- CREANDO PÁGINA TEMAS ---
2025-11-06 19:35:28,882 - ui.main_window - INFO - 424 - --- FINALIZADA PÁGINA TEMAS ---
2025-11-06 19:35:28,882 - ui.main_window - INFO - 429 - --- CREANDO PÁGINA ANALISIS ---
2025-11-06 19:35:28,889 - ui.main_window - INFO - 493 - --- FINALIZADA PÁGINA ANALISIS ---
2025-11-06 19:35:28,889 - ui.main_window - INFO - 495 - --- INICIO PROCEDIMIENTOS INCIALES ---
2025-11-06 19:35:28,889 - ui.main_window - INFO - 497 - --- FIN DE MAIN WINDOW ---
2025-11-06 19:35:29,197 - __main__ - INFO - 72 - Ventana principal mostrada - Se inicia Main loop
2025-11-06 19:35:41,961 - database.connection - INFO - 37 - Conexión cerrada
2025-11-06 19:35:41,963 - __main__ - INFO - 77 - === Aplicación finalizada correctamente ===
2025-11-06 19:35:57,485 - __main__ - INFO - 56 - === Iniciando la aplicación ===
2025-11-06 19:35:57,485 - __main__ - INFO - 28 - Iniciando configuración de la aplicación El Porteño - Index
- Versión: 3.0.0
2025-11-06 19:35:57,552 - database.connection - INFO - 26 - Conexión establecida
2025-11-06 19:35:57,552 - __main__ - INFO - 64 - Creando ventana principal
2025-11-06 19:35:57,553 - ui.main_window - INFO - 35 - Creando widgets en MainWindow
2025-11-06 19:35:57,554 - ui.main_window - INFO - 63 - --- CREANDO PÁGINA REVISTAS ---
2025-11-06 19:35:57,581 - ui.main_window - INFO - 230 - --- FINALIZADA PÁGINA REVISTAS ---
2025-11-06 19:35:57,582 - ui.main_window - INFO - 236 - --- CREANDO PÁGINA AUTORES ---
2025-11-06 19:35:57,589 - ui.main_window - INFO - 358 - --- FINALIZADA PÁGINA AUTORES ---
2025-11-06 19:35:57,589 - ui.main_window - INFO - 363 - --- CREANDO PÁGINA TEMAS ---
2025-11-06 19:35:57,596 - ui.main_window - INFO - 424 - --- FINALIZADA PÁGINA TEMAS ---
2025-11-06 19:35:57,596 - ui.main_window - INFO - 429 - --- CREANDO PÁGINA ANALISIS ---
2025-11-06 19:35:57,604 - ui.main_window - INFO - 493 - --- FINALIZADA PÁGINA ANALISIS ---
2025-11-06 19:35:57,604 - ui.main_window - INFO - 495 - --- INICIO PROCEDIMIENTOS INCIALES ---
2025-11-06 19:35:57,604 - ui.main_window - INFO - 497 - --- FIN DE MAIN WINDOW ---
2025-11-06 19:35:57,877 - __main__ - INFO - 72 - Ventana principal mostrada - Se inicia Main loop
2025-11-06 19:36:08,138 - database.connection - INFO - 37 - Conexión cerrada
2025-11-06 19:36:08,140 - __main__ - INFO - 77 - === Aplicación finalizada correctamente ===
2025-11-06 19:36:20,226 - __main__ - INFO - 56 - === Iniciando la aplicación ===
2025-11-06 19:36:20,226 - __main__ - INFO - 28 - Iniciando configuración de la aplicación El Porteño - Index
- Versión: 3.0.0
2025-11-06 19:36:20,294 - database.connection - INFO - 26 - Conexión establecida
2025-11-06 19:36:20,294 - __main__ - INFO - 64 - Creando ventana principal
2025-11-06 19:36:20,295 - ui.main_window - INFO - 35 - Creando widgets en MainWindow
2025-11-06 19:36:20,296 - ui.main_window - INFO - 63 - --- CREANDO PÁGINA REVISTAS ---
2025-11-06 19:36:20,326 - ui.main_window - INFO - 230 - --- FINALIZADA PÁGINA REVISTAS ---
2025-11-06 19:36:20,326 - ui.main_window - INFO - 236 - --- CREANDO PÁGINA AUTORES ---
2025-11-06 19:36:20,333 - ui.main_window - INFO - 358 - --- FINALIZADA PÁGINA AUTORES ---
2025-11-06 19:36:20,333 - ui.main_window - INFO - 363 - --- CREANDO PÁGINA TEMAS ---
2025-11-06 19:36:20,339 - ui.main_window - INFO - 424 - --- FINALIZADA PÁGINA TEMAS ---
2025-11-06 19:36:20,339 - ui.main_window - INFO - 429 - --- CREANDO PÁGINA ANALISIS ---
2025-11-06 19:36:20,346 - ui.main_window - INFO - 493 - --- FINALIZADA PÁGINA ANALISIS ---
2025-11-06 19:36:20,346 - ui.main_window - INFO - 495 - --- INICIO PROCEDIMIENTOS INCIALES ---
2025-11-06 19:36:20,346 - ui.main_window - INFO - 497 - --- FIN DE MAIN WINDOW ---
2025-11-06 19:36:20,621 - __main__ - INFO - 72 - Ventana principal mostrada - Se inicia Main loop
2025-11-06 19:36:27,397 - database.connection - INFO - 37 - Conexión cerrada
2025-11-06 19:36:27,400 - __main__ - INFO - 77 - === Aplicación finalizada correctamente ===
2025-11-06 19:36:41,438 - __main__ - INFO - 56 - === Iniciando la aplicación ===
2025-11-06 19:36:41,438 - __main__ - INFO - 28 - Iniciando configuración de la aplicación El Porteño - Index
- Versión: 3.0.0
2025-11-06 19:36:41,506 - database.connection - INFO - 26 - Conexión establecida
2025-11-06 19:36:41,507 - __main__ - INFO - 64 - Creando ventana principal
2025-11-06 19:36:41,508 - ui.main_window - INFO - 35 - Creando widgets en MainWindow
2025-11-06 19:36:41,509 - ui.main_window - INFO - 63 - --- CREANDO PÁGINA REVISTAS ---
2025-11-06 19:36:41,537 - ui.main_window - INFO - 230 - --- FINALIZADA PÁGINA REVISTAS ---
2025-11-06 19:36:41,538 - ui.main_window - INFO - 236 - --- CREANDO PÁGINA AUTORES ---
2025-11-06 19:36:41,547 - ui.main_window - INFO - 358 - --- FINALIZADA PÁGINA AUTORES ---
2025-11-06 19:36:41,548 - ui.main_window - INFO - 363 - --- CREANDO PÁGINA TEMAS ---
2025-11-06 19:36:41,557 - ui.main_window - INFO - 424 - --- FINALIZADA PÁGINA TEMAS ---
2025-11-06 19:36:41,557 - ui.main_window - INFO - 429 - --- CREANDO PÁGINA ANALISIS ---
2025-11-06 19:36:41,569 - ui.main_window - INFO - 493 - --- FINALIZADA PÁGINA ANALISIS ---
2025-11-06 19:36:41,569 - ui.main_window - INFO - 495 - --- INICIO PROCEDIMIENTOS INCIALES ---
2025-11-06 19:36:41,569 - ui.main_window - INFO - 497 - --- FIN DE MAIN WINDOW ---
2025-11-06 19:36:41,861 - __main__ - INFO - 72 - Ventana principal mostrada - Se inicia Main loop
2025-11-06 19:36:56,691 - database.connection - INFO - 37 - Conexión cerrada
2025-11-06 19:36:56,693 - __main__ - INFO - 77 - === Aplicación finalizada correctamente ===
2025-11-06 19:37:12,039 - __main__ - INFO - 56 - === Iniciando la aplicación ===
2025-11-06 19:37:12,039 - __main__ - INFO - 28 - Iniciando configuración de la aplicación El Porteño - Index
- Versión: 3.0.0
2025-11-06 19:37:12,110 - database.connection - INFO - 26 - Conexión establecida
2025-11-06 19:37:12,110 - __main__ - INFO - 64 - Creando ventana principal
2025-11-06 19:37:12,111 - ui.main_window - INFO - 35 - Creando widgets en MainWindow
2025-11-06 19:37:12,112 - ui.main_window - INFO - 63 - --- CREANDO PÁGINA REVISTAS ---
2025-11-06 19:37:12,140 - ui.main_window - INFO - 230 - --- FINALIZADA PÁGINA REVISTAS ---
2025-11-06 19:37:12,140 - ui.main_window - INFO - 236 - --- CREANDO PÁGINA AUTORES ---
2025-11-06 19:37:12,147 - ui.main_window - INFO - 358 - --- FINALIZADA PÁGINA AUTORES ---
2025-11-06 19:37:12,147 - ui.main_window - INFO - 363 - --- CREANDO PÁGINA TEMAS ---
2025-11-06 19:37:12,153 - ui.main_window - INFO - 424 - --- FINALIZADA PÁGINA TEMAS ---
2025-11-06 19:37:12,153 - ui.main_window - INFO - 429 - --- CREANDO PÁGINA ANALISIS ---
2025-11-06 19:37:12,162 - ui.main_window - INFO - 493 - --- FINALIZADA PÁGINA ANALISIS ---
2025-11-06 19:37:12,162 - ui.main_window - INFO - 495 - --- INICIO PROCEDIMIENTOS INCIALES ---
2025-11-06 19:37:12,162 - ui.main_window - INFO - 497 - --- FIN DE MAIN WINDOW ---
2025-11-06 19:37:12,472 - __main__ - INFO - 72 - Ventana principal mostrada - Se inicia Main loop
2025-11-06 19:37:19,337 - database.connection - INFO - 37 - Conexión cerrada
2025-11-06 19:37:19,339 - __main__ - INFO - 77 - === Aplicación finalizada correctamente ===
2025-11-06 19:37:47,100 - __main__ - INFO - 56 - === Iniciando la aplicación ===
2025-11-06 19:37:47,100 - __main__ - INFO - 28 - Iniciando configuración de la aplicación El Porteño - Index
- Versión: 3.0.0
2025-11-06 19:37:47,182 - database.connection - INFO - 26 - Conexión establecida
2025-11-06 19:37:47,182 - __main__ - INFO - 64 - Creando ventana principal
2025-11-06 19:37:47,183 - ui.main_window - INFO - 35 - Creando widgets en MainWindow
2025-11-06 19:37:47,184 - ui.main_window - INFO - 63 - --- CREANDO PÁGINA REVISTAS ---
2025-11-06 19:37:47,215 - ui.main_window - INFO - 230 - --- FINALIZADA PÁGINA REVISTAS ---
2025-11-06 19:37:47,215 - ui.main_window - INFO - 236 - --- CREANDO PÁGINA AUTORES ---
2025-11-06 19:37:47,222 - ui.main_window - INFO - 358 - --- FINALIZADA PÁGINA AUTORES ---
2025-11-06 19:37:47,222 - ui.main_window - INFO - 363 - --- CREANDO PÁGINA TEMAS ---
2025-11-06 19:37:47,228 - ui.main_window - INFO - 424 - --- FINALIZADA PÁGINA TEMAS ---
2025-11-06 19:37:47,228 - ui.main_window - INFO - 429 - --- CREANDO PÁGINA ANALISIS ---
2025-11-06 19:37:47,236 - ui.main_window - INFO - 493 - --- FINALIZADA PÁGINA ANALISIS ---
2025-11-06 19:37:47,236 - ui.main_window - INFO - 495 - --- INICIO PROCEDIMIENTOS INCIALES ---
2025-11-06 19:37:47,236 - ui.main_window - INFO - 497 - --- FIN DE MAIN WINDOW ---
2025-11-06 19:37:47,520 - __main__ - INFO - 72 - Ventana principal mostrada - Se inicia Main loop
2025-11-06 19:37:54,951 - database.connection - INFO - 37 - Conexión cerrada
2025-11-06 19:37:54,954 - __main__ - INFO - 77 - === Aplicación finalizada correctamente ===
2025-11-06 19:38:19,221 - __main__ - INFO - 56 - === Iniciando la aplicación ===
2025-11-06 19:38:19,221 - __main__ - INFO - 28 - Iniciando configuración de la aplicación El Porteño - Index
- Versión: 3.0.0
2025-11-06 19:38:19,288 - database.connection - INFO - 26 - Conexión establecida
2025-11-06 19:38:19,288 - __main__ - INFO - 64 - Creando ventana principal
2025-11-06 19:38:19,289 - ui.main_window - INFO - 35 - Creando widgets en MainWindow
2025-11-06 19:38:19,290 - ui.main_window - INFO - 63 - --- CREANDO PÁGINA REVISTAS ---
2025-11-06 19:38:19,317 - ui.main_window - INFO - 230 - --- FINALIZADA PÁGINA REVISTAS ---
2025-11-06 19:38:19,317 - ui.main_window - INFO - 236 - --- CREANDO PÁGINA AUTORES ---
2025-11-06 19:38:19,324 - ui.main_window - INFO - 358 - --- FINALIZADA PÁGINA AUTORES ---
2025-11-06 19:38:19,324 - ui.main_window - INFO - 363 - --- CREANDO PÁGINA TEMAS ---
2025-11-06 19:38:19,330 - ui.main_window - INFO - 424 - --- FINALIZADA PÁGINA TEMAS ---
2025-11-06 19:38:19,330 - ui.main_window - INFO - 429 - --- CREANDO PÁGINA ANALISIS ---
2025-11-06 19:38:19,337 - ui.main_window - INFO - 493 - --- FINALIZADA PÁGINA ANALISIS ---
2025-11-06 19:38:19,337 - ui.main_window - INFO - 495 - --- INICIO PROCEDIMIENTOS INCIALES ---
2025-11-06 19:38:19,337 - ui.main_window - INFO - 497 - --- FIN DE MAIN WINDOW ---
2025-11-06 19:38:19,670 - __main__ - INFO - 72 - Ventana principal mostrada - Se inicia Main loop
2025-11-06 19:38:26,820 - database.connection - INFO - 37 - Conexión cerrada
2025-11-06 19:38:26,822 - __main__ - INFO - 77 - === Aplicación finalizada correctamente ===
2025-11-06 19:38:35,977 - __main__ - INFO - 56 - === Iniciando la aplicación ===
2025-11-06 19:38:35,977 - __main__ - INFO - 28 - Iniciando configuración de la aplicación El Porteño - Index
- Versión: 3.0.0
2025-11-06 19:38:36,045 - database.connection - INFO - 26 - Conexión establecida
2025-11-06 19:38:36,045 - __main__ - INFO - 64 - Creando ventana principal
2025-11-06 19:38:36,046 - ui.main_window - INFO - 35 - Creando widgets en MainWindow
2025-11-06 19:38:36,046 - ui.main_window - INFO - 63 - --- CREANDO PÁGINA REVISTAS ---
2025-11-06 19:38:36,075 - ui.main_window - INFO - 230 - --- FINALIZADA PÁGINA REVISTAS ---
2025-11-06 19:38:36,075 - ui.main_window - INFO - 236 - --- CREANDO PÁGINA AUTORES ---
2025-11-06 19:38:36,083 - ui.main_window - INFO - 358 - --- FINALIZADA PÁGINA AUTORES ---
2025-11-06 19:38:36,083 - ui.main_window - INFO - 363 - --- CREANDO PÁGINA TEMAS ---
2025-11-06 19:38:36,088 - ui.main_window - INFO - 424 - --- FINALIZADA PÁGINA TEMAS ---
2025-11-06 19:38:36,088 - ui.main_window - INFO - 429 - --- CREANDO PÁGINA ANALISIS ---
2025-11-06 19:38:36,097 - ui.main_window - INFO - 493 - --- FINALIZADA PÁGINA ANALISIS ---
2025-11-06 19:38:36,097 - ui.main_window - INFO - 495 - --- INICIO PROCEDIMIENTOS INCIALES ---
2025-11-06 19:38:36,097 - ui.main_window - INFO - 497 - --- FIN DE MAIN WINDOW ---
2025-11-06 19:38:36,368 - __main__ - INFO - 72 - Ventana principal mostrada - Se inicia Main loop
2025-11-06 19:38:40,445 - database.connection - INFO - 37 - Conexión cerrada
2025-11-06 19:38:40,447 - __main__ - INFO - 77 - === Aplicación finalizada correctamente ===
2025-11-06 19:38:51,813 - __main__ - INFO - 56 - === Iniciando la aplicación ===
2025-11-06 19:38:51,813 - __main__ - INFO - 28 - Iniciando configuración de la aplicación El Porteño - Index
- Versión: 3.0.0
2025-11-06 19:38:51,892 - database.connection - INFO - 26 - Conexión establecida
2025-11-06 19:38:51,892 - __main__ - INFO - 64 - Creando ventana principal
2025-11-06 19:38:51,893 - ui.main_window - INFO - 35 - Creando widgets en MainWindow
2025-11-06 19:38:51,895 - ui.main_window - INFO - 63 - --- CREANDO PÁGINA REVISTAS ---
2025-11-06 19:38:51,950 - ui.main_window - INFO - 230 - --- FINALIZADA PÁGINA REVISTAS ---
2025-11-06 19:38:51,950 - ui.main_window - INFO - 236 - --- CREANDO PÁGINA AUTORES ---
2025-11-06 19:38:51,961 - ui.main_window - INFO - 358 - --- FINALIZADA PÁGINA AUTORES ---
2025-11-06 19:38:51,961 - ui.main_window - INFO - 363 - --- CREANDO PÁGINA TEMAS ---
2025-11-06 19:38:51,968 - ui.main_window - INFO - 424 - --- FINALIZADA PÁGINA TEMAS ---
2025-11-06 19:38:51,968 - ui.main_window - INFO - 429 - --- CREANDO PÁGINA ANALISIS ---
2025-11-06 19:38:51,975 - ui.main_window - INFO - 493 - --- FINALIZADA PÁGINA ANALISIS ---
2025-11-06 19:38:51,975 - ui.main_window - INFO - 495 - --- INICIO PROCEDIMIENTOS INCIALES ---
2025-11-06 19:38:51,975 - ui.main_window - INFO - 497 - --- FIN DE MAIN WINDOW ---
2025-11-06 19:38:52,277 - __main__ - INFO - 72 - Ventana principal mostrada - Se inicia Main loop
2025-11-06 19:38:57,634 - database.connection - INFO - 37 - Conexión cerrada
2025-11-06 19:38:57,636 - __main__ - INFO - 77 - === Aplicación finalizada correctamente ===
2025-11-06 19:44:32,756 - __main__ - INFO - 56 - === Iniciando la aplicación ===
2025-11-06 19:44:32,756 - __main__ - INFO - 28 - Iniciando configuración de la aplicación El Porteño - Index
- Versión: 3.0.0
2025-11-06 19:44:32,824 - database.connection - INFO - 26 - Conexión establecida
2025-11-06 19:44:32,824 - __main__ - INFO - 64 - Creando ventana principal
2025-11-06 19:44:32,825 - ui.main_window - INFO - 35 - Creando widgets en MainWindow
2025-11-06 19:44:32,826 - ui.main_window - INFO - 63 - --- CREANDO PÁGINA REVISTAS ---
2025-11-06 19:44:32,854 - ui.main_window - INFO - 230 - --- FINALIZADA PÁGINA REVISTAS ---
2025-11-06 19:44:32,854 - ui.main_window - INFO - 236 - --- CREANDO PÁGINA AUTORES ---
2025-11-06 19:44:32,861 - ui.main_window - INFO - 358 - --- FINALIZADA PÁGINA AUTORES ---
2025-11-06 19:44:32,861 - ui.main_window - INFO - 363 - --- CREANDO PÁGINA TEMAS ---
2025-11-06 19:44:32,867 - ui.main_window - INFO - 424 - --- FINALIZADA PÁGINA TEMAS ---
2025-11-06 19:44:32,867 - ui.main_window - INFO - 429 - --- CREANDO PÁGINA ANALISIS ---
2025-11-06 19:44:32,875 - ui.main_window - INFO - 493 - --- FINALIZADA PÁGINA ANALISIS ---
2025-11-06 19:44:32,875 - ui.main_window - INFO - 495 - --- INICIO PROCEDIMIENTOS INCIALES ---
2025-11-06 19:44:32,875 - ui.main_window - INFO - 497 - --- FIN DE MAIN WINDOW ---
2025-11-06 19:44:33,175 - __main__ - INFO - 72 - Ventana principal mostrada - Se inicia Main loop
2025-11-06 19:44:38,217 - database.connection - INFO - 37 - Conexión cerrada
2025-11-06 19:44:38,219 - __main__ - INFO - 77 - === Aplicación finalizada correctamente ===
2025-11-06 19:45:00,157 - __main__ - INFO - 56 - === Iniciando la aplicación ===
2025-11-06 19:45:00,157 - __main__ - INFO - 28 - Iniciando configuración de la aplicación El Porteño - Index
- Versión: 3.0.0
2025-11-06 19:45:00,223 - database.connection - INFO - 26 - Conexión establecida
2025-11-06 19:45:00,223 - __main__ - INFO - 64 - Creando ventana principal
2025-11-06 19:45:00,224 - ui.main_window - INFO - 35 - Creando widgets en MainWindow
2025-11-06 19:45:00,225 - ui.main_window - INFO - 63 - --- CREANDO PÁGINA REVISTAS ---
2025-11-06 19:45:00,253 - ui.main_window - INFO - 230 - --- FINALIZADA PÁGINA REVISTAS ---
2025-11-06 19:45:00,253 - ui.main_window - INFO - 236 - --- CREANDO PÁGINA AUTORES ---
2025-11-06 19:45:00,260 - ui.main_window - INFO - 358 - --- FINALIZADA PÁGINA AUTORES ---
2025-11-06 19:45:00,260 - ui.main_window - INFO - 363 - --- CREANDO PÁGINA TEMAS ---
2025-11-06 19:45:00,266 - ui.main_window - INFO - 424 - --- FINALIZADA PÁGINA TEMAS ---
2025-11-06 19:45:00,266 - ui.main_window - INFO - 429 - --- CREANDO PÁGINA ANALISIS ---
2025-11-06 19:45:00,273 - ui.main_window - INFO - 493 - --- FINALIZADA PÁGINA ANALISIS ---
2025-11-06 19:45:00,273 - ui.main_window - INFO - 495 - --- INICIO PROCEDIMIENTOS INCIALES ---
2025-11-06 19:45:00,273 - ui.main_window - INFO - 497 - --- FIN DE MAIN WINDOW ---
2025-11-06 19:45:00,590 - __main__ - INFO - 72 - Ventana principal mostrada - Se inicia Main loop
2025-11-06 19:45:09,011 - database.connection - INFO - 37 - Conexión cerrada
2025-11-06 19:45:09,013 - __main__ - INFO - 77 - === Aplicación finalizada correctamente ===
2025-11-06 19:46:55,913 - __main__ - INFO - 56 - === Iniciando la aplicación ===
2025-11-06 19:46:55,913 - __main__ - INFO - 28 - Iniciando configuración de la aplicación El Porteño - Index
- Versión: 3.0.0
2025-11-06 19:46:55,980 - database.connection - INFO - 26 - Conexión establecida
2025-11-06 19:46:55,980 - __main__ - INFO - 64 - Creando ventana principal
2025-11-06 19:46:55,981 - ui.main_window - INFO - 35 - Creando widgets en MainWindow
2025-11-06 19:46:55,982 - ui.main_window - INFO - 63 - --- CREANDO PÁGINA REVISTAS ---
2025-11-06 19:46:56,010 - ui.main_window - INFO - 230 - --- FINALIZADA PÁGINA REVISTAS ---
2025-11-06 19:46:56,011 - ui.main_window - INFO - 236 - --- CREANDO PÁGINA AUTORES ---
2025-11-06 19:46:56,021 - ui.main_window - INFO - 358 - --- FINALIZADA PÁGINA AUTORES ---
2025-11-06 19:46:56,021 - ui.main_window - INFO - 363 - --- CREANDO PÁGINA TEMAS ---
2025-11-06 19:46:56,030 - ui.main_window - INFO - 424 - --- FINALIZADA PÁGINA TEMAS ---
2025-11-06 19:46:56,030 - ui.main_window - INFO - 429 - --- CREANDO PÁGINA ANALISIS ---
2025-11-06 19:46:56,039 - ui.main_window - INFO - 493 - --- FINALIZADA PÁGINA ANALISIS ---
2025-11-06 19:46:56,039 - ui.main_window - INFO - 495 - --- INICIO PROCEDIMIENTOS INCIALES ---
2025-11-06 19:46:56,039 - ui.main_window - INFO - 497 - --- FIN DE MAIN WINDOW ---
2025-11-06 19:46:56,347 - __main__ - INFO - 72 - Ventana principal mostrada - Se inicia Main loop
2025-11-06 19:47:04,387 - database.connection - INFO - 37 - Conexión cerrada
2025-11-06 19:47:04,389 - __main__ - INFO - 77 - === Aplicación finalizada correctamente ===
2025-11-06 19:53:15,481 - __main__ - INFO - 56 - === Iniciando la aplicación ===
2025-11-06 19:53:15,482 - __main__ - INFO - 28 - Iniciando configuración de la aplicación El Porteño - Index
- Versión: 3.0.0
2025-11-06 19:53:15,568 - database.connection - INFO - 26 - Conexión establecida
2025-11-06 19:53:15,568 - __main__ - INFO - 64 - Creando ventana principal
2025-11-06 19:53:15,569 - ui.main_window - INFO - 35 - Creando widgets en MainWindow
2025-11-06 19:53:15,570 - ui.main_window - INFO - 63 - --- CREANDO PÁGINA REVISTAS ---
2025-11-06 19:53:15,627 - ui.main_window - INFO - 230 - --- FINALIZADA PÁGINA REVISTAS ---
2025-11-06 19:53:15,627 - ui.main_window - INFO - 236 - --- CREANDO PÁGINA AUTORES ---
2025-11-06 19:53:15,640 - ui.main_window - INFO - 358 - --- FINALIZADA PÁGINA AUTORES ---
2025-11-06 19:53:15,640 - ui.main_window - INFO - 363 - --- CREANDO PÁGINA TEMAS ---
2025-11-06 19:53:15,650 - ui.main_window - INFO - 424 - --- FINALIZADA PÁGINA TEMAS ---
2025-11-06 19:53:15,650 - ui.main_window - INFO - 429 - --- CREANDO PÁGINA ANALISIS ---
2025-11-06 19:53:15,662 - ui.main_window - INFO - 493 - --- FINALIZADA PÁGINA ANALISIS ---
2025-11-06 19:53:15,662 - ui.main_window - INFO - 495 - --- INICIO PROCEDIMIENTOS INCIALES ---
2025-11-06 19:53:15,662 - ui.main_window - INFO - 497 - --- FIN DE MAIN WINDOW ---
2025-11-06 19:53:16,035 - __main__ - INFO - 72 - Ventana principal mostrada - Se inicia Main loop
2025-11-06 19:53:37,842 - database.connection - INFO - 37 - Conexión cerrada
2025-11-06 19:53:37,844 - __main__ - INFO - 77 - === Aplicación finalizada correctamente ===
2025-11-06 19:56:16,852 - __main__ - INFO - 56 - === Iniciando la aplicación ===
2025-11-06 19:56:16,852 - __main__ - INFO - 28 - Iniciando configuración de la aplicación El Porteño - Index
- Versión: 3.0.0
2025-11-06 19:56:16,919 - database.connection - INFO - 26 - Conexión establecida
2025-11-06 19:56:16,920 - __main__ - INFO - 64 - Creando ventana principal
2025-11-06 19:56:16,921 - ui.main_window - INFO - 35 - Creando widgets en MainWindow
2025-11-06 19:56:16,921 - ui.main_window - INFO - 63 - --- CREANDO PÁGINA REVISTAS ---
2025-11-06 19:56:16,953 - ui.main_window - INFO - 230 - --- FINALIZADA PÁGINA REVISTAS ---
2025-11-06 19:56:16,953 - ui.main_window - INFO - 236 - --- CREANDO PÁGINA AUTORES ---
2025-11-06 19:56:16,962 - ui.main_window - INFO - 358 - --- FINALIZADA PÁGINA AUTORES ---
2025-11-06 19:56:16,962 - ui.main_window - INFO - 363 - --- CREANDO PÁGINA TEMAS ---
2025-11-06 19:56:16,971 - ui.main_window - INFO - 424 - --- FINALIZADA PÁGINA TEMAS ---
2025-11-06 19:56:16,971 - ui.main_window - INFO - 429 - --- CREANDO PÁGINA ANALISIS ---
2025-11-06 19:56:16,985 - ui.main_window - INFO - 493 - --- FINALIZADA PÁGINA ANALISIS ---
2025-11-06 19:56:16,985 - ui.main_window - INFO - 495 - --- INICIO PROCEDIMIENTOS INCIALES ---
2025-11-06 19:56:16,985 - ui.main_window - INFO - 497 - --- FIN DE MAIN WINDOW ---
2025-11-06 19:56:17,292 - __main__ - INFO - 72 - Ventana principal mostrada - Se inicia Main loop
2025-11-06 19:56:20,269 - __main__ - ERROR - 49 - Excepción no manejada:
Traceback (most recent call last):
  File "/home/luc/Documents/10_Archivo/Revistas/El Porteño/ui/main_window.py", line 981, in bt_agregar_nota_en_revista_clicked
    window_nota = DialogNotas(self.app_state)
                  ^^^^^^^^^^^^^^^^^^^^^^^^^^^
  File "/home/luc/Documents/10_Archivo/Revistas/El Porteño/ui/notas_window.py", line 14, in __init__
    self._setup_ui()
  File "/home/luc/Documents/10_Archivo/Revistas/El Porteño/ui/notas_window.py", line 79, in _setup_ui
    grid.attahc(lb_tipo, 1, 3, 1, 1)
    ^^^^^^^^^^^
AttributeError: 'Grid' object has no attribute 'attahc'. Did you mean: 'attach'?
2025-11-06 19:56:34,836 - __main__ - INFO - 56 - === Iniciando la aplicación ===
2025-11-06 19:56:34,836 - __main__ - INFO - 28 - Iniciando configuración de la aplicación El Porteño - Index
- Versión: 3.0.0
2025-11-06 19:56:34,904 - database.connection - INFO - 26 - Conexión establecida
2025-11-06 19:56:34,904 - __main__ - INFO - 64 - Creando ventana principal
2025-11-06 19:56:34,905 - ui.main_window - INFO - 35 - Creando widgets en MainWindow
2025-11-06 19:56:34,906 - ui.main_window - INFO - 63 - --- CREANDO PÁGINA REVISTAS ---
2025-11-06 19:56:34,934 - ui.main_window - INFO - 230 - --- FINALIZADA PÁGINA REVISTAS ---
2025-11-06 19:56:34,934 - ui.main_window - INFO - 236 - --- CREANDO PÁGINA AUTORES ---
2025-11-06 19:56:34,943 - ui.main_window - INFO - 358 - --- FINALIZADA PÁGINA AUTORES ---
2025-11-06 19:56:34,943 - ui.main_window - INFO - 363 - --- CREANDO PÁGINA TEMAS ---
2025-11-06 19:56:34,954 - ui.main_window - INFO - 424 - --- FINALIZADA PÁGINA TEMAS ---
2025-11-06 19:56:34,954 - ui.main_window - INFO - 429 - --- CREANDO PÁGINA ANALISIS ---
2025-11-06 19:56:34,966 - ui.main_window - INFO - 493 - --- FINALIZADA PÁGINA ANALISIS ---
2025-11-06 19:56:34,966 - ui.main_window - INFO - 495 - --- INICIO PROCEDIMIENTOS INCIALES ---
2025-11-06 19:56:34,966 - ui.main_window - INFO - 497 - --- FIN DE MAIN WINDOW ---
2025-11-06 19:56:35,468 - __main__ - INFO - 72 - Ventana principal mostrada - Se inicia Main loop
2025-11-06 19:56:50,690 - database.connection - INFO - 37 - Conexión cerrada
2025-11-06 19:56:50,692 - __main__ - INFO - 77 - === Aplicación finalizada correctamente ===
2025-11-06 19:59:12,437 - __main__ - INFO - 56 - === Iniciando la aplicación ===
2025-11-06 19:59:12,437 - __main__ - INFO - 28 - Iniciando configuración de la aplicación El Porteño - Index
- Versión: 3.0.0
2025-11-06 19:59:12,515 - database.connection - INFO - 26 - Conexión establecida
2025-11-06 19:59:12,515 - __main__ - INFO - 64 - Creando ventana principal
2025-11-06 19:59:12,516 - ui.main_window - INFO - 35 - Creando widgets en MainWindow
2025-11-06 19:59:12,518 - ui.main_window - INFO - 63 - --- CREANDO PÁGINA REVISTAS ---
2025-11-06 19:59:12,552 - ui.main_window - INFO - 230 - --- FINALIZADA PÁGINA REVISTAS ---
2025-11-06 19:59:12,552 - ui.main_window - INFO - 236 - --- CREANDO PÁGINA AUTORES ---
2025-11-06 19:59:12,561 - ui.main_window - INFO - 358 - --- FINALIZADA PÁGINA AUTORES ---
2025-11-06 19:59:12,561 - ui.main_window - INFO - 363 - --- CREANDO PÁGINA TEMAS ---
2025-11-06 19:59:12,567 - ui.main_window - INFO - 424 - --- FINALIZADA PÁGINA TEMAS ---
2025-11-06 19:59:12,568 - ui.main_window - INFO - 429 - --- CREANDO PÁGINA ANALISIS ---
2025-11-06 19:59:12,576 - ui.main_window - INFO - 493 - --- FINALIZADA PÁGINA ANALISIS ---
2025-11-06 19:59:12,576 - ui.main_window - INFO - 495 - --- INICIO PROCEDIMIENTOS INCIALES ---
2025-11-06 19:59:12,576 - ui.main_window - INFO - 497 - --- FIN DE MAIN WINDOW ---
2025-11-06 19:59:12,915 - __main__ - INFO - 72 - Ventana principal mostrada - Se inicia Main loop
2025-11-06 19:59:37,434 - database.connection - INFO - 37 - Conexión cerrada
2025-11-06 19:59:37,438 - __main__ - INFO - 77 - === Aplicación finalizada correctamente ===
2025-11-06 20:18:21,240 - __main__ - INFO - 56 - === Iniciando la aplicación ===
2025-11-06 20:18:21,240 - __main__ - INFO - 28 - Iniciando configuración de la aplicación El Porteño - Index
- Versión: 3.0.0
2025-11-06 20:18:21,339 - database.connection - INFO - 26 - Conexión establecida
2025-11-06 20:18:21,339 - __main__ - INFO - 64 - Creando ventana principal
2025-11-06 20:18:21,340 - ui.main_window - INFO - 35 - Creando widgets en MainWindow
2025-11-06 20:18:21,341 - ui.main_window - INFO - 63 - --- CREANDO PÁGINA REVISTAS ---
2025-11-06 20:18:21,373 - ui.main_window - INFO - 230 - --- FINALIZADA PÁGINA REVISTAS ---
2025-11-06 20:18:21,373 - ui.main_window - INFO - 236 - --- CREANDO PÁGINA AUTORES ---
2025-11-06 20:18:21,381 - ui.main_window - INFO - 358 - --- FINALIZADA PÁGINA AUTORES ---
2025-11-06 20:18:21,381 - ui.main_window - INFO - 363 - --- CREANDO PÁGINA TEMAS ---
2025-11-06 20:18:21,387 - ui.main_window - INFO - 424 - --- FINALIZADA PÁGINA TEMAS ---
2025-11-06 20:18:21,387 - ui.main_window - INFO - 429 - --- CREANDO PÁGINA ANALISIS ---
2025-11-06 20:18:21,394 - ui.main_window - INFO - 493 - --- FINALIZADA PÁGINA ANALISIS ---
2025-11-06 20:18:21,394 - ui.main_window - INFO - 495 - --- INICIO PROCEDIMIENTOS INCIALES ---
2025-11-06 20:18:21,394 - ui.main_window - INFO - 497 - --- FIN DE MAIN WINDOW ---
2025-11-06 20:18:21,698 - __main__ - INFO - 72 - Ventana principal mostrada - Se inicia Main loop
2025-11-06 20:18:50,192 - database.connection - INFO - 37 - Conexión cerrada
2025-11-06 20:18:50,194 - __main__ - INFO - 77 - === Aplicación finalizada correctamente ===
2025-11-06 20:18:51,419 - __main__ - INFO - 56 - === Iniciando la aplicación ===
2025-11-06 20:18:51,419 - __main__ - INFO - 28 - Iniciando configuración de la aplicación El Porteño - Index
- Versión: 3.0.0
2025-11-06 20:18:51,494 - database.connection - INFO - 26 - Conexión establecida
2025-11-06 20:18:51,494 - __main__ - INFO - 64 - Creando ventana principal
2025-11-06 20:18:51,496 - ui.main_window - INFO - 35 - Creando widgets en MainWindow
2025-11-06 20:18:51,497 - ui.main_window - INFO - 63 - --- CREANDO PÁGINA REVISTAS ---
2025-11-06 20:18:51,565 - ui.main_window - INFO - 230 - --- FINALIZADA PÁGINA REVISTAS ---
2025-11-06 20:18:51,565 - ui.main_window - INFO - 236 - --- CREANDO PÁGINA AUTORES ---
2025-11-06 20:18:51,582 - ui.main_window - INFO - 358 - --- FINALIZADA PÁGINA AUTORES ---
2025-11-06 20:18:51,582 - ui.main_window - INFO - 363 - --- CREANDO PÁGINA TEMAS ---
2025-11-06 20:18:51,593 - ui.main_window - INFO - 424 - --- FINALIZADA PÁGINA TEMAS ---
2025-11-06 20:18:51,593 - ui.main_window - INFO - 429 - --- CREANDO PÁGINA ANALISIS ---
2025-11-06 20:18:51,606 - ui.main_window - INFO - 493 - --- FINALIZADA PÁGINA ANALISIS ---
2025-11-06 20:18:51,606 - ui.main_window - INFO - 495 - --- INICIO PROCEDIMIENTOS INCIALES ---
2025-11-06 20:18:51,606 - ui.main_window - INFO - 497 - --- FIN DE MAIN WINDOW ---
2025-11-06 20:18:52,098 - __main__ - INFO - 72 - Ventana principal mostrada - Se inicia Main loop
2025-11-06 20:18:59,591 - database.connection - INFO - 37 - Conexión cerrada
2025-11-06 20:18:59,593 - __main__ - INFO - 77 - === Aplicación finalizada correctamente ===
2025-11-06 20:21:03,573 - __main__ - INFO - 56 - === Iniciando la aplicación ===
2025-11-06 20:21:03,574 - __main__ - INFO - 28 - Iniciando configuración de la aplicación El Porteño - Index
- Versión: 3.0.0
2025-11-06 20:21:03,653 - database.connection - INFO - 26 - Conexión establecida
2025-11-06 20:21:03,654 - __main__ - INFO - 64 - Creando ventana principal
2025-11-06 20:21:03,655 - ui.main_window - INFO - 35 - Creando widgets en MainWindow
2025-11-06 20:21:03,657 - ui.main_window - INFO - 63 - --- CREANDO PÁGINA REVISTAS ---
2025-11-06 20:21:03,712 - ui.main_window - INFO - 230 - --- FINALIZADA PÁGINA REVISTAS ---
2025-11-06 20:21:03,712 - ui.main_window - INFO - 236 - --- CREANDO PÁGINA AUTORES ---
2025-11-06 20:21:03,723 - ui.main_window - INFO - 358 - --- FINALIZADA PÁGINA AUTORES ---
2025-11-06 20:21:03,724 - ui.main_window - INFO - 363 - --- CREANDO PÁGINA TEMAS ---
2025-11-06 20:21:03,731 - ui.main_window - INFO - 424 - --- FINALIZADA PÁGINA TEMAS ---
2025-11-06 20:21:03,731 - ui.main_window - INFO - 429 - --- CREANDO PÁGINA ANALISIS ---
2025-11-06 20:21:03,738 - ui.main_window - INFO - 493 - --- FINALIZADA PÁGINA ANALISIS ---
2025-11-06 20:21:03,738 - ui.main_window - INFO - 495 - --- INICIO PROCEDIMIENTOS INCIALES ---
2025-11-06 20:21:03,738 - ui.main_window - INFO - 497 - --- FIN DE MAIN WINDOW ---
2025-11-06 20:21:04,052 - __main__ - INFO - 72 - Ventana principal mostrada - Se inicia Main loop
2025-11-06 20:30:21,750 - database.connection - INFO - 37 - Conexión cerrada
2025-11-06 20:30:21,752 - __main__ - INFO - 77 - === Aplicación finalizada correctamente ===
2025-11-06 20:59:49,317 - __main__ - INFO - 56 - === Iniciando la aplicación ===
2025-11-06 20:59:49,317 - __main__ - INFO - 28 - Iniciando configuración de la aplicación El Porteño - Index
- Versión: 3.0.0
2025-11-06 20:59:49,367 - database.connection - INFO - 26 - Conexión establecida
2025-11-06 20:59:49,367 - __main__ - INFO - 64 - Creando ventana principal
2025-11-06 20:59:49,367 - ui.main_window - INFO - 35 - Creando widgets en MainWindow
2025-11-06 20:59:49,368 - ui.main_window - INFO - 63 - --- CREANDO PÁGINA REVISTAS ---
2025-11-06 20:59:49,388 - ui.main_window - INFO - 230 - --- FINALIZADA PÁGINA REVISTAS ---
2025-11-06 20:59:49,388 - ui.main_window - INFO - 236 - --- CREANDO PÁGINA AUTORES ---
2025-11-06 20:59:49,394 - ui.main_window - INFO - 358 - --- FINALIZADA PÁGINA AUTORES ---
2025-11-06 20:59:49,394 - ui.main_window - INFO - 363 - --- CREANDO PÁGINA TEMAS ---
2025-11-06 20:59:49,398 - ui.main_window - INFO - 424 - --- FINALIZADA PÁGINA TEMAS ---
2025-11-06 20:59:49,398 - ui.main_window - INFO - 429 - --- CREANDO PÁGINA ANALISIS ---
2025-11-06 20:59:49,403 - ui.main_window - INFO - 493 - --- FINALIZADA PÁGINA ANALISIS ---
2025-11-06 20:59:49,403 - ui.main_window - INFO - 495 - --- INICIO PROCEDIMIENTOS INCIALES ---
2025-11-06 20:59:49,403 - ui.main_window - INFO - 497 - --- FIN DE MAIN WINDOW ---
2025-11-06 20:59:49,605 - __main__ - INFO - 72 - Ventana principal mostrada - Se inicia Main loop
2025-11-06 20:59:51,200 - __main__ - ERROR - 49 - Excepción no manejada:
Traceback (most recent call last):
  File "/home/luc/Documents/10_Archivo/Revistas/El Porteño/ui/main_window.py", line 981, in bt_agregar_nota_en_revista_clicked
    window_nota = DialogNotas(self.app_state)
                  ^^^^^^^^^^^^^^^^^^^^^^^^^^^
  File "/home/luc/Documents/10_Archivo/Revistas/El Porteño/ui/notas_window.py", line 14, in __init__
    self._setup_ui()
  File "/home/luc/Documents/10_Archivo/Revistas/El Porteño/ui/notas_window.py", line 73, in _setup_ui
    self.lista_autores = ListaMulti()
                         ^^^^^^^^^^^^
  File "/home/luc/Documents/10_Archivo/Revistas/El Porteño/ui/widgets.py", line 91, in __init__
    self.scroll.add(self.tv)
    ^^^^^^^^^^^
AttributeError: 'ListaMulti' object has no attribute 'scroll'
2025-11-06 21:00:09,041 - __main__ - INFO - 56 - === Iniciando la aplicación ===
2025-11-06 21:00:09,041 - __main__ - INFO - 28 - Iniciando configuración de la aplicación El Porteño - Index
- Versión: 3.0.0
2025-11-06 21:00:09,109 - database.connection - INFO - 26 - Conexión establecida
2025-11-06 21:00:09,109 - __main__ - INFO - 64 - Creando ventana principal
2025-11-06 21:00:09,110 - ui.main_window - INFO - 35 - Creando widgets en MainWindow
2025-11-06 21:00:09,110 - ui.main_window - INFO - 63 - --- CREANDO PÁGINA REVISTAS ---
2025-11-06 21:00:09,132 - ui.main_window - INFO - 230 - --- FINALIZADA PÁGINA REVISTAS ---
2025-11-06 21:00:09,132 - ui.main_window - INFO - 236 - --- CREANDO PÁGINA AUTORES ---
2025-11-06 21:00:09,137 - ui.main_window - INFO - 358 - --- FINALIZADA PÁGINA AUTORES ---
2025-11-06 21:00:09,137 - ui.main_window - INFO - 363 - --- CREANDO PÁGINA TEMAS ---
2025-11-06 21:00:09,141 - ui.main_window - INFO - 424 - --- FINALIZADA PÁGINA TEMAS ---
2025-11-06 21:00:09,141 - ui.main_window - INFO - 429 - --- CREANDO PÁGINA ANALISIS ---
2025-11-06 21:00:09,146 - ui.main_window - INFO - 493 - --- FINALIZADA PÁGINA ANALISIS ---
2025-11-06 21:00:09,146 - ui.main_window - INFO - 495 - --- INICIO PROCEDIMIENTOS INCIALES ---
2025-11-06 21:00:09,146 - ui.main_window - INFO - 497 - --- FIN DE MAIN WINDOW ---
2025-11-06 21:00:09,341 - __main__ - INFO - 72 - Ventana principal mostrada - Se inicia Main loop
2025-11-06 21:01:41,369 - database.connection - INFO - 37 - Conexión cerrada
2025-11-06 21:01:41,370 - __main__ - INFO - 77 - === Aplicación finalizada correctamente ===
2025-11-06 21:01:42,455 - __main__ - INFO - 56 - === Iniciando la aplicación ===
2025-11-06 21:01:42,455 - __main__ - INFO - 28 - Iniciando configuración de la aplicación El Porteño - Index
- Versión: 3.0.0
2025-11-06 21:01:42,505 - database.connection - INFO - 26 - Conexión establecida
2025-11-06 21:01:42,505 - __main__ - INFO - 64 - Creando ventana principal
2025-11-06 21:01:42,505 - ui.main_window - INFO - 35 - Creando widgets en MainWindow
2025-11-06 21:01:42,506 - ui.main_window - INFO - 63 - --- CREANDO PÁGINA REVISTAS ---
2025-11-06 21:01:42,525 - ui.main_window - INFO - 230 - --- FINALIZADA PÁGINA REVISTAS ---
2025-11-06 21:01:42,525 - ui.main_window - INFO - 236 - --- CREANDO PÁGINA AUTORES ---
2025-11-06 21:01:42,530 - ui.main_window - INFO - 358 - --- FINALIZADA PÁGINA AUTORES ---
2025-11-06 21:01:42,530 - ui.main_window - INFO - 363 - --- CREANDO PÁGINA TEMAS ---
2025-11-06 21:01:42,534 - ui.main_window - INFO - 424 - --- FINALIZADA PÁGINA TEMAS ---
2025-11-06 21:01:42,534 - ui.main_window - INFO - 429 - --- CREANDO PÁGINA ANALISIS ---
2025-11-06 21:01:42,539 - ui.main_window - INFO - 493 - --- FINALIZADA PÁGINA ANALISIS ---
2025-11-06 21:01:42,539 - ui.main_window - INFO - 495 - --- INICIO PROCEDIMIENTOS INCIALES ---
2025-11-06 21:01:42,539 - ui.main_window - INFO - 497 - --- FIN DE MAIN WINDOW ---
2025-11-06 21:01:42,824 - __main__ - INFO - 72 - Ventana principal mostrada - Se inicia Main loop
2025-11-06 21:02:19,214 - database.connection - INFO - 37 - Conexión cerrada
2025-11-06 21:02:19,216 - __main__ - INFO - 77 - === Aplicación finalizada correctamente ===
2025-11-06 21:02:20,103 - __main__ - INFO - 56 - === Iniciando la aplicación ===
2025-11-06 21:02:20,103 - __main__ - INFO - 28 - Iniciando configuración de la aplicación El Porteño - Index
- Versión: 3.0.0
2025-11-06 21:02:20,152 - database.connection - INFO - 26 - Conexión establecida
2025-11-06 21:02:20,152 - __main__ - INFO - 64 - Creando ventana principal
2025-11-06 21:02:20,153 - ui.main_window - INFO - 35 - Creando widgets en MainWindow
2025-11-06 21:02:20,153 - ui.main_window - INFO - 63 - --- CREANDO PÁGINA REVISTAS ---
2025-11-06 21:02:20,174 - ui.main_window - INFO - 230 - --- FINALIZADA PÁGINA REVISTAS ---
2025-11-06 21:02:20,174 - ui.main_window - INFO - 236 - --- CREANDO PÁGINA AUTORES ---
2025-11-06 21:02:20,179 - ui.main_window - INFO - 358 - --- FINALIZADA PÁGINA AUTORES ---
2025-11-06 21:02:20,179 - ui.main_window - INFO - 363 - --- CREANDO PÁGINA TEMAS ---
2025-11-06 21:02:20,183 - ui.main_window - INFO - 424 - --- FINALIZADA PÁGINA TEMAS ---
2025-11-06 21:02:20,183 - ui.main_window - INFO - 429 - --- CREANDO PÁGINA ANALISIS ---
2025-11-06 21:02:20,188 - ui.main_window - INFO - 493 - --- FINALIZADA PÁGINA ANALISIS ---
2025-11-06 21:02:20,188 - ui.main_window - INFO - 495 - --- INICIO PROCEDIMIENTOS INCIALES ---
2025-11-06 21:02:20,188 - ui.main_window - INFO - 497 - --- FIN DE MAIN WINDOW ---
2025-11-06 21:02:20,449 - __main__ - INFO - 72 - Ventana principal mostrada - Se inicia Main loop
2025-11-06 21:02:43,574 - database.connection - INFO - 37 - Conexión cerrada
2025-11-06 21:02:43,577 - __main__ - INFO - 77 - === Aplicación finalizada correctamente ===
2025-11-06 21:02:44,747 - __main__ - INFO - 56 - === Iniciando la aplicación ===
2025-11-06 21:02:44,747 - __main__ - INFO - 28 - Iniciando configuración de la aplicación El Porteño - Index
- Versión: 3.0.0
2025-11-06 21:02:44,799 - database.connection - INFO - 26 - Conexión establecida
2025-11-06 21:02:44,799 - __main__ - INFO - 64 - Creando ventana principal
2025-11-06 21:02:44,800 - ui.main_window - INFO - 35 - Creando widgets en MainWindow
2025-11-06 21:02:44,801 - ui.main_window - INFO - 63 - --- CREANDO PÁGINA REVISTAS ---
2025-11-06 21:02:44,827 - ui.main_window - INFO - 230 - --- FINALIZADA PÁGINA REVISTAS ---
2025-11-06 21:02:44,827 - ui.main_window - INFO - 236 - --- CREANDO PÁGINA AUTORES ---
2025-11-06 21:02:44,832 - ui.main_window - INFO - 358 - --- FINALIZADA PÁGINA AUTORES ---
2025-11-06 21:02:44,832 - ui.main_window - INFO - 363 - --- CREANDO PÁGINA TEMAS ---
2025-11-06 21:02:44,836 - ui.main_window - INFO - 424 - --- FINALIZADA PÁGINA TEMAS ---
2025-11-06 21:02:44,836 - ui.main_window - INFO - 429 - --- CREANDO PÁGINA ANALISIS ---
2025-11-06 21:02:44,841 - ui.main_window - INFO - 493 - --- FINALIZADA PÁGINA ANALISIS ---
2025-11-06 21:02:44,841 - ui.main_window - INFO - 495 - --- INICIO PROCEDIMIENTOS INCIALES ---
2025-11-06 21:02:44,841 - ui.main_window - INFO - 497 - --- FIN DE MAIN WINDOW ---
2025-11-06 21:02:45,122 - __main__ - INFO - 72 - Ventana principal mostrada - Se inicia Main loop
2025-11-06 21:04:07,259 - __main__ - INFO - 56 - === Iniciando la aplicación ===
2025-11-06 21:04:07,260 - __main__ - INFO - 28 - Iniciando configuración de la aplicación El Porteño - Index
- Versión: 3.0.0
2025-11-06 21:04:07,316 - database.connection - INFO - 26 - Conexión establecida
2025-11-06 21:04:07,316 - __main__ - INFO - 64 - Creando ventana principal
2025-11-06 21:04:07,317 - ui.main_window - INFO - 35 - Creando widgets en MainWindow
2025-11-06 21:04:07,317 - ui.main_window - INFO - 63 - --- CREANDO PÁGINA REVISTAS ---
2025-11-06 21:04:07,337 - ui.main_window - INFO - 230 - --- FINALIZADA PÁGINA REVISTAS ---
2025-11-06 21:04:07,337 - ui.main_window - INFO - 236 - --- CREANDO PÁGINA AUTORES ---
2025-11-06 21:04:07,342 - ui.main_window - INFO - 358 - --- FINALIZADA PÁGINA AUTORES ---
2025-11-06 21:04:07,342 - ui.main_window - INFO - 363 - --- CREANDO PÁGINA TEMAS ---
2025-11-06 21:04:07,346 - ui.main_window - INFO - 424 - --- FINALIZADA PÁGINA TEMAS ---
2025-11-06 21:04:07,346 - ui.main_window - INFO - 429 - --- CREANDO PÁGINA ANALISIS ---
2025-11-06 21:04:07,351 - ui.main_window - INFO - 493 - --- FINALIZADA PÁGINA ANALISIS ---
2025-11-06 21:04:07,351 - ui.main_window - INFO - 495 - --- INICIO PROCEDIMIENTOS INCIALES ---
2025-11-06 21:04:07,351 - ui.main_window - INFO - 497 - --- FIN DE MAIN WINDOW ---
2025-11-06 21:04:07,550 - __main__ - INFO - 72 - Ventana principal mostrada - Se inicia Main loop
2025-11-06 21:04:33,014 - database.connection - INFO - 37 - Conexión cerrada
2025-11-06 21:04:33,015 - __main__ - INFO - 77 - === Aplicación finalizada correctamente ===
2025-11-06 21:04:34,351 - __main__ - INFO - 56 - === Iniciando la aplicación ===
2025-11-06 21:04:34,351 - __main__ - INFO - 28 - Iniciando configuración de la aplicación El Porteño - Index
- Versión: 3.0.0
2025-11-06 21:04:34,400 - database.connection - INFO - 26 - Conexión establecida
2025-11-06 21:04:34,400 - __main__ - INFO - 64 - Creando ventana principal
2025-11-06 21:04:34,400 - ui.main_window - INFO - 35 - Creando widgets en MainWindow
2025-11-06 21:04:34,401 - ui.main_window - INFO - 63 - --- CREANDO PÁGINA REVISTAS ---
2025-11-06 21:04:34,421 - ui.main_window - INFO - 230 - --- FINALIZADA PÁGINA REVISTAS ---
2025-11-06 21:04:34,421 - ui.main_window - INFO - 236 - --- CREANDO PÁGINA AUTORES ---
2025-11-06 21:04:34,425 - ui.main_window - INFO - 358 - --- FINALIZADA PÁGINA AUTORES ---
2025-11-06 21:04:34,426 - ui.main_window - INFO - 363 - --- CREANDO PÁGINA TEMAS ---
2025-11-06 21:04:34,429 - ui.main_window - INFO - 424 - --- FINALIZADA PÁGINA TEMAS ---
2025-11-06 21:04:34,429 - ui.main_window - INFO - 429 - --- CREANDO PÁGINA ANALISIS ---
2025-11-06 21:04:34,434 - ui.main_window - INFO - 493 - --- FINALIZADA PÁGINA ANALISIS ---
2025-11-06 21:04:34,434 - ui.main_window - INFO - 495 - --- INICIO PROCEDIMIENTOS INCIALES ---
2025-11-06 21:04:34,434 - ui.main_window - INFO - 497 - --- FIN DE MAIN WINDOW ---
2025-11-06 21:04:34,732 - __main__ - INFO - 72 - Ventana principal mostrada - Se inicia Main loop
2025-11-06 21:05:33,373 - database.connection - INFO - 37 - Conexión cerrada
2025-11-06 21:05:33,375 - __main__ - INFO - 77 - === Aplicación finalizada correctamente ===
2025-11-06 21:09:29,699 - __main__ - INFO - 56 - === Iniciando la aplicación ===
2025-11-06 21:09:29,699 - __main__ - INFO - 28 - Iniciando configuración de la aplicación El Porteño - Index
- Versión: 3.0.0
2025-11-06 21:09:29,751 - database.connection - INFO - 26 - Conexión establecida
2025-11-06 21:09:29,751 - __main__ - INFO - 64 - Creando ventana principal
2025-11-06 21:09:29,752 - ui.main_window - INFO - 35 - Creando widgets en MainWindow
2025-11-06 21:09:29,752 - ui.main_window - INFO - 63 - --- CREANDO PÁGINA REVISTAS ---
2025-11-06 21:09:29,773 - ui.main_window - INFO - 230 - --- FINALIZADA PÁGINA REVISTAS ---
2025-11-06 21:09:29,774 - ui.main_window - INFO - 236 - --- CREANDO PÁGINA AUTORES ---
2025-11-06 21:09:29,779 - ui.main_window - INFO - 358 - --- FINALIZADA PÁGINA AUTORES ---
2025-11-06 21:09:29,779 - ui.main_window - INFO - 363 - --- CREANDO PÁGINA TEMAS ---
2025-11-06 21:09:29,783 - ui.main_window - INFO - 424 - --- FINALIZADA PÁGINA TEMAS ---
2025-11-06 21:09:29,783 - ui.main_window - INFO - 429 - --- CREANDO PÁGINA ANALISIS ---
2025-11-06 21:09:29,788 - ui.main_window - INFO - 493 - --- FINALIZADA PÁGINA ANALISIS ---
2025-11-06 21:09:29,788 - ui.main_window - INFO - 495 - --- INICIO PROCEDIMIENTOS INCIALES ---
2025-11-06 21:09:29,788 - ui.main_window - INFO - 497 - --- FIN DE MAIN WINDOW ---
2025-11-06 21:09:30,024 - __main__ - INFO - 72 - Ventana principal mostrada - Se inicia Main loop
2025-11-06 21:09:31,523 - __main__ - ERROR - 49 - Excepción no manejada:
Traceback (most recent call last):
  File "/home/luc/Documents/10_Archivo/Revistas/El Porteño/ui/main_window.py", line 981, in bt_agregar_nota_en_revista_clicked
    window_nota = DialogNotas(self.app_state)
                  ^^^^^^^^^^^^^^^^^^^^^^^^^^^
  File "/home/luc/Documents/10_Archivo/Revistas/El Porteño/ui/notas_window.py", line 14, in __init__
    self._setup_ui()
  File "/home/luc/Documents/10_Archivo/Revistas/El Porteño/ui/notas_window.py", line 73, in _setup_ui
    self.lista_autores = ListaMulti()
                         ^^^^^^^^^^^^
  File "/home/luc/Documents/10_Archivo/Revistas/El Porteño/ui/widgets.py", line 65, in __init__
    self.set_row_spacing(5)
    ^^^^^^^^^^^^^^^^^^^^
AttributeError: 'ListaMulti' object has no attribute 'set_row_spacing'. Did you mean: 'set_spacing'?
2025-11-06 21:09:46,679 - __main__ - INFO - 56 - === Iniciando la aplicación ===
2025-11-06 21:09:46,679 - __main__ - INFO - 28 - Iniciando configuración de la aplicación El Porteño - Index
- Versión: 3.0.0
2025-11-06 21:09:46,729 - database.connection - INFO - 26 - Conexión establecida
2025-11-06 21:09:46,729 - __main__ - INFO - 64 - Creando ventana principal
2025-11-06 21:09:46,730 - ui.main_window - INFO - 35 - Creando widgets en MainWindow
2025-11-06 21:09:46,731 - ui.main_window - INFO - 63 - --- CREANDO PÁGINA REVISTAS ---
2025-11-06 21:09:46,750 - ui.main_window - INFO - 230 - --- FINALIZADA PÁGINA REVISTAS ---
2025-11-06 21:09:46,750 - ui.main_window - INFO - 236 - --- CREANDO PÁGINA AUTORES ---
2025-11-06 21:09:46,759 - ui.main_window - INFO - 358 - --- FINALIZADA PÁGINA AUTORES ---
2025-11-06 21:09:46,759 - ui.main_window - INFO - 363 - --- CREANDO PÁGINA TEMAS ---
2025-11-06 21:09:46,763 - ui.main_window - INFO - 424 - --- FINALIZADA PÁGINA TEMAS ---
2025-11-06 21:09:46,763 - ui.main_window - INFO - 429 - --- CREANDO PÁGINA ANALISIS ---
2025-11-06 21:09:46,768 - ui.main_window - INFO - 493 - --- FINALIZADA PÁGINA ANALISIS ---
2025-11-06 21:09:46,768 - ui.main_window - INFO - 495 - --- INICIO PROCEDIMIENTOS INCIALES ---
2025-11-06 21:09:46,768 - ui.main_window - INFO - 497 - --- FIN DE MAIN WINDOW ---
2025-11-06 21:09:46,965 - __main__ - INFO - 72 - Ventana principal mostrada - Se inicia Main loop
2025-11-06 21:10:41,576 - database.connection - INFO - 37 - Conexión cerrada
2025-11-06 21:10:41,578 - __main__ - INFO - 77 - === Aplicación finalizada correctamente ===
2025-11-06 21:10:42,778 - __main__ - INFO - 56 - === Iniciando la aplicación ===
2025-11-06 21:10:42,778 - __main__ - INFO - 28 - Iniciando configuración de la aplicación El Porteño - Index
- Versión: 3.0.0
2025-11-06 21:10:42,826 - database.connection - INFO - 26 - Conexión establecida
2025-11-06 21:10:42,826 - __main__ - INFO - 64 - Creando ventana principal
2025-11-06 21:10:42,826 - ui.main_window - INFO - 35 - Creando widgets en MainWindow
2025-11-06 21:10:42,827 - ui.main_window - INFO - 63 - --- CREANDO PÁGINA REVISTAS ---
2025-11-06 21:10:42,847 - ui.main_window - INFO - 230 - --- FINALIZADA PÁGINA REVISTAS ---
2025-11-06 21:10:42,847 - ui.main_window - INFO - 236 - --- CREANDO PÁGINA AUTORES ---
2025-11-06 21:10:42,852 - ui.main_window - INFO - 358 - --- FINALIZADA PÁGINA AUTORES ---
2025-11-06 21:10:42,852 - ui.main_window - INFO - 363 - --- CREANDO PÁGINA TEMAS ---
2025-11-06 21:10:42,856 - ui.main_window - INFO - 424 - --- FINALIZADA PÁGINA TEMAS ---
2025-11-06 21:10:42,856 - ui.main_window - INFO - 429 - --- CREANDO PÁGINA ANALISIS ---
2025-11-06 21:10:42,861 - ui.main_window - INFO - 493 - --- FINALIZADA PÁGINA ANALISIS ---
2025-11-06 21:10:42,861 - ui.main_window - INFO - 495 - --- INICIO PROCEDIMIENTOS INCIALES ---
2025-11-06 21:10:42,861 - ui.main_window - INFO - 497 - --- FIN DE MAIN WINDOW ---
2025-11-06 21:10:43,137 - __main__ - INFO - 72 - Ventana principal mostrada - Se inicia Main loop
2025-11-06 21:11:01,348 - database.connection - INFO - 37 - Conexión cerrada
2025-11-06 21:11:01,349 - __main__ - INFO - 77 - === Aplicación finalizada correctamente ===
2025-11-06 21:11:02,764 - __main__ - INFO - 56 - === Iniciando la aplicación ===
2025-11-06 21:11:02,764 - __main__ - INFO - 28 - Iniciando configuración de la aplicación El Porteño - Index
- Versión: 3.0.0
2025-11-06 21:11:02,815 - database.connection - INFO - 26 - Conexión establecida
2025-11-06 21:11:02,815 - __main__ - INFO - 64 - Creando ventana principal
2025-11-06 21:11:02,815 - ui.main_window - INFO - 35 - Creando widgets en MainWindow
2025-11-06 21:11:02,816 - ui.main_window - INFO - 63 - --- CREANDO PÁGINA REVISTAS ---
2025-11-06 21:11:02,836 - ui.main_window - INFO - 230 - --- FINALIZADA PÁGINA REVISTAS ---
2025-11-06 21:11:02,836 - ui.main_window - INFO - 236 - --- CREANDO PÁGINA AUTORES ---
2025-11-06 21:11:02,841 - ui.main_window - INFO - 358 - --- FINALIZADA PÁGINA AUTORES ---
2025-11-06 21:11:02,841 - ui.main_window - INFO - 363 - --- CREANDO PÁGINA TEMAS ---
2025-11-06 21:11:02,845 - ui.main_window - INFO - 424 - --- FINALIZADA PÁGINA TEMAS ---
2025-11-06 21:11:02,845 - ui.main_window - INFO - 429 - --- CREANDO PÁGINA ANALISIS ---
2025-11-06 21:11:02,850 - ui.main_window - INFO - 493 - --- FINALIZADA PÁGINA ANALISIS ---
2025-11-06 21:11:02,850 - ui.main_window - INFO - 495 - --- INICIO PROCEDIMIENTOS INCIALES ---
2025-11-06 21:11:02,850 - ui.main_window - INFO - 497 - --- FIN DE MAIN WINDOW ---
2025-11-06 21:11:03,146 - __main__ - INFO - 72 - Ventana principal mostrada - Se inicia Main loop
2025-11-06 21:11:32,391 - __main__ - INFO - 56 - === Iniciando la aplicación ===
2025-11-06 21:11:32,391 - __main__ - INFO - 28 - Iniciando configuración de la aplicación El Porteño - Index
- Versión: 3.0.0
2025-11-06 21:11:32,441 - database.connection - INFO - 26 - Conexión establecida
2025-11-06 21:11:32,442 - __main__ - INFO - 64 - Creando ventana principal
2025-11-06 21:11:32,442 - ui.main_window - INFO - 35 - Creando widgets en MainWindow
2025-11-06 21:11:32,443 - ui.main_window - INFO - 63 - --- CREANDO PÁGINA REVISTAS ---
2025-11-06 21:11:32,463 - ui.main_window - INFO - 230 - --- FINALIZADA PÁGINA REVISTAS ---
2025-11-06 21:11:32,463 - ui.main_window - INFO - 236 - --- CREANDO PÁGINA AUTORES ---
2025-11-06 21:11:32,468 - ui.main_window - INFO - 358 - --- FINALIZADA PÁGINA AUTORES ---
2025-11-06 21:11:32,468 - ui.main_window - INFO - 363 - --- CREANDO PÁGINA TEMAS ---
2025-11-06 21:11:32,472 - ui.main_window - INFO - 424 - --- FINALIZADA PÁGINA TEMAS ---
2025-11-06 21:11:32,472 - ui.main_window - INFO - 429 - --- CREANDO PÁGINA ANALISIS ---
2025-11-06 21:11:32,477 - ui.main_window - INFO - 493 - --- FINALIZADA PÁGINA ANALISIS ---
2025-11-06 21:11:32,477 - ui.main_window - INFO - 495 - --- INICIO PROCEDIMIENTOS INCIALES ---
2025-11-06 21:11:32,477 - ui.main_window - INFO - 497 - --- FIN DE MAIN WINDOW ---
2025-11-06 21:11:32,685 - __main__ - INFO - 72 - Ventana principal mostrada - Se inicia Main loop
2025-11-06 21:11:48,106 - database.connection - INFO - 37 - Conexión cerrada
2025-11-06 21:11:48,109 - __main__ - INFO - 77 - === Aplicación finalizada correctamente ===
2025-11-06 21:12:26,618 - __main__ - INFO - 56 - === Iniciando la aplicación ===
2025-11-06 21:12:26,618 - __main__ - INFO - 28 - Iniciando configuración de la aplicación El Porteño - Index
- Versión: 3.0.0
2025-11-06 21:12:26,668 - database.connection - INFO - 26 - Conexión establecida
2025-11-06 21:12:26,668 - __main__ - INFO - 64 - Creando ventana principal
2025-11-06 21:12:26,669 - ui.main_window - INFO - 35 - Creando widgets en MainWindow
2025-11-06 21:12:26,669 - ui.main_window - INFO - 63 - --- CREANDO PÁGINA REVISTAS ---
2025-11-06 21:12:26,689 - ui.main_window - INFO - 230 - --- FINALIZADA PÁGINA REVISTAS ---
2025-11-06 21:12:26,689 - ui.main_window - INFO - 236 - --- CREANDO PÁGINA AUTORES ---
2025-11-06 21:12:26,695 - ui.main_window - INFO - 358 - --- FINALIZADA PÁGINA AUTORES ---
2025-11-06 21:12:26,695 - ui.main_window - INFO - 363 - --- CREANDO PÁGINA TEMAS ---
2025-11-06 21:12:26,699 - ui.main_window - INFO - 424 - --- FINALIZADA PÁGINA TEMAS ---
2025-11-06 21:12:26,699 - ui.main_window - INFO - 429 - --- CREANDO PÁGINA ANALISIS ---
2025-11-06 21:12:26,703 - ui.main_window - INFO - 493 - --- FINALIZADA PÁGINA ANALISIS ---
2025-11-06 21:12:26,703 - ui.main_window - INFO - 495 - --- INICIO PROCEDIMIENTOS INCIALES ---
2025-11-06 21:12:26,703 - ui.main_window - INFO - 497 - --- FIN DE MAIN WINDOW ---
2025-11-06 21:12:26,913 - __main__ - INFO - 72 - Ventana principal mostrada - Se inicia Main loop
2025-11-06 21:12:50,074 - __main__ - INFO - 56 - === Iniciando la aplicación ===
2025-11-06 21:12:50,074 - __main__ - INFO - 28 - Iniciando configuración de la aplicación El Porteño - Index
- Versión: 3.0.0
2025-11-06 21:12:50,125 - database.connection - INFO - 26 - Conexión establecida
2025-11-06 21:12:50,125 - __main__ - INFO - 64 - Creando ventana principal
2025-11-06 21:12:50,125 - ui.main_window - INFO - 35 - Creando widgets en MainWindow
2025-11-06 21:12:50,126 - ui.main_window - INFO - 63 - --- CREANDO PÁGINA REVISTAS ---
2025-11-06 21:12:50,145 - ui.main_window - INFO - 230 - --- FINALIZADA PÁGINA REVISTAS ---
2025-11-06 21:12:50,145 - ui.main_window - INFO - 236 - --- CREANDO PÁGINA AUTORES ---
2025-11-06 21:12:50,150 - ui.main_window - INFO - 358 - --- FINALIZADA PÁGINA AUTORES ---
2025-11-06 21:12:50,150 - ui.main_window - INFO - 363 - --- CREANDO PÁGINA TEMAS ---
2025-11-06 21:12:50,154 - ui.main_window - INFO - 424 - --- FINALIZADA PÁGINA TEMAS ---
2025-11-06 21:12:50,154 - ui.main_window - INFO - 429 - --- CREANDO PÁGINA ANALISIS ---
2025-11-06 21:12:50,159 - ui.main_window - INFO - 493 - --- FINALIZADA PÁGINA ANALISIS ---
2025-11-06 21:12:50,159 - ui.main_window - INFO - 495 - --- INICIO PROCEDIMIENTOS INCIALES ---
2025-11-06 21:12:50,159 - ui.main_window - INFO - 497 - --- FIN DE MAIN WINDOW ---
2025-11-06 21:12:50,364 - __main__ - INFO - 72 - Ventana principal mostrada - Se inicia Main loop
2025-11-06 21:13:16,215 - database.connection - INFO - 37 - Conexión cerrada
2025-11-06 21:13:16,217 - __main__ - INFO - 77 - === Aplicación finalizada correctamente ===
2025-11-06 21:13:17,406 - __main__ - INFO - 56 - === Iniciando la aplicación ===
2025-11-06 21:13:17,406 - __main__ - INFO - 28 - Iniciando configuración de la aplicación El Porteño - Index
- Versión: 3.0.0
2025-11-06 21:13:17,459 - database.connection - INFO - 26 - Conexión establecida
2025-11-06 21:13:17,459 - __main__ - INFO - 64 - Creando ventana principal
2025-11-06 21:13:17,460 - ui.main_window - INFO - 35 - Creando widgets en MainWindow
2025-11-06 21:13:17,461 - ui.main_window - INFO - 63 - --- CREANDO PÁGINA REVISTAS ---
2025-11-06 21:13:17,481 - ui.main_window - INFO - 230 - --- FINALIZADA PÁGINA REVISTAS ---
2025-11-06 21:13:17,481 - ui.main_window - INFO - 236 - --- CREANDO PÁGINA AUTORES ---
2025-11-06 21:13:17,486 - ui.main_window - INFO - 358 - --- FINALIZADA PÁGINA AUTORES ---
2025-11-06 21:13:17,486 - ui.main_window - INFO - 363 - --- CREANDO PÁGINA TEMAS ---
2025-11-06 21:13:17,491 - ui.main_window - INFO - 424 - --- FINALIZADA PÁGINA TEMAS ---
2025-11-06 21:13:17,491 - ui.main_window - INFO - 429 - --- CREANDO PÁGINA ANALISIS ---
2025-11-06 21:13:17,495 - ui.main_window - INFO - 493 - --- FINALIZADA PÁGINA ANALISIS ---
2025-11-06 21:13:17,495 - ui.main_window - INFO - 495 - --- INICIO PROCEDIMIENTOS INCIALES ---
2025-11-06 21:13:17,495 - ui.main_window - INFO - 497 - --- FIN DE MAIN WINDOW ---
2025-11-06 21:13:17,762 - __main__ - INFO - 72 - Ventana principal mostrada - Se inicia Main loop
2025-11-06 21:13:32,942 - database.connection - INFO - 37 - Conexión cerrada
2025-11-06 21:13:32,943 - __main__ - INFO - 77 - === Aplicación finalizada correctamente ===
2025-11-06 21:13:34,129 - __main__ - INFO - 56 - === Iniciando la aplicación ===
2025-11-06 21:13:34,129 - __main__ - INFO - 28 - Iniciando configuración de la aplicación El Porteño - Index
- Versión: 3.0.0
2025-11-06 21:13:34,178 - database.connection - INFO - 26 - Conexión establecida
2025-11-06 21:13:34,178 - __main__ - INFO - 64 - Creando ventana principal
2025-11-06 21:13:34,179 - ui.main_window - INFO - 35 - Creando widgets en MainWindow
2025-11-06 21:13:34,179 - ui.main_window - INFO - 63 - --- CREANDO PÁGINA REVISTAS ---
2025-11-06 21:13:34,199 - ui.main_window - INFO - 230 - --- FINALIZADA PÁGINA REVISTAS ---
2025-11-06 21:13:34,199 - ui.main_window - INFO - 236 - --- CREANDO PÁGINA AUTORES ---
2025-11-06 21:13:34,204 - ui.main_window - INFO - 358 - --- FINALIZADA PÁGINA AUTORES ---
2025-11-06 21:13:34,204 - ui.main_window - INFO - 363 - --- CREANDO PÁGINA TEMAS ---
2025-11-06 21:13:34,208 - ui.main_window - INFO - 424 - --- FINALIZADA PÁGINA TEMAS ---
2025-11-06 21:13:34,208 - ui.main_window - INFO - 429 - --- CREANDO PÁGINA ANALISIS ---
2025-11-06 21:13:34,213 - ui.main_window - INFO - 493 - --- FINALIZADA PÁGINA ANALISIS ---
2025-11-06 21:13:34,213 - ui.main_window - INFO - 495 - --- INICIO PROCEDIMIENTOS INCIALES ---
2025-11-06 21:13:34,213 - ui.main_window - INFO - 497 - --- FIN DE MAIN WINDOW ---
2025-11-06 21:13:34,493 - __main__ - INFO - 72 - Ventana principal mostrada - Se inicia Main loop
2025-11-06 21:17:32,805 - database.connection - INFO - 37 - Conexión cerrada
2025-11-06 21:17:32,806 - __main__ - INFO - 77 - === Aplicación finalizada correctamente ===
2025-11-06 21:17:33,844 - __main__ - INFO - 56 - === Iniciando la aplicación ===
2025-11-06 21:17:33,844 - __main__ - INFO - 28 - Iniciando configuración de la aplicación El Porteño - Index
- Versión: 3.0.0
2025-11-06 21:17:33,899 - database.connection - INFO - 26 - Conexión establecida
2025-11-06 21:17:33,899 - __main__ - INFO - 64 - Creando ventana principal
2025-11-06 21:17:33,899 - ui.main_window - INFO - 35 - Creando widgets en MainWindow
2025-11-06 21:17:33,900 - ui.main_window - INFO - 63 - --- CREANDO PÁGINA REVISTAS ---
2025-11-06 21:17:33,920 - ui.main_window - INFO - 230 - --- FINALIZADA PÁGINA REVISTAS ---
2025-11-06 21:17:33,920 - ui.main_window - INFO - 236 - --- CREANDO PÁGINA AUTORES ---
2025-11-06 21:17:33,925 - ui.main_window - INFO - 358 - --- FINALIZADA PÁGINA AUTORES ---
2025-11-06 21:17:33,925 - ui.main_window - INFO - 363 - --- CREANDO PÁGINA TEMAS ---
2025-11-06 21:17:33,929 - ui.main_window - INFO - 424 - --- FINALIZADA PÁGINA TEMAS ---
2025-11-06 21:17:33,929 - ui.main_window - INFO - 429 - --- CREANDO PÁGINA ANALISIS ---
2025-11-06 21:17:33,934 - ui.main_window - INFO - 493 - --- FINALIZADA PÁGINA ANALISIS ---
2025-11-06 21:17:33,934 - ui.main_window - INFO - 495 - --- INICIO PROCEDIMIENTOS INCIALES ---
2025-11-06 21:17:33,934 - ui.main_window - INFO - 497 - --- FIN DE MAIN WINDOW ---
2025-11-06 21:17:34,215 - __main__ - INFO - 72 - Ventana principal mostrada - Se inicia Main loop
2025-11-06 21:18:29,839 - __main__ - INFO - 56 - === Iniciando la aplicación ===
2025-11-06 21:18:29,839 - __main__ - INFO - 28 - Iniciando configuración de la aplicación El Porteño - Index
- Versión: 3.0.0
2025-11-06 21:18:29,891 - database.connection - INFO - 26 - Conexión establecida
2025-11-06 21:18:29,891 - __main__ - INFO - 64 - Creando ventana principal
2025-11-06 21:18:29,892 - ui.main_window - INFO - 35 - Creando widgets en MainWindow
2025-11-06 21:18:29,893 - ui.main_window - INFO - 63 - --- CREANDO PÁGINA REVISTAS ---
2025-11-06 21:18:29,913 - ui.main_window - INFO - 230 - --- FINALIZADA PÁGINA REVISTAS ---
2025-11-06 21:18:29,913 - ui.main_window - INFO - 236 - --- CREANDO PÁGINA AUTORES ---
2025-11-06 21:18:29,918 - ui.main_window - INFO - 358 - --- FINALIZADA PÁGINA AUTORES ---
2025-11-06 21:18:29,918 - ui.main_window - INFO - 363 - --- CREANDO PÁGINA TEMAS ---
2025-11-06 21:18:29,922 - ui.main_window - INFO - 424 - --- FINALIZADA PÁGINA TEMAS ---
2025-11-06 21:18:29,922 - ui.main_window - INFO - 429 - --- CREANDO PÁGINA ANALISIS ---
2025-11-06 21:18:29,926 - ui.main_window - INFO - 493 - --- FINALIZADA PÁGINA ANALISIS ---
2025-11-06 21:18:29,926 - ui.main_window - INFO - 495 - --- INICIO PROCEDIMIENTOS INCIALES ---
2025-11-06 21:18:29,926 - ui.main_window - INFO - 497 - --- FIN DE MAIN WINDOW ---
2025-11-06 21:18:30,125 - __main__ - INFO - 72 - Ventana principal mostrada - Se inicia Main loop
2025-11-06 21:18:40,167 - database.connection - INFO - 37 - Conexión cerrada
2025-11-06 21:18:40,168 - __main__ - INFO - 77 - === Aplicación finalizada correctamente ===
2025-11-06 21:18:41,688 - __main__ - INFO - 56 - === Iniciando la aplicación ===
2025-11-06 21:18:41,689 - __main__ - INFO - 28 - Iniciando configuración de la aplicación El Porteño - Index
- Versión: 3.0.0
2025-11-06 21:18:41,734 - database.connection - INFO - 26 - Conexión establecida
2025-11-06 21:18:41,735 - __main__ - INFO - 64 - Creando ventana principal
2025-11-06 21:18:41,735 - ui.main_window - INFO - 35 - Creando widgets en MainWindow
2025-11-06 21:18:41,736 - ui.main_window - INFO - 63 - --- CREANDO PÁGINA REVISTAS ---
2025-11-06 21:18:41,756 - ui.main_window - INFO - 230 - --- FINALIZADA PÁGINA REVISTAS ---
2025-11-06 21:18:41,757 - ui.main_window - INFO - 236 - --- CREANDO PÁGINA AUTORES ---
2025-11-06 21:18:41,762 - ui.main_window - INFO - 358 - --- FINALIZADA PÁGINA AUTORES ---
2025-11-06 21:18:41,762 - ui.main_window - INFO - 363 - --- CREANDO PÁGINA TEMAS ---
2025-11-06 21:18:41,766 - ui.main_window - INFO - 424 - --- FINALIZADA PÁGINA TEMAS ---
2025-11-06 21:18:41,766 - ui.main_window - INFO - 429 - --- CREANDO PÁGINA ANALISIS ---
2025-11-06 21:18:41,771 - ui.main_window - INFO - 493 - --- FINALIZADA PÁGINA ANALISIS ---
2025-11-06 21:18:41,771 - ui.main_window - INFO - 495 - --- INICIO PROCEDIMIENTOS INCIALES ---
2025-11-06 21:18:41,771 - ui.main_window - INFO - 497 - --- FIN DE MAIN WINDOW ---
2025-11-06 21:18:42,448 - __main__ - INFO - 72 - Ventana principal mostrada - Se inicia Main loop
2025-11-06 21:18:47,501 - database.connection - INFO - 37 - Conexión cerrada
2025-11-06 21:18:47,502 - __main__ - INFO - 77 - === Aplicación finalizada correctamente ===
2025-11-08 16:57:06,857 - __main__ - INFO - 56 - === Iniciando la aplicación ===
2025-11-08 16:57:06,859 - __main__ - INFO - 28 - Iniciando configuración de la aplicación El Porteño - Index
- Versión: 3.0.0
2025-11-08 16:57:06,974 - database.connection - INFO - 26 - Conexión establecida
2025-11-08 16:57:06,974 - __main__ - INFO - 64 - Creando ventana principal
2025-11-08 16:57:06,975 - ui.main_window - INFO - 35 - Creando widgets en MainWindow
2025-11-08 16:57:06,977 - ui.main_window - INFO - 63 - --- CREANDO PÁGINA REVISTAS ---
2025-11-08 16:57:07,022 - ui.main_window - INFO - 230 - --- FINALIZADA PÁGINA REVISTAS ---
2025-11-08 16:57:07,022 - ui.main_window - INFO - 236 - --- CREANDO PÁGINA AUTORES ---
2025-11-08 16:57:07,035 - ui.main_window - INFO - 358 - --- FINALIZADA PÁGINA AUTORES ---
2025-11-08 16:57:07,035 - ui.main_window - INFO - 363 - --- CREANDO PÁGINA TEMAS ---
2025-11-08 16:57:07,047 - ui.main_window - INFO - 424 - --- FINALIZADA PÁGINA TEMAS ---
2025-11-08 16:57:07,047 - ui.main_window - INFO - 429 - --- CREANDO PÁGINA ANALISIS ---
2025-11-08 16:57:07,059 - ui.main_window - INFO - 493 - --- FINALIZADA PÁGINA ANALISIS ---
2025-11-08 16:57:07,059 - ui.main_window - INFO - 495 - --- INICIO PROCEDIMIENTOS INCIALES ---
2025-11-08 16:57:07,059 - ui.main_window - INFO - 497 - --- FIN DE MAIN WINDOW ---
2025-11-08 16:57:07,642 - __main__ - INFO - 72 - Ventana principal mostrada - Se inicia Main loop
2025-11-09 02:17:33,131 - database.connection - INFO - 37 - Conexión cerrada
2025-11-09 02:17:33,133 - __main__ - INFO - 77 - === Aplicación finalizada correctamente ===
2025-11-11 19:00:36,326 - __main__ - INFO - 56 - === Iniciando la aplicación ===
2025-11-11 19:00:36,327 - __main__ - INFO - 28 - Iniciando configuración de la aplicación El Porteño - Index
- Versión: 3.0.0
2025-11-11 19:00:36,448 - database.connection - INFO - 26 - Conexión establecida
2025-11-11 19:00:36,448 - __main__ - INFO - 64 - Creando ventana principal
2025-11-11 19:00:36,449 - ui.main_window - INFO - 35 - Creando widgets en MainWindow
2025-11-11 19:00:36,451 - ui.main_window - INFO - 63 - --- CREANDO PÁGINA REVISTAS ---
2025-11-11 19:00:36,500 - ui.main_window - INFO - 230 - --- FINALIZADA PÁGINA REVISTAS ---
2025-11-11 19:00:36,500 - ui.main_window - INFO - 236 - --- CREANDO PÁGINA AUTORES ---
2025-11-11 19:00:36,514 - ui.main_window - INFO - 358 - --- FINALIZADA PÁGINA AUTORES ---
2025-11-11 19:00:36,514 - ui.main_window - INFO - 363 - --- CREANDO PÁGINA TEMAS ---
2025-11-11 19:00:36,524 - ui.main_window - INFO - 424 - --- FINALIZADA PÁGINA TEMAS ---
2025-11-11 19:00:36,524 - ui.main_window - INFO - 429 - --- CREANDO PÁGINA ANALISIS ---
2025-11-11 19:00:36,536 - ui.main_window - INFO - 493 - --- FINALIZADA PÁGINA ANALISIS ---
2025-11-11 19:00:36,536 - ui.main_window - INFO - 495 - --- INICIO PROCEDIMIENTOS INCIALES ---
2025-11-11 19:00:36,537 - ui.main_window - INFO - 497 - --- FIN DE MAIN WINDOW ---
2025-11-11 19:00:37,071 - __main__ - INFO - 72 - Ventana principal mostrada - Se inicia Main loop
2025-11-11 19:09:04,984 - database.connection - INFO - 37 - Conexión cerrada
2025-11-11 19:09:04,986 - __main__ - INFO - 77 - === Aplicación finalizada correctamente ===
2025-11-14 00:12:28,282 - __main__ - INFO - 56 - === Iniciando la aplicación ===
2025-11-14 00:12:28,282 - __main__ - INFO - 28 - Iniciando configuración de la aplicación El Porteño - Index
- Versión: 3.0.0
2025-11-14 00:12:28,369 - database.connection - INFO - 26 - Conexión establecida
2025-11-14 00:12:28,370 - __main__ - INFO - 64 - Creando ventana principal
2025-11-14 00:12:28,371 - ui.main_window - INFO - 35 - Creando widgets en MainWindow
2025-11-14 00:12:28,372 - ui.main_window - INFO - 63 - --- CREANDO PÁGINA REVISTAS ---
2025-11-14 00:12:28,407 - ui.main_window - INFO - 230 - --- FINALIZADA PÁGINA REVISTAS ---
2025-11-14 00:12:28,407 - ui.main_window - INFO - 236 - --- CREANDO PÁGINA AUTORES ---
2025-11-14 00:12:28,415 - ui.main_window - INFO - 358 - --- FINALIZADA PÁGINA AUTORES ---
2025-11-14 00:12:28,415 - ui.main_window - INFO - 363 - --- CREANDO PÁGINA TEMAS ---
2025-11-14 00:12:28,421 - ui.main_window - INFO - 424 - --- FINALIZADA PÁGINA TEMAS ---
2025-11-14 00:12:28,421 - ui.main_window - INFO - 429 - --- CREANDO PÁGINA ANALISIS ---
2025-11-14 00:12:28,427 - ui.main_window - INFO - 493 - --- FINALIZADA PÁGINA ANALISIS ---
2025-11-14 00:12:28,427 - ui.main_window - INFO - 495 - --- INICIO PROCEDIMIENTOS INCIALES ---
2025-11-14 00:12:28,427 - ui.main_window - INFO - 497 - --- FIN DE MAIN WINDOW ---
2025-11-14 00:12:28,968 - __main__ - INFO - 72 - Ventana principal mostrada - Se inicia Main loop
2025-11-24 13:18:18,352 - __main__ - INFO - 56 - === Iniciando la aplicación ===
2025-11-24 13:18:18,352 - __main__ - INFO - 28 - Iniciando configuración de la aplicación El Porteño - Index
- Versión: 3.0.0
2025-11-24 13:18:18,477 - database.connection - INFO - 26 - Conexión establecida
2025-11-24 13:18:18,477 - __main__ - INFO - 64 - Creando ventana principal
2025-11-24 13:18:18,478 - ui.main_window - INFO - 35 - Creando widgets en MainWindow
2025-11-24 13:18:18,480 - ui.main_window - INFO - 63 - --- CREANDO PÁGINA REVISTAS ---
2025-11-24 13:18:18,519 - ui.main_window - INFO - 230 - --- FINALIZADA PÁGINA REVISTAS ---
2025-11-24 13:18:18,519 - ui.main_window - INFO - 236 - --- CREANDO PÁGINA AUTORES ---
2025-11-24 13:18:18,531 - ui.main_window - INFO - 358 - --- FINALIZADA PÁGINA AUTORES ---
2025-11-24 13:18:18,531 - ui.main_window - INFO - 363 - --- CREANDO PÁGINA TEMAS ---
2025-11-24 13:18:18,538 - ui.main_window - INFO - 424 - --- FINALIZADA PÁGINA TEMAS ---
2025-11-24 13:18:18,539 - ui.main_window - INFO - 429 - --- CREANDO PÁGINA ANALISIS ---
2025-11-24 13:18:18,545 - ui.main_window - INFO - 493 - --- FINALIZADA PÁGINA ANALISIS ---
2025-11-24 13:18:18,545 - ui.main_window - INFO - 495 - --- INICIO PROCEDIMIENTOS INCIALES ---
2025-11-24 13:18:18,545 - ui.main_window - INFO - 497 - --- FIN DE MAIN WINDOW ---
2025-11-24 13:18:18,879 - __main__ - INFO - 72 - Ventana principal mostrada - Se inicia Main loop
2025-11-24 13:19:11,389 - database.connection - INFO - 37 - Conexión cerrada
2025-11-24 13:19:11,391 - __main__ - INFO - 77 - === Aplicación finalizada correctamente ===
2025-11-24 13:20:22,738 - __main__ - INFO - 56 - === Iniciando la aplicación ===
2025-11-24 13:20:22,738 - __main__ - INFO - 28 - Iniciando configuración de la aplicación El Porteño - Index
- Versión: 3.0.0
2025-11-24 13:20:22,816 - database.connection - INFO - 26 - Conexión establecida
2025-11-24 13:20:22,816 - __main__ - INFO - 64 - Creando ventana principal
2025-11-24 13:20:22,817 - ui.main_window - INFO - 35 - Creando widgets en MainWindow
2025-11-24 13:20:22,818 - ui.main_window - INFO - 63 - --- CREANDO PÁGINA REVISTAS ---
2025-11-24 13:20:22,848 - ui.main_window - INFO - 230 - --- FINALIZADA PÁGINA REVISTAS ---
2025-11-24 13:20:22,848 - ui.main_window - INFO - 236 - --- CREANDO PÁGINA AUTORES ---
2025-11-24 13:20:22,855 - ui.main_window - INFO - 358 - --- FINALIZADA PÁGINA AUTORES ---
2025-11-24 13:20:22,856 - ui.main_window - INFO - 363 - --- CREANDO PÁGINA TEMAS ---
2025-11-24 13:20:22,862 - ui.main_window - INFO - 424 - --- FINALIZADA PÁGINA TEMAS ---
2025-11-24 13:20:22,862 - ui.main_window - INFO - 429 - --- CREANDO PÁGINA ANALISIS ---
2025-11-24 13:20:22,869 - ui.main_window - INFO - 493 - --- FINALIZADA PÁGINA ANALISIS ---
2025-11-24 13:20:22,869 - ui.main_window - INFO - 495 - --- INICIO PROCEDIMIENTOS INCIALES ---
2025-11-24 13:20:22,869 - ui.main_window - INFO - 497 - --- FIN DE MAIN WINDOW ---
2025-11-24 13:20:23,174 - __main__ - INFO - 72 - Ventana principal mostrada - Se inicia Main loop
2025-11-24 13:21:02,044 - database.connection - INFO - 37 - Conexión cerrada
2025-11-24 13:21:02,047 - __main__ - INFO - 77 - === Aplicación finalizada correctamente ===
2025-11-24 13:22:33,845 - __main__ - INFO - 56 - === Iniciando la aplicación ===
2025-11-24 13:22:33,845 - __main__ - INFO - 28 - Iniciando configuración de la aplicación El Porteño - Index
- Versión: 3.0.0
2025-11-24 13:22:33,921 - database.connection - INFO - 26 - Conexión establecida
2025-11-24 13:22:33,921 - __main__ - INFO - 64 - Creando ventana principal
2025-11-24 13:22:33,922 - ui.main_window - INFO - 35 - Creando widgets en MainWindow
2025-11-24 13:22:33,923 - ui.main_window - INFO - 63 - --- CREANDO PÁGINA REVISTAS ---
2025-11-24 13:22:33,950 - ui.main_window - INFO - 230 - --- FINALIZADA PÁGINA REVISTAS ---
2025-11-24 13:22:33,951 - ui.main_window - INFO - 236 - --- CREANDO PÁGINA AUTORES ---
2025-11-24 13:22:33,958 - ui.main_window - INFO - 358 - --- FINALIZADA PÁGINA AUTORES ---
2025-11-24 13:22:33,958 - ui.main_window - INFO - 363 - --- CREANDO PÁGINA TEMAS ---
2025-11-24 13:22:33,964 - ui.main_window - INFO - 424 - --- FINALIZADA PÁGINA TEMAS ---
2025-11-24 13:22:33,964 - ui.main_window - INFO - 429 - --- CREANDO PÁGINA ANALISIS ---
2025-11-24 13:22:33,971 - ui.main_window - INFO - 493 - --- FINALIZADA PÁGINA ANALISIS ---
2025-11-24 13:22:33,971 - ui.main_window - INFO - 495 - --- INICIO PROCEDIMIENTOS INCIALES ---
2025-11-24 13:22:33,971 - ui.main_window - INFO - 497 - --- FIN DE MAIN WINDOW ---
2025-11-24 13:22:34,284 - __main__ - INFO - 72 - Ventana principal mostrada - Se inicia Main loop
2025-11-24 13:22:56,344 - database.connection - INFO - 37 - Conexión cerrada
2025-11-24 13:22:56,346 - __main__ - INFO - 77 - === Aplicación finalizada correctamente ===
2025-11-24 13:23:30,225 - __main__ - INFO - 56 - === Iniciando la aplicación ===
2025-11-24 13:23:30,225 - __main__ - INFO - 28 - Iniciando configuración de la aplicación El Porteño - Index
- Versión: 3.0.0
2025-11-24 13:23:30,307 - database.connection - INFO - 26 - Conexión establecida
2025-11-24 13:23:30,307 - __main__ - INFO - 64 - Creando ventana principal
2025-11-24 13:23:30,308 - ui.main_window - INFO - 35 - Creando widgets en MainWindow
2025-11-24 13:23:30,309 - ui.main_window - INFO - 63 - --- CREANDO PÁGINA REVISTAS ---
2025-11-24 13:23:30,347 - ui.main_window - INFO - 230 - --- FINALIZADA PÁGINA REVISTAS ---
2025-11-24 13:23:30,347 - ui.main_window - INFO - 236 - --- CREANDO PÁGINA AUTORES ---
2025-11-24 13:23:30,354 - ui.main_window - INFO - 358 - --- FINALIZADA PÁGINA AUTORES ---
2025-11-24 13:23:30,355 - ui.main_window - INFO - 363 - --- CREANDO PÁGINA TEMAS ---
2025-11-24 13:23:30,361 - ui.main_window - INFO - 424 - --- FINALIZADA PÁGINA TEMAS ---
2025-11-24 13:23:30,361 - ui.main_window - INFO - 429 - --- CREANDO PÁGINA ANALISIS ---
2025-11-24 13:23:30,368 - ui.main_window - INFO - 493 - --- FINALIZADA PÁGINA ANALISIS ---
2025-11-24 13:23:30,368 - ui.main_window - INFO - 495 - --- INICIO PROCEDIMIENTOS INCIALES ---
2025-11-24 13:23:30,368 - ui.main_window - INFO - 497 - --- FIN DE MAIN WINDOW ---
2025-11-24 13:23:30,639 - __main__ - INFO - 72 - Ventana principal mostrada - Se inicia Main loop
2025-11-24 13:24:32,505 - database.connection - INFO - 37 - Conexión cerrada
2025-11-24 13:24:32,505 - __main__ - INFO - 77 - === Aplicación finalizada correctamente ===
2025-11-24 13:26:43,943 - __main__ - INFO - 56 - === Iniciando la aplicación ===
2025-11-24 13:26:43,943 - __main__ - INFO - 28 - Iniciando configuración de la aplicación El Porteño - Index
- Versión: 3.0.0
2025-11-24 13:26:44,026 - database.connection - INFO - 26 - Conexión establecida
2025-11-24 13:26:44,026 - __main__ - INFO - 64 - Creando ventana principal
2025-11-24 13:26:44,027 - ui.main_window - INFO - 35 - Creando widgets en MainWindow
2025-11-24 13:26:44,028 - ui.main_window - INFO - 63 - --- CREANDO PÁGINA REVISTAS ---
2025-11-24 13:26:44,056 - ui.main_window - INFO - 230 - --- FINALIZADA PÁGINA REVISTAS ---
2025-11-24 13:26:44,056 - ui.main_window - INFO - 236 - --- CREANDO PÁGINA AUTORES ---
2025-11-24 13:26:44,064 - ui.main_window - INFO - 358 - --- FINALIZADA PÁGINA AUTORES ---
2025-11-24 13:26:44,064 - ui.main_window - INFO - 363 - --- CREANDO PÁGINA TEMAS ---
2025-11-24 13:26:44,070 - ui.main_window - INFO - 424 - --- FINALIZADA PÁGINA TEMAS ---
2025-11-24 13:26:44,070 - ui.main_window - INFO - 429 - --- CREANDO PÁGINA ANALISIS ---
2025-11-24 13:26:44,077 - ui.main_window - INFO - 493 - --- FINALIZADA PÁGINA ANALISIS ---
2025-11-24 13:26:44,077 - ui.main_window - INFO - 495 - --- INICIO PROCEDIMIENTOS INCIALES ---
2025-11-24 13:26:44,077 - ui.main_window - INFO - 497 - --- FIN DE MAIN WINDOW ---
2025-11-24 13:26:44,353 - __main__ - INFO - 72 - Ventana principal mostrada - Se inicia Main loop
2025-11-24 13:27:45,444 - database.connection - INFO - 37 - Conexión cerrada
2025-11-24 13:27:45,446 - __main__ - INFO - 77 - === Aplicación finalizada correctamente ===
2026-04-08 13:05:21,605 - __main__ - INFO - 56 - === Iniciando la aplicación ===
2026-04-08 13:05:21,607 - __main__ - INFO - 28 - Iniciando configuración de la aplicación El Porteño - Index
- Versión: 3.0.0
2026-04-08 13:05:21,709 - database.connection - INFO - 26 - Conexión establecida
2026-04-08 13:05:21,709 - __main__ - INFO - 64 - Creando ventana principal
2026-04-08 13:05:21,710 - ui.main_window - INFO - 35 - Creando widgets en MainWindow
2026-04-08 13:05:21,712 - ui.main_window - INFO - 63 - --- CREANDO PÁGINA REVISTAS ---
2026-04-08 13:05:21,748 - ui.main_window - INFO - 230 - --- FINALIZADA PÁGINA REVISTAS ---
2026-04-08 13:05:21,749 - ui.main_window - INFO - 236 - --- CREANDO PÁGINA AUTORES ---
2026-04-08 13:05:21,754 - ui.main_window - INFO - 358 - --- FINALIZADA PÁGINA AUTORES ---
2026-04-08 13:05:21,754 - ui.main_window - INFO - 363 - --- CREANDO PÁGINA TEMAS ---
2026-04-08 13:05:21,758 - ui.main_window - INFO - 424 - --- FINALIZADA PÁGINA TEMAS ---
2026-04-08 13:05:21,758 - ui.main_window - INFO - 429 - --- CREANDO PÁGINA ANALISIS ---
2026-04-08 13:05:21,763 - ui.main_window - INFO - 493 - --- FINALIZADA PÁGINA ANALISIS ---
2026-04-08 13:05:21,763 - ui.main_window - INFO - 495 - --- INICIO PROCEDIMIENTOS INCIALES ---
2026-04-08 13:05:21,763 - ui.main_window - INFO - 497 - --- FIN DE MAIN WINDOW ---
2026-04-08 13:05:22,029 - __main__ - INFO - 72 - Ventana principal mostrada - Se inicia Main loop
2026-04-08 13:05:24,501 - __main__ - ERROR - 49 - Excepción no manejada:
Traceback (most recent call last):
  File "/home/luc/Documents/10_Archivo/Revistas/El Porteño/ui/main_window.py", line 981, in bt_agregar_nota_en_revista_clicked
    window_nota = DialogNotas(self.app_state)
                  ^^^^^^^^^^^^^^^^^^^^^^^^^^^
  File "/home/luc/Documents/10_Archivo/Revistas/El Porteño/ui/notas_window.py", line 14, in __init__
    self._setup_ui()
  File "/home/luc/Documents/10_Archivo/Revistas/El Porteño/ui/notas_window.py", line 106, in _setup_ui
    self._iniciar()
  File "/home/luc/Documents/10_Archivo/Revistas/El Porteño/ui/notas_window.py", line 113, in _iniciar
    self.set_widgets_como_editables(False)
    ^^^^^^^^^^^^^^^^^^^^^^^^^^^^^^^
AttributeError: 'DialogNotas' object has no attribute 'set_widgets_como_editables'
2026-04-08 13:08:22,690 - __main__ - INFO - 56 - === Iniciando la aplicación ===
2026-04-08 13:08:22,690 - __main__ - INFO - 28 - Iniciando configuración de la aplicación El Porteño - Index
- Versión: 3.0.0
2026-04-08 13:08:22,739 - database.connection - INFO - 26 - Conexión establecida
2026-04-08 13:08:22,739 - __main__ - INFO - 64 - Creando ventana principal
2026-04-08 13:08:22,740 - ui.main_window - INFO - 35 - Creando widgets en MainWindow
2026-04-08 13:08:22,741 - ui.main_window - INFO - 63 - --- CREANDO PÁGINA REVISTAS ---
2026-04-08 13:08:22,763 - ui.main_window - INFO - 230 - --- FINALIZADA PÁGINA REVISTAS ---
2026-04-08 13:08:22,763 - ui.main_window - INFO - 236 - --- CREANDO PÁGINA AUTORES ---
2026-04-08 13:08:22,768 - ui.main_window - INFO - 358 - --- FINALIZADA PÁGINA AUTORES ---
2026-04-08 13:08:22,768 - ui.main_window - INFO - 363 - --- CREANDO PÁGINA TEMAS ---
2026-04-08 13:08:22,772 - ui.main_window - INFO - 424 - --- FINALIZADA PÁGINA TEMAS ---
2026-04-08 13:08:22,772 - ui.main_window - INFO - 429 - --- CREANDO PÁGINA ANALISIS ---
2026-04-08 13:08:22,776 - ui.main_window - INFO - 493 - --- FINALIZADA PÁGINA ANALISIS ---
2026-04-08 13:08:22,776 - ui.main_window - INFO - 495 - --- INICIO PROCEDIMIENTOS INCIALES ---
2026-04-08 13:08:22,776 - ui.main_window - INFO - 497 - --- FIN DE MAIN WINDOW ---
2026-04-08 13:08:23,032 - __main__ - INFO - 72 - Ventana principal mostrada - Se inicia Main loop
2026-04-08 13:09:00,251 - database.connection - INFO - 37 - Conexión cerrada
2026-04-08 13:09:00,252 - __main__ - INFO - 77 - === Aplicación finalizada correctamente ===
2026-04-08 13:13:20,258 - __main__ - INFO - 56 - === Iniciando la aplicación ===
2026-04-08 13:13:20,258 - __main__ - INFO - 28 - Iniciando configuración de la aplicación El Porteño - Index
- Versión: 3.0.0
2026-04-08 13:13:20,316 - database.connection - INFO - 26 - Conexión establecida
2026-04-08 13:13:20,316 - __main__ - INFO - 64 - Creando ventana principal
2026-04-08 13:13:20,317 - ui.main_window - INFO - 35 - Creando widgets en MainWindow
2026-04-08 13:13:20,317 - ui.main_window - INFO - 63 - --- CREANDO PÁGINA REVISTAS ---
2026-04-08 13:13:20,338 - ui.main_window - INFO - 230 - --- FINALIZADA PÁGINA REVISTAS ---
2026-04-08 13:13:20,338 - ui.main_window - INFO - 236 - --- CREANDO PÁGINA AUTORES ---
2026-04-08 13:13:20,342 - ui.main_window - INFO - 358 - --- FINALIZADA PÁGINA AUTORES ---
2026-04-08 13:13:20,343 - ui.main_window - INFO - 363 - --- CREANDO PÁGINA TEMAS ---
2026-04-08 13:13:20,347 - ui.main_window - INFO - 424 - --- FINALIZADA PÁGINA TEMAS ---
2026-04-08 13:13:20,347 - ui.main_window - INFO - 429 - --- CREANDO PÁGINA ANALISIS ---
2026-04-08 13:13:20,351 - ui.main_window - INFO - 493 - --- FINALIZADA PÁGINA ANALISIS ---
2026-04-08 13:13:20,351 - ui.main_window - INFO - 495 - --- INICIO PROCEDIMIENTOS INCIALES ---
2026-04-08 13:13:20,351 - ui.main_window - INFO - 497 - --- FIN DE MAIN WINDOW ---
2026-04-08 13:13:20,550 - __main__ - INFO - 72 - Ventana principal mostrada - Se inicia Main loop
2026-04-08 13:13:23,191 - database.connection - INFO - 37 - Conexión cerrada
2026-04-08 13:13:23,192 - __main__ - INFO - 77 - === Aplicación finalizada correctamente ===
2026-04-09 18:30:40,613 - __main__ - INFO - 56 - === Iniciando la aplicación ===
2026-04-09 18:30:40,614 - __main__ - INFO - 28 - Iniciando configuración de la aplicación El Porteño - Index
- Versión: 3.0.0
2026-04-09 18:30:40,726 - database.connection - INFO - 26 - Conexión establecida
2026-04-09 18:30:40,726 - __main__ - INFO - 64 - Creando ventana principal
2026-04-09 18:30:40,727 - ui.main_window - INFO - 35 - Creando widgets en MainWindow
2026-04-09 18:30:40,728 - ui.main_window - INFO - 63 - --- CREANDO PÁGINA REVISTAS ---
2026-04-09 18:30:40,751 - ui.main_window - INFO - 230 - --- FINALIZADA PÁGINA REVISTAS ---
2026-04-09 18:30:40,751 - ui.main_window - INFO - 236 - --- CREANDO PÁGINA AUTORES ---
2026-04-09 18:30:40,758 - ui.main_window - INFO - 358 - --- FINALIZADA PÁGINA AUTORES ---
2026-04-09 18:30:40,758 - ui.main_window - INFO - 363 - --- CREANDO PÁGINA TEMAS ---
2026-04-09 18:30:40,763 - ui.main_window - INFO - 424 - --- FINALIZADA PÁGINA TEMAS ---
2026-04-09 18:30:40,763 - ui.main_window - INFO - 429 - --- CREANDO PÁGINA ANALISIS ---
2026-04-09 18:30:40,768 - ui.main_window - INFO - 493 - --- FINALIZADA PÁGINA ANALISIS ---
2026-04-09 18:30:40,768 - ui.main_window - INFO - 495 - --- INICIO PROCEDIMIENTOS INCIALES ---
2026-04-09 18:30:40,769 - ui.main_window - INFO - 497 - --- FIN DE MAIN WINDOW ---
2026-04-09 18:30:41,031 - __main__ - INFO - 72 - Ventana principal mostrada - Se inicia Main loop
2026-04-09 18:30:47,899 - database.connection - INFO - 37 - Conexión cerrada
2026-04-09 18:30:47,900 - __main__ - INFO - 77 - === Aplicación finalizada correctamente ===
2026-04-09 22:17:30,198 - __main__ - INFO - 56 - === Iniciando la aplicación ===
2026-04-09 22:17:30,198 - __main__ - INFO - 28 - Iniciando configuración de la aplicación El Porteño - Index
- Versión: 3.0.0
2026-04-09 22:17:30,274 - database.connection - INFO - 26 - Conexión establecida
2026-04-09 22:17:30,274 - __main__ - INFO - 64 - Creando ventana principal
2026-04-09 22:17:30,275 - ui.main_window - INFO - 35 - Creando widgets en MainWindow
2026-04-09 22:17:30,276 - ui.main_window - INFO - 63 - --- CREANDO PÁGINA REVISTAS ---
2026-04-09 22:17:30,310 - ui.main_window - INFO - 230 - --- FINALIZADA PÁGINA REVISTAS ---
2026-04-09 22:17:30,311 - ui.main_window - INFO - 236 - --- CREANDO PÁGINA AUTORES ---
2026-04-09 22:17:30,324 - ui.main_window - INFO - 358 - --- FINALIZADA PÁGINA AUTORES ---
2026-04-09 22:17:30,324 - ui.main_window - INFO - 363 - --- CREANDO PÁGINA TEMAS ---
2026-04-09 22:17:30,334 - ui.main_window - INFO - 424 - --- FINALIZADA PÁGINA TEMAS ---
2026-04-09 22:17:30,334 - ui.main_window - INFO - 429 - --- CREANDO PÁGINA ANALISIS ---
2026-04-09 22:17:30,343 - ui.main_window - INFO - 493 - --- FINALIZADA PÁGINA ANALISIS ---
2026-04-09 22:17:30,343 - ui.main_window - INFO - 495 - --- INICIO PROCEDIMIENTOS INCIALES ---
2026-04-09 22:17:30,343 - ui.main_window - INFO - 497 - --- FIN DE MAIN WINDOW ---
2026-04-09 22:17:30,659 - __main__ - INFO - 72 - Ventana principal mostrada - Se inicia Main loop
2026-04-09 22:17:34,561 - __main__ - ERROR - 49 - Excepción no manejada:
Traceback (most recent call last):
  File "/home/luc/Documents/10_Archivo/Revistas/El Porteño/ui/main_window.py", line 981, in bt_agregar_nota_en_revista_clicked
    window_nota = DialogNotas(self.app_state)
                  ^^^^^^^^^^^^^^^^^^^^^^^^^^^
  File "/home/luc/Documents/10_Archivo/Revistas/El Porteño/ui/notas_window.py", line 15, in __init__
    self._connect_signals()
    ^^^^^^^^^^^^^^^^^^^^^
AttributeError: 'DialogNotas' object has no attribute '_connect_signals'
2026-04-09 22:18:06,748 - __main__ - INFO - 56 - === Iniciando la aplicación ===
2026-04-09 22:18:06,748 - __main__ - INFO - 28 - Iniciando configuración de la aplicación El Porteño - Index
- Versión: 3.0.0
2026-04-09 22:18:06,825 - database.connection - INFO - 26 - Conexión establecida
2026-04-09 22:18:06,826 - __main__ - INFO - 64 - Creando ventana principal
2026-04-09 22:18:06,827 - ui.main_window - INFO - 35 - Creando widgets en MainWindow
2026-04-09 22:18:06,828 - ui.main_window - INFO - 63 - --- CREANDO PÁGINA REVISTAS ---
2026-04-09 22:18:06,863 - ui.main_window - INFO - 230 - --- FINALIZADA PÁGINA REVISTAS ---
2026-04-09 22:18:06,863 - ui.main_window - INFO - 236 - --- CREANDO PÁGINA AUTORES ---
2026-04-09 22:18:06,871 - ui.main_window - INFO - 358 - --- FINALIZADA PÁGINA AUTORES ---
2026-04-09 22:18:06,871 - ui.main_window - INFO - 363 - --- CREANDO PÁGINA TEMAS ---
2026-04-09 22:18:06,880 - ui.main_window - INFO - 424 - --- FINALIZADA PÁGINA TEMAS ---
2026-04-09 22:18:06,880 - ui.main_window - INFO - 429 - --- CREANDO PÁGINA ANALISIS ---
2026-04-09 22:18:06,887 - ui.main_window - INFO - 493 - --- FINALIZADA PÁGINA ANALISIS ---
2026-04-09 22:18:06,888 - ui.main_window - INFO - 495 - --- INICIO PROCEDIMIENTOS INCIALES ---
2026-04-09 22:18:06,888 - ui.main_window - INFO - 497 - --- FIN DE MAIN WINDOW ---
2026-04-09 22:18:07,206 - __main__ - INFO - 72 - Ventana principal mostrada - Se inicia Main loop
2026-04-09 22:18:09,079 - __main__ - ERROR - 49 - Excepción no manejada:
Traceback (most recent call last):
  File "/home/luc/Documents/10_Archivo/Revistas/El Porteño/ui/main_window.py", line 981, in bt_agregar_nota_en_revista_clicked
    window_nota = DialogNotas(self.app_state)
                  ^^^^^^^^^^^^^^^^^^^^^^^^^^^
  File "/home/luc/Documents/10_Archivo/Revistas/El Porteño/ui/notas_window.py", line 16, in __init__
    self._iniciar()
    ^^^^^^^^^^^^^
AttributeError: 'DialogNotas' object has no attribute '_iniciar'
2026-04-09 22:35:30,111 - __main__ - INFO - 56 - === Iniciando la aplicación ===
2026-04-09 22:35:30,111 - __main__ - INFO - 28 - Iniciando configuración de la aplicación El Porteño - Index
- Versión: 3.0.0
2026-04-09 22:35:30,185 - database.connection - INFO - 26 - Conexión establecida
2026-04-09 22:35:30,185 - __main__ - INFO - 64 - Creando ventana principal
2026-04-09 22:35:30,186 - ui.main_window - INFO - 35 - Creando widgets en MainWindow
2026-04-09 22:35:30,187 - ui.main_window - INFO - 63 - --- CREANDO PÁGINA REVISTAS ---
2026-04-09 22:35:30,229 - ui.main_window - INFO - 230 - --- FINALIZADA PÁGINA REVISTAS ---
2026-04-09 22:35:30,229 - ui.main_window - INFO - 236 - --- CREANDO PÁGINA AUTORES ---
2026-04-09 22:35:30,241 - ui.main_window - INFO - 358 - --- FINALIZADA PÁGINA AUTORES ---
2026-04-09 22:35:30,241 - ui.main_window - INFO - 363 - --- CREANDO PÁGINA TEMAS ---
2026-04-09 22:35:30,252 - ui.main_window - INFO - 424 - --- FINALIZADA PÁGINA TEMAS ---
2026-04-09 22:35:30,252 - ui.main_window - INFO - 429 - --- CREANDO PÁGINA ANALISIS ---
2026-04-09 22:35:30,264 - ui.main_window - INFO - 493 - --- FINALIZADA PÁGINA ANALISIS ---
2026-04-09 22:35:30,264 - ui.main_window - INFO - 495 - --- INICIO PROCEDIMIENTOS INCIALES ---
2026-04-09 22:35:30,264 - ui.main_window - INFO - 497 - --- FIN DE MAIN WINDOW ---
2026-04-09 22:35:30,576 - __main__ - INFO - 72 - Ventana principal mostrada - Se inicia Main loop
2026-04-09 22:36:27,018 - database.connection - INFO - 37 - Conexión cerrada
2026-04-09 22:36:27,020 - __main__ - INFO - 77 - === Aplicación finalizada correctamente ===
2026-04-09 22:36:41,978 - __main__ - INFO - 56 - === Iniciando la aplicación ===
2026-04-09 22:36:41,979 - __main__ - INFO - 28 - Iniciando configuración de la aplicación El Porteño - Index
- Versión: 3.0.0
2026-04-09 22:36:42,055 - database.connection - INFO - 26 - Conexión establecida
2026-04-09 22:36:42,055 - __main__ - INFO - 64 - Creando ventana principal
2026-04-09 22:36:42,056 - ui.main_window - INFO - 35 - Creando widgets en MainWindow
2026-04-09 22:36:42,058 - ui.main_window - INFO - 63 - --- CREANDO PÁGINA REVISTAS ---
2026-04-09 22:36:42,090 - ui.main_window - INFO - 230 - --- FINALIZADA PÁGINA REVISTAS ---
2026-04-09 22:36:42,090 - ui.main_window - INFO - 236 - --- CREANDO PÁGINA AUTORES ---
2026-04-09 22:36:42,097 - ui.main_window - INFO - 358 - --- FINALIZADA PÁGINA AUTORES ---
2026-04-09 22:36:42,097 - ui.main_window - INFO - 363 - --- CREANDO PÁGINA TEMAS ---
2026-04-09 22:36:42,103 - ui.main_window - INFO - 424 - --- FINALIZADA PÁGINA TEMAS ---
2026-04-09 22:36:42,103 - ui.main_window - INFO - 429 - --- CREANDO PÁGINA ANALISIS ---
2026-04-09 22:36:42,110 - ui.main_window - INFO - 493 - --- FINALIZADA PÁGINA ANALISIS ---
2026-04-09 22:36:42,110 - ui.main_window - INFO - 495 - --- INICIO PROCEDIMIENTOS INCIALES ---
2026-04-09 22:36:42,110 - ui.main_window - INFO - 497 - --- FIN DE MAIN WINDOW ---
2026-04-09 22:36:42,389 - __main__ - INFO - 72 - Ventana principal mostrada - Se inicia Main loop
2026-04-09 22:36:47,834 - __main__ - ERROR - 49 - Excepción no manejada:
Traceback (most recent call last):
  File "/home/luc/Documents/10_Archivo/Revistas/El Porteño/ui/main_window.py", line 981, in bt_agregar_nota_en_revista_clicked
    window_nota = DialogNotas(self.app_state)
                  ^^^^^^^^^^^^^^^^^^^^^^^^^^^
  File "/home/luc/Documents/10_Archivo/Revistas/El Porteño/ui/notas_window.py", line 15, in __init__
    self._connect_signals()
    ^^^^^^^^^^^^^^^^^^^^^
AttributeError: 'DialogNotas' object has no attribute '_connect_signals'
2026-04-09 22:37:35,452 - __main__ - INFO - 56 - === Iniciando la aplicación ===
2026-04-09 22:37:35,453 - __main__ - INFO - 28 - Iniciando configuración de la aplicación El Porteño - Index
- Versión: 3.0.0
2026-04-09 22:37:35,524 - database.connection - INFO - 26 - Conexión establecida
2026-04-09 22:37:35,525 - __main__ - INFO - 64 - Creando ventana principal
2026-04-09 22:37:35,525 - ui.main_window - INFO - 35 - Creando widgets en MainWindow
2026-04-09 22:37:35,526 - ui.main_window - INFO - 63 - --- CREANDO PÁGINA REVISTAS ---
2026-04-09 22:37:35,557 - ui.main_window - INFO - 230 - --- FINALIZADA PÁGINA REVISTAS ---
2026-04-09 22:37:35,557 - ui.main_window - INFO - 236 - --- CREANDO PÁGINA AUTORES ---
2026-04-09 22:37:35,564 - ui.main_window - INFO - 358 - --- FINALIZADA PÁGINA AUTORES ---
2026-04-09 22:37:35,564 - ui.main_window - INFO - 363 - --- CREANDO PÁGINA TEMAS ---
2026-04-09 22:37:35,572 - ui.main_window - INFO - 424 - --- FINALIZADA PÁGINA TEMAS ---
2026-04-09 22:37:35,572 - ui.main_window - INFO - 429 - --- CREANDO PÁGINA ANALISIS ---
2026-04-09 22:37:35,579 - ui.main_window - INFO - 493 - --- FINALIZADA PÁGINA ANALISIS ---
2026-04-09 22:37:35,579 - ui.main_window - INFO - 495 - --- INICIO PROCEDIMIENTOS INCIALES ---
2026-04-09 22:37:35,579 - ui.main_window - INFO - 497 - --- FIN DE MAIN WINDOW ---
2026-04-09 22:37:35,881 - __main__ - INFO - 72 - Ventana principal mostrada - Se inicia Main loop
2026-04-09 22:37:40,680 - database.connection - INFO - 37 - Conexión cerrada
2026-04-09 22:37:40,682 - __main__ - INFO - 77 - === Aplicación finalizada correctamente ===
2026-04-09 22:39:19,797 - __main__ - INFO - 56 - === Iniciando la aplicación ===
2026-04-09 22:39:19,797 - __main__ - INFO - 28 - Iniciando configuración de la aplicación El Porteño - Index
- Versión: 3.0.0
2026-04-09 22:39:19,889 - database.connection - INFO - 26 - Conexión establecida
2026-04-09 22:39:19,889 - __main__ - INFO - 64 - Creando ventana principal
2026-04-09 22:39:19,891 - ui.main_window - INFO - 35 - Creando widgets en MainWindow
2026-04-09 22:39:19,892 - ui.main_window - INFO - 63 - --- CREANDO PÁGINA REVISTAS ---
2026-04-09 22:39:19,953 - ui.main_window - INFO - 230 - --- FINALIZADA PÁGINA REVISTAS ---
2026-04-09 22:39:19,954 - ui.main_window - INFO - 236 - --- CREANDO PÁGINA AUTORES ---
2026-04-09 22:39:19,971 - ui.main_window - INFO - 358 - --- FINALIZADA PÁGINA AUTORES ---
2026-04-09 22:39:19,971 - ui.main_window - INFO - 363 - --- CREANDO PÁGINA TEMAS ---
2026-04-09 22:39:19,988 - ui.main_window - INFO - 424 - --- FINALIZADA PÁGINA TEMAS ---
2026-04-09 22:39:19,988 - ui.main_window - INFO - 429 - --- CREANDO PÁGINA ANALISIS ---
2026-04-09 22:39:19,998 - ui.main_window - INFO - 493 - --- FINALIZADA PÁGINA ANALISIS ---
2026-04-09 22:39:19,998 - ui.main_window - INFO - 495 - --- INICIO PROCEDIMIENTOS INCIALES ---
2026-04-09 22:39:19,998 - ui.main_window - INFO - 497 - --- FIN DE MAIN WINDOW ---
2026-04-09 22:39:20,287 - __main__ - INFO - 72 - Ventana principal mostrada - Se inicia Main loop
2026-04-09 22:39:24,577 - database.connection - INFO - 37 - Conexión cerrada
2026-04-09 22:39:24,579 - __main__ - INFO - 77 - === Aplicación finalizada correctamente ===
2026-04-09 22:40:06,624 - __main__ - INFO - 56 - === Iniciando la aplicación ===
2026-04-09 22:40:06,624 - __main__ - INFO - 28 - Iniciando configuración de la aplicación El Porteño - Index
- Versión: 3.0.0
2026-04-09 22:40:06,692 - database.connection - INFO - 26 - Conexión establecida
2026-04-09 22:40:06,692 - __main__ - INFO - 64 - Creando ventana principal
2026-04-09 22:40:06,693 - ui.main_window - INFO - 35 - Creando widgets en MainWindow
2026-04-09 22:40:06,693 - ui.main_window - INFO - 63 - --- CREANDO PÁGINA REVISTAS ---
2026-04-09 22:40:06,730 - ui.main_window - INFO - 230 - --- FINALIZADA PÁGINA REVISTAS ---
2026-04-09 22:40:06,730 - ui.main_window - INFO - 236 - --- CREANDO PÁGINA AUTORES ---
2026-04-09 22:40:06,742 - ui.main_window - INFO - 358 - --- FINALIZADA PÁGINA AUTORES ---
2026-04-09 22:40:06,742 - ui.main_window - INFO - 363 - --- CREANDO PÁGINA TEMAS ---
2026-04-09 22:40:06,752 - ui.main_window - INFO - 424 - --- FINALIZADA PÁGINA TEMAS ---
2026-04-09 22:40:06,752 - ui.main_window - INFO - 429 - --- CREANDO PÁGINA ANALISIS ---
2026-04-09 22:40:06,762 - ui.main_window - INFO - 493 - --- FINALIZADA PÁGINA ANALISIS ---
2026-04-09 22:40:06,762 - ui.main_window - INFO - 495 - --- INICIO PROCEDIMIENTOS INCIALES ---
2026-04-09 22:40:06,762 - ui.main_window - INFO - 497 - --- FIN DE MAIN WINDOW ---
2026-04-09 22:40:07,071 - __main__ - INFO - 72 - Ventana principal mostrada - Se inicia Main loop
2026-04-09 22:41:38,625 - database.connection - INFO - 37 - Conexión cerrada
2026-04-09 22:41:38,627 - __main__ - INFO - 77 - === Aplicación finalizada correctamente ===
2026-04-13 10:36:00,001 - __main__ - INFO - 56 - === Iniciando la aplicación ===
2026-04-13 10:36:00,005 - __main__ - INFO - 28 - Iniciando configuración de la aplicación El Porteño - Index
- Versión: 3.0.0
2026-04-13 10:36:00,105 - database.connection - INFO - 26 - Conexión establecida
2026-04-13 10:36:00,105 - __main__ - INFO - 64 - Creando ventana principal
2026-04-13 10:36:00,106 - ui.main_window - INFO - 35 - Creando widgets en MainWindow
2026-04-13 10:36:00,107 - ui.main_window - INFO - 63 - --- CREANDO PÁGINA REVISTAS ---
2026-04-13 10:36:00,159 - ui.main_window - INFO - 230 - --- FINALIZADA PÁGINA REVISTAS ---
2026-04-13 10:36:00,159 - ui.main_window - INFO - 236 - --- CREANDO PÁGINA AUTORES ---
2026-04-13 10:36:00,171 - ui.main_window - INFO - 358 - --- FINALIZADA PÁGINA AUTORES ---
2026-04-13 10:36:00,171 - ui.main_window - INFO - 363 - --- CREANDO PÁGINA TEMAS ---
2026-04-13 10:36:00,182 - ui.main_window - INFO - 424 - --- FINALIZADA PÁGINA TEMAS ---
2026-04-13 10:36:00,182 - ui.main_window - INFO - 429 - --- CREANDO PÁGINA ANALISIS ---
2026-04-13 10:36:00,197 - ui.main_window - INFO - 493 - --- FINALIZADA PÁGINA ANALISIS ---
2026-04-13 10:36:00,197 - ui.main_window - INFO - 495 - --- INICIO PROCEDIMIENTOS INCIALES ---
2026-04-13 10:36:00,197 - ui.main_window - INFO - 497 - --- FIN DE MAIN WINDOW ---
2026-04-13 10:36:00,702 - __main__ - INFO - 72 - Ventana principal mostrada - Se inicia Main loop
2026-04-13 10:59:07,941 - database.connection - INFO - 37 - Conexión cerrada
2026-04-13 10:59:07,942 - __main__ - INFO - 77 - === Aplicación finalizada correctamente ===
2026-04-26 18:25:12,678 - __main__ - INFO - 56 - === Iniciando la aplicación ===
2026-04-26 18:25:12,678 - __main__ - INFO - 28 - Iniciando configuración de la aplicación El Porteño - Index
- Versión: 3.0.0
2026-04-26 18:25:12,732 - database.connection - INFO - 26 - Conexión establecida
2026-04-26 18:25:12,732 - __main__ - INFO - 64 - Creando ventana principal
2026-04-26 18:25:12,733 - ui.main_window - INFO - 35 - Creando widgets en MainWindow
2026-04-26 18:25:12,734 - ui.main_window - INFO - 63 - --- CREANDO PÁGINA REVISTAS ---
2026-04-26 18:25:12,756 - ui.main_window - INFO - 230 - --- FINALIZADA PÁGINA REVISTAS ---
2026-04-26 18:25:12,756 - ui.main_window - INFO - 236 - --- CREANDO PÁGINA AUTORES ---
2026-04-26 18:25:12,762 - ui.main_window - INFO - 358 - --- FINALIZADA PÁGINA AUTORES ---
2026-04-26 18:25:12,762 - ui.main_window - INFO - 363 - --- CREANDO PÁGINA TEMAS ---
2026-04-26 18:25:12,766 - ui.main_window - INFO - 424 - --- FINALIZADA PÁGINA TEMAS ---
2026-04-26 18:25:12,766 - ui.main_window - INFO - 429 - --- CREANDO PÁGINA ANALISIS ---
2026-04-26 18:25:12,772 - ui.main_window - INFO - 493 - --- FINALIZADA PÁGINA ANALISIS ---
2026-04-26 18:25:12,772 - ui.main_window - INFO - 495 - --- INICIO PROCEDIMIENTOS INCIALES ---
2026-04-26 18:25:12,772 - ui.main_window - INFO - 497 - --- FIN DE MAIN WINDOW ---
2026-04-26 18:25:12,994 - __main__ - INFO - 72 - Ventana principal mostrada - Se inicia Main loop
2026-04-26 18:25:45,429 - database.connection - INFO - 37 - Conexión cerrada
2026-04-26 18:25:45,430 - __main__ - INFO - 77 - === Aplicación finalizada correctamente ===
2026-04-26 18:26:23,571 - __main__ - INFO - 56 - === Iniciando la aplicación ===
2026-04-26 18:26:23,571 - __main__ - INFO - 28 - Iniciando configuración de la aplicación El Porteño - Index
- Versión: 3.0.0
2026-04-26 18:26:23,627 - database.connection - INFO - 26 - Conexión establecida
2026-04-26 18:26:23,627 - __main__ - INFO - 64 - Creando ventana principal
2026-04-26 18:26:23,628 - ui.main_window - INFO - 35 - Creando widgets en MainWindow
2026-04-26 18:26:23,629 - ui.main_window - INFO - 63 - --- CREANDO PÁGINA REVISTAS ---
2026-04-26 18:26:23,652 - ui.main_window - INFO - 230 - --- FINALIZADA PÁGINA REVISTAS ---
2026-04-26 18:26:23,652 - ui.main_window - INFO - 236 - --- CREANDO PÁGINA AUTORES ---
2026-04-26 18:26:23,657 - ui.main_window - INFO - 358 - --- FINALIZADA PÁGINA AUTORES ---
2026-04-26 18:26:23,657 - ui.main_window - INFO - 363 - --- CREANDO PÁGINA TEMAS ---
2026-04-26 18:26:23,662 - ui.main_window - INFO - 424 - --- FINALIZADA PÁGINA TEMAS ---
2026-04-26 18:26:23,662 - ui.main_window - INFO - 429 - --- CREANDO PÁGINA ANALISIS ---
2026-04-26 18:26:23,667 - ui.main_window - INFO - 493 - --- FINALIZADA PÁGINA ANALISIS ---
2026-04-26 18:26:23,667 - ui.main_window - INFO - 495 - --- INICIO PROCEDIMIENTOS INCIALES ---
2026-04-26 18:26:23,667 - ui.main_window - INFO - 497 - --- FIN DE MAIN WINDOW ---
2026-04-26 18:26:23,861 - __main__ - INFO - 72 - Ventana principal mostrada - Se inicia Main loop
2026-04-26 18:26:25,906 - database.connection - INFO - 37 - Conexión cerrada
2026-04-26 18:26:25,907 - __main__ - INFO - 77 - === Aplicación finalizada correctamente ===
2026-04-26 18:49:27,084 - __main__ - INFO - 56 - === Iniciando la aplicación ===
2026-04-26 18:49:27,084 - __main__ - INFO - 28 - Iniciando configuración de la aplicación El Porteño - Index
- Versión: 3.0.0
2026-04-26 18:49:27,155 - database.connection - INFO - 26 - Conexión establecida
2026-04-26 18:49:27,155 - __main__ - INFO - 64 - Creando ventana principal
2026-04-26 18:49:27,157 - ui.main_window - INFO - 35 - Creando widgets en MainWindow
2026-04-26 18:49:27,157 - ui.main_window - INFO - 63 - --- CREANDO PÁGINA REVISTAS ---
2026-04-26 18:49:27,224 - ui.main_window - INFO - 230 - --- FINALIZADA PÁGINA REVISTAS ---
2026-04-26 18:49:27,224 - ui.main_window - INFO - 236 - --- CREANDO PÁGINA AUTORES ---
2026-04-26 18:49:27,239 - ui.main_window - INFO - 358 - --- FINALIZADA PÁGINA AUTORES ---
2026-04-26 18:49:27,239 - ui.main_window - INFO - 363 - --- CREANDO PÁGINA TEMAS ---
2026-04-26 18:49:27,253 - ui.main_window - INFO - 424 - --- FINALIZADA PÁGINA TEMAS ---
2026-04-26 18:49:27,253 - ui.main_window - INFO - 429 - --- CREANDO PÁGINA ANALISIS ---
2026-04-26 18:49:27,263 - ui.main_window - INFO - 493 - --- FINALIZADA PÁGINA ANALISIS ---
2026-04-26 18:49:27,264 - ui.main_window - INFO - 495 - --- INICIO PROCEDIMIENTOS INCIALES ---
2026-04-26 18:49:27,264 - ui.main_window - INFO - 497 - --- FIN DE MAIN WINDOW ---
2026-04-26 18:49:27,555 - __main__ - INFO - 72 - Ventana principal mostrada - Se inicia Main loop
2026-04-26 18:49:56,108 - database.connection - INFO - 37 - Conexión cerrada
2026-04-26 18:49:56,109 - __main__ - INFO - 77 - === Aplicación finalizada correctamente ===
2026-04-26 18:52:25,724 - __main__ - INFO - 56 - === Iniciando la aplicación ===
2026-04-26 18:52:25,724 - __main__ - INFO - 28 - Iniciando configuración de la aplicación El Porteño - Index
- Versión: 3.0.0
2026-04-26 18:52:25,795 - database.connection - INFO - 26 - Conexión establecida
2026-04-26 18:52:25,796 - __main__ - INFO - 64 - Creando ventana principal
2026-04-26 18:52:25,797 - ui.main_window - INFO - 35 - Creando widgets en MainWindow
2026-04-26 18:52:25,798 - ui.main_window - INFO - 63 - --- CREANDO PÁGINA REVISTAS ---
2026-04-26 18:52:25,830 - ui.main_window - INFO - 230 - --- FINALIZADA PÁGINA REVISTAS ---
2026-04-26 18:52:25,830 - ui.main_window - INFO - 236 - --- CREANDO PÁGINA AUTORES ---
2026-04-26 18:52:25,837 - ui.main_window - INFO - 358 - --- FINALIZADA PÁGINA AUTORES ---
2026-04-26 18:52:25,838 - ui.main_window - INFO - 363 - --- CREANDO PÁGINA TEMAS ---
2026-04-26 18:52:25,845 - ui.main_window - INFO - 424 - --- FINALIZADA PÁGINA TEMAS ---
2026-04-26 18:52:25,845 - ui.main_window - INFO - 429 - --- CREANDO PÁGINA ANALISIS ---
2026-04-26 18:52:25,853 - ui.main_window - INFO - 493 - --- FINALIZADA PÁGINA ANALISIS ---
2026-04-26 18:52:25,853 - ui.main_window - INFO - 495 - --- INICIO PROCEDIMIENTOS INCIALES ---
2026-04-26 18:52:25,853 - ui.main_window - INFO - 497 - --- FIN DE MAIN WINDOW ---
2026-04-26 18:52:26,158 - __main__ - INFO - 72 - Ventana principal mostrada - Se inicia Main loop
2026-04-26 18:52:31,514 - database.connection - INFO - 37 - Conexión cerrada
2026-04-26 18:52:31,516 - __main__ - INFO - 77 - === Aplicación finalizada correctamente ===
2026-04-26 18:56:26,724 - __main__ - INFO - 56 - === Iniciando la aplicación ===
2026-04-26 18:56:26,724 - __main__ - INFO - 28 - Iniciando configuración de la aplicación El Porteño - Index
- Versión: 3.0.0
2026-04-26 18:56:26,812 - database.connection - INFO - 26 - Conexión establecida
2026-04-26 18:56:26,813 - __main__ - INFO - 64 - Creando ventana principal
2026-04-26 18:56:26,815 - ui.main_window - INFO - 35 - Creando widgets en MainWindow
2026-04-26 18:56:26,816 - ui.main_window - INFO - 63 - --- CREANDO PÁGINA REVISTAS ---
2026-04-26 18:56:26,879 - ui.main_window - INFO - 230 - --- FINALIZADA PÁGINA REVISTAS ---
2026-04-26 18:56:26,880 - ui.main_window - INFO - 236 - --- CREANDO PÁGINA AUTORES ---
2026-04-26 18:56:26,893 - ui.main_window - INFO - 358 - --- FINALIZADA PÁGINA AUTORES ---
2026-04-26 18:56:26,894 - ui.main_window - INFO - 363 - --- CREANDO PÁGINA TEMAS ---
2026-04-26 18:56:26,902 - ui.main_window - INFO - 424 - --- FINALIZADA PÁGINA TEMAS ---
2026-04-26 18:56:26,902 - ui.main_window - INFO - 429 - --- CREANDO PÁGINA ANALISIS ---
2026-04-26 18:56:26,909 - ui.main_window - INFO - 493 - --- FINALIZADA PÁGINA ANALISIS ---
2026-04-26 18:56:26,910 - ui.main_window - INFO - 495 - --- INICIO PROCEDIMIENTOS INCIALES ---
2026-04-26 18:56:26,910 - ui.main_window - INFO - 497 - --- FIN DE MAIN WINDOW ---
2026-04-26 18:56:27,201 - __main__ - INFO - 72 - Ventana principal mostrada - Se inicia Main loop
2026-04-26 18:58:16,071 - database.connection - INFO - 37 - Conexión cerrada
2026-04-26 18:58:16,073 - __main__ - INFO - 77 - === Aplicación finalizada correctamente ===
2026-04-26 19:55:37,933 - __main__ - INFO - 56 - === Iniciando la aplicación ===
2026-04-26 19:55:37,933 - __main__ - INFO - 28 - Iniciando configuración de la aplicación El Porteño - Index
- Versión: 3.0.0
2026-04-26 19:55:38,002 - database.connection - INFO - 26 - Conexión establecida
2026-04-26 19:55:38,002 - __main__ - INFO - 64 - Creando ventana principal
2026-04-26 19:55:38,003 - ui.main_window - INFO - 35 - Creando widgets en MainWindow
2026-04-26 19:55:38,004 - ui.main_window - INFO - 63 - --- CREANDO PÁGINA REVISTAS ---
2026-04-26 19:55:38,036 - ui.main_window - INFO - 230 - --- FINALIZADA PÁGINA REVISTAS ---
2026-04-26 19:55:38,036 - ui.main_window - INFO - 236 - --- CREANDO PÁGINA AUTORES ---
2026-04-26 19:55:38,044 - ui.main_window - INFO - 358 - --- FINALIZADA PÁGINA AUTORES ---
2026-04-26 19:55:38,044 - ui.main_window - INFO - 363 - --- CREANDO PÁGINA TEMAS ---
2026-04-26 19:55:38,050 - ui.main_window - INFO - 424 - --- FINALIZADA PÁGINA TEMAS ---
2026-04-26 19:55:38,050 - ui.main_window - INFO - 429 - --- CREANDO PÁGINA ANALISIS ---
2026-04-26 19:55:38,058 - ui.main_window - INFO - 493 - --- FINALIZADA PÁGINA ANALISIS ---
2026-04-26 19:55:38,058 - ui.main_window - INFO - 495 - --- INICIO PROCEDIMIENTOS INCIALES ---
2026-04-26 19:55:38,059 - ui.main_window - INFO - 497 - --- FIN DE MAIN WINDOW ---
2026-04-26 19:55:38,340 - __main__ - INFO - 72 - Ventana principal mostrada - Se inicia Main loop
2026-04-26 19:55:55,832 - database.connection - INFO - 37 - Conexión cerrada
2026-04-26 19:55:55,834 - __main__ - INFO - 77 - === Aplicación finalizada correctamente ===
2026-04-26 19:56:18,968 - __main__ - INFO - 56 - === Iniciando la aplicación ===
2026-04-26 19:56:18,968 - __main__ - INFO - 28 - Iniciando configuración de la aplicación El Porteño - Index
- Versión: 3.0.0
2026-04-26 19:56:19,055 - database.connection - INFO - 26 - Conexión establecida
2026-04-26 19:56:19,055 - __main__ - INFO - 64 - Creando ventana principal
2026-04-26 19:56:19,057 - ui.main_window - INFO - 35 - Creando widgets en MainWindow
2026-04-26 19:56:19,058 - ui.main_window - INFO - 63 - --- CREANDO PÁGINA REVISTAS ---
2026-04-26 19:56:19,093 - ui.main_window - INFO - 230 - --- FINALIZADA PÁGINA REVISTAS ---
2026-04-26 19:56:19,093 - ui.main_window - INFO - 236 - --- CREANDO PÁGINA AUTORES ---
2026-04-26 19:56:19,104 - ui.main_window - INFO - 358 - --- FINALIZADA PÁGINA AUTORES ---
2026-04-26 19:56:19,104 - ui.main_window - INFO - 363 - --- CREANDO PÁGINA TEMAS ---
2026-04-26 19:56:19,113 - ui.main_window - INFO - 424 - --- FINALIZADA PÁGINA TEMAS ---
2026-04-26 19:56:19,113 - ui.main_window - INFO - 429 - --- CREANDO PÁGINA ANALISIS ---
2026-04-26 19:56:19,125 - ui.main_window - INFO - 493 - --- FINALIZADA PÁGINA ANALISIS ---
2026-04-26 19:56:19,125 - ui.main_window - INFO - 495 - --- INICIO PROCEDIMIENTOS INCIALES ---
2026-04-26 19:56:19,125 - ui.main_window - INFO - 497 - --- FIN DE MAIN WINDOW ---
2026-04-26 19:56:19,410 - __main__ - INFO - 72 - Ventana principal mostrada - Se inicia Main loop
2026-04-26 19:56:31,154 - database.connection - INFO - 37 - Conexión cerrada
2026-04-26 19:56:31,156 - __main__ - INFO - 77 - === Aplicación finalizada correctamente ===
2026-04-26 19:57:33,943 - __main__ - INFO - 56 - === Iniciando la aplicación ===
2026-04-26 19:57:33,943 - __main__ - INFO - 28 - Iniciando configuración de la aplicación El Porteño - Index
- Versión: 3.0.0
2026-04-26 19:57:34,040 - database.connection - INFO - 26 - Conexión establecida
2026-04-26 19:57:34,040 - __main__ - INFO - 64 - Creando ventana principal
2026-04-26 19:57:34,041 - ui.main_window - INFO - 34 - Creando widgets en MainWindow
2026-04-26 19:57:34,042 - ui.main_window - INFO - 62 - --- CREANDO PÁGINA REVISTAS ---
2026-04-26 19:57:34,077 - ui.main_window - INFO - 229 - --- FINALIZADA PÁGINA REVISTAS ---
2026-04-26 19:57:34,077 - ui.main_window - INFO - 235 - --- CREANDO PÁGINA AUTORES ---
2026-04-26 19:57:34,084 - ui.main_window - INFO - 357 - --- FINALIZADA PÁGINA AUTORES ---
2026-04-26 19:57:34,085 - ui.main_window - INFO - 362 - --- CREANDO PÁGINA TEMAS ---
2026-04-26 19:57:34,091 - ui.main_window - INFO - 423 - --- FINALIZADA PÁGINA TEMAS ---
2026-04-26 19:57:34,091 - ui.main_window - INFO - 428 - --- CREANDO PÁGINA ANALISIS ---
2026-04-26 19:57:34,098 - ui.main_window - INFO - 492 - --- FINALIZADA PÁGINA ANALISIS ---
2026-04-26 19:57:34,098 - ui.main_window - INFO - 494 - --- INICIO PROCEDIMIENTOS INCIALES ---
2026-04-26 19:57:34,098 - ui.main_window - INFO - 496 - --- FIN DE MAIN WINDOW ---
2026-04-26 19:57:34,420 - __main__ - INFO - 72 - Ventana principal mostrada - Se inicia Main loop
2026-04-26 19:59:07,664 - __main__ - INFO - 56 - === Iniciando la aplicación ===
2026-04-26 19:59:07,665 - __main__ - INFO - 28 - Iniciando configuración de la aplicación El Porteño - Index
- Versión: 3.0.0
2026-04-26 19:59:07,754 - database.connection - INFO - 26 - Conexión establecida
2026-04-26 19:59:07,754 - __main__ - INFO - 64 - Creando ventana principal
2026-04-26 19:59:07,756 - ui.main_window - INFO - 34 - Creando widgets en MainWindow
2026-04-26 19:59:07,757 - ui.main_window - INFO - 62 - --- CREANDO PÁGINA REVISTAS ---
2026-04-26 19:59:07,798 - ui.main_window - INFO - 229 - --- FINALIZADA PÁGINA REVISTAS ---
2026-04-26 19:59:07,798 - ui.main_window - INFO - 235 - --- CREANDO PÁGINA AUTORES ---
2026-04-26 19:59:07,812 - ui.main_window - INFO - 357 - --- FINALIZADA PÁGINA AUTORES ---
2026-04-26 19:59:07,813 - ui.main_window - INFO - 362 - --- CREANDO PÁGINA TEMAS ---
2026-04-26 19:59:07,823 - ui.main_window - INFO - 423 - --- FINALIZADA PÁGINA TEMAS ---
2026-04-26 19:59:07,823 - ui.main_window - INFO - 428 - --- CREANDO PÁGINA ANALISIS ---
2026-04-26 19:59:07,836 - ui.main_window - INFO - 492 - --- FINALIZADA PÁGINA ANALISIS ---
2026-04-26 19:59:07,836 - ui.main_window - INFO - 494 - --- INICIO PROCEDIMIENTOS INCIALES ---
2026-04-26 19:59:07,836 - ui.main_window - INFO - 496 - --- FIN DE MAIN WINDOW ---
2026-04-26 19:59:08,124 - __main__ - INFO - 72 - Ventana principal mostrada - Se inicia Main loop
2026-04-26 19:59:27,551 - database.connection - INFO - 37 - Conexión cerrada
2026-04-26 19:59:27,553 - __main__ - INFO - 77 - === Aplicación finalizada correctamente ===
2026-04-26 20:25:56,523 - __main__ - INFO - 56 - === Iniciando la aplicación ===
2026-04-26 20:25:56,523 - __main__ - INFO - 28 - Iniciando configuración de la aplicación El Porteño - Index
- Versión: 3.0.0
2026-04-26 20:25:56,594 - database.connection - INFO - 26 - Conexión establecida
2026-04-26 20:25:56,594 - __main__ - INFO - 64 - Creando ventana principal
2026-04-26 20:25:56,595 - ui.main_window - INFO - 34 - Creando widgets en MainWindow
2026-04-26 20:25:56,596 - ui.main_window - INFO - 62 - --- CREANDO PÁGINA REVISTAS ---
2026-04-26 20:25:56,636 - ui.main_window - INFO - 229 - --- FINALIZADA PÁGINA REVISTAS ---
2026-04-26 20:25:56,636 - ui.main_window - INFO - 235 - --- CREANDO PÁGINA AUTORES ---
2026-04-26 20:25:56,643 - ui.main_window - INFO - 357 - --- FINALIZADA PÁGINA AUTORES ---
2026-04-26 20:25:56,643 - ui.main_window - INFO - 362 - --- CREANDO PÁGINA TEMAS ---
2026-04-26 20:25:56,651 - ui.main_window - INFO - 423 - --- FINALIZADA PÁGINA TEMAS ---
2026-04-26 20:25:56,651 - ui.main_window - INFO - 428 - --- CREANDO PÁGINA ANALISIS ---
2026-04-26 20:25:56,659 - ui.main_window - INFO - 492 - --- FINALIZADA PÁGINA ANALISIS ---
2026-04-26 20:25:56,659 - ui.main_window - INFO - 494 - --- INICIO PROCEDIMIENTOS INCIALES ---
2026-04-26 20:25:56,659 - ui.main_window - INFO - 496 - --- FIN DE MAIN WINDOW ---
2026-04-26 20:25:56,854 - __main__ - INFO - 72 - Ventana principal mostrada - Se inicia Main loop
2026-04-26 20:28:56,084 - database.connection - INFO - 37 - Conexión cerrada
2026-04-26 20:28:56,086 - __main__ - INFO - 77 - === Aplicación finalizada correctamente ===
2026-04-26 20:42:42,985 - __main__ - INFO - 56 - === Iniciando la aplicación ===
2026-04-26 20:42:42,985 - __main__ - INFO - 28 - Iniciando configuración de la aplicación El Porteño - Index
- Versión: 3.0.0
2026-04-26 20:42:43,038 - database.connection - INFO - 26 - Conexión establecida
2026-04-26 20:42:43,038 - __main__ - INFO - 64 - Creando ventana principal
2026-04-26 20:42:43,038 - ui.main_window - INFO - 34 - Creando widgets en MainWindow
2026-04-26 20:42:43,039 - ui.main_window - INFO - 62 - --- CREANDO PÁGINA REVISTAS ---
2026-04-26 20:42:43,062 - ui.main_window - INFO - 229 - --- FINALIZADA PÁGINA REVISTAS ---
2026-04-26 20:42:43,062 - ui.main_window - INFO - 235 - --- CREANDO PÁGINA AUTORES ---
2026-04-26 20:42:43,069 - ui.main_window - INFO - 357 - --- FINALIZADA PÁGINA AUTORES ---
2026-04-26 20:42:43,069 - ui.main_window - INFO - 362 - --- CREANDO PÁGINA TEMAS ---
2026-04-26 20:42:43,073 - ui.main_window - INFO - 423 - --- FINALIZADA PÁGINA TEMAS ---
2026-04-26 20:42:43,073 - ui.main_window - INFO - 428 - --- CREANDO PÁGINA ANALISIS ---
2026-04-26 20:42:43,079 - ui.main_window - INFO - 492 - --- FINALIZADA PÁGINA ANALISIS ---
2026-04-26 20:42:43,079 - ui.main_window - INFO - 494 - --- INICIO PROCEDIMIENTOS INCIALES ---
2026-04-26 20:42:43,079 - ui.main_window - INFO - 496 - --- FIN DE MAIN WINDOW ---
2026-04-26 20:42:43,337 - __main__ - INFO - 72 - Ventana principal mostrada - Se inicia Main loop
2026-04-26 20:44:16,139 - database.connection - INFO - 37 - Conexión cerrada
2026-04-26 20:44:16,140 - __main__ - INFO - 77 - === Aplicación finalizada correctamente ===
2026-04-26 21:02:52,573 - __main__ - INFO - 56 - === Iniciando la aplicación ===
2026-04-26 21:02:52,573 - __main__ - INFO - 28 - Iniciando configuración de la aplicación El Porteño - Index
- Versión: 3.0.0
2026-04-26 21:02:52,631 - database.connection - INFO - 26 - Conexión establecida
2026-04-26 21:02:52,631 - __main__ - INFO - 64 - Creando ventana principal
2026-04-26 21:02:52,632 - ui.main_window - INFO - 34 - Creando widgets en MainWindow
2026-04-26 21:02:52,633 - ui.main_window - INFO - 62 - --- CREANDO PÁGINA REVISTAS ---
2026-04-26 21:02:52,657 - ui.main_window - INFO - 229 - --- FINALIZADA PÁGINA REVISTAS ---
2026-04-26 21:02:52,657 - ui.main_window - INFO - 235 - --- CREANDO PÁGINA AUTORES ---
2026-04-26 21:02:52,662 - ui.main_window - INFO - 357 - --- FINALIZADA PÁGINA AUTORES ---
2026-04-26 21:02:52,663 - ui.main_window - INFO - 362 - --- CREANDO PÁGINA TEMAS ---
2026-04-26 21:02:52,667 - ui.main_window - INFO - 423 - --- FINALIZADA PÁGINA TEMAS ---
2026-04-26 21:02:52,668 - ui.main_window - INFO - 428 - --- CREANDO PÁGINA ANALISIS ---
2026-04-26 21:02:52,673 - ui.main_window - INFO - 492 - --- FINALIZADA PÁGINA ANALISIS ---
2026-04-26 21:02:52,673 - ui.main_window - INFO - 494 - --- INICIO PROCEDIMIENTOS INCIALES ---
2026-04-26 21:02:52,673 - ui.main_window - INFO - 496 - --- FIN DE MAIN WINDOW ---
2026-04-26 21:02:52,891 - __main__ - INFO - 72 - Ventana principal mostrada - Se inicia Main loop
2026-04-26 21:03:08,276 - database.connection - INFO - 37 - Conexión cerrada
2026-04-26 21:03:08,277 - __main__ - INFO - 77 - === Aplicación finalizada correctamente ===
2026-04-26 21:29:24,374 - __main__ - INFO - 56 - === Iniciando la aplicación ===
2026-04-26 21:29:24,374 - __main__ - INFO - 28 - Iniciando configuración de la aplicación El Porteño - Index
- Versión: 3.0.0
2026-04-26 21:29:24,431 - database.connection - INFO - 26 - Conexión establecida
2026-04-26 21:29:24,431 - __main__ - INFO - 64 - Creando ventana principal
2026-04-26 21:29:24,433 - ui.main_window - INFO - 34 - Creando widgets en MainWindow
2026-04-26 21:29:24,433 - ui.main_window - INFO - 62 - --- CREANDO PÁGINA REVISTAS ---
2026-04-26 21:29:24,457 - ui.main_window - INFO - 229 - --- FINALIZADA PÁGINA REVISTAS ---
2026-04-26 21:29:24,457 - ui.main_window - INFO - 235 - --- CREANDO PÁGINA AUTORES ---
2026-04-26 21:29:24,463 - ui.main_window - INFO - 357 - --- FINALIZADA PÁGINA AUTORES ---
2026-04-26 21:29:24,464 - ui.main_window - INFO - 362 - --- CREANDO PÁGINA TEMAS ---
2026-04-26 21:29:24,468 - ui.main_window - INFO - 423 - --- FINALIZADA PÁGINA TEMAS ---
2026-04-26 21:29:24,469 - ui.main_window - INFO - 428 - --- CREANDO PÁGINA ANALISIS ---
2026-04-26 21:29:24,475 - ui.main_window - INFO - 492 - --- FINALIZADA PÁGINA ANALISIS ---
2026-04-26 21:29:24,475 - ui.main_window - INFO - 494 - --- INICIO PROCEDIMIENTOS INCIALES ---
2026-04-26 21:29:24,475 - ui.main_window - INFO - 496 - --- FIN DE MAIN WINDOW ---
2026-04-26 21:29:24,478 - __main__ - CRITICAL - 81 - Error crítico al iniciar aplicación: 'dict' object has no attribute 'append'
2026-04-26 21:30:38,427 - __main__ - INFO - 56 - === Iniciando la aplicación ===
2026-04-26 21:30:38,427 - __main__ - INFO - 28 - Iniciando configuración de la aplicación El Porteño - Index
- Versión: 3.0.0
2026-04-26 21:30:38,488 - database.connection - INFO - 26 - Conexión establecida
2026-04-26 21:30:38,488 - __main__ - INFO - 64 - Creando ventana principal
2026-04-26 21:30:38,489 - ui.main_window - INFO - 34 - Creando widgets en MainWindow
2026-04-26 21:30:38,490 - ui.main_window - INFO - 62 - --- CREANDO PÁGINA REVISTAS ---
2026-04-26 21:30:38,515 - ui.main_window - INFO - 229 - --- FINALIZADA PÁGINA REVISTAS ---
2026-04-26 21:30:38,515 - ui.main_window - INFO - 235 - --- CREANDO PÁGINA AUTORES ---
2026-04-26 21:30:38,520 - ui.main_window - INFO - 357 - --- FINALIZADA PÁGINA AUTORES ---
2026-04-26 21:30:38,520 - ui.main_window - INFO - 362 - --- CREANDO PÁGINA TEMAS ---
2026-04-26 21:30:38,525 - ui.main_window - INFO - 423 - --- FINALIZADA PÁGINA TEMAS ---
2026-04-26 21:30:38,525 - ui.main_window - INFO - 428 - --- CREANDO PÁGINA ANALISIS ---
2026-04-26 21:30:38,531 - ui.main_window - INFO - 492 - --- FINALIZADA PÁGINA ANALISIS ---
2026-04-26 21:30:38,531 - ui.main_window - INFO - 494 - --- INICIO PROCEDIMIENTOS INCIALES ---
2026-04-26 21:30:38,531 - ui.main_window - INFO - 496 - --- FIN DE MAIN WINDOW ---
2026-04-26 21:30:38,534 - __main__ - CRITICAL - 81 - Error crítico al iniciar aplicación: 'dict' object has no attribute 'append'
2026-04-26 21:35:07,797 - __main__ - INFO - 56 - === Iniciando la aplicación ===
2026-04-26 21:35:07,797 - __main__ - INFO - 28 - Iniciando configuración de la aplicación El Porteño - Index
- Versión: 3.0.0
2026-04-26 21:35:07,862 - database.connection - INFO - 26 - Conexión establecida
2026-04-26 21:35:07,862 - __main__ - INFO - 64 - Creando ventana principal
2026-04-26 21:35:07,863 - ui.main_window - INFO - 34 - Creando widgets en MainWindow
2026-04-26 21:35:07,863 - ui.main_window - INFO - 62 - --- CREANDO PÁGINA REVISTAS ---
2026-04-26 21:35:07,888 - ui.main_window - INFO - 229 - --- FINALIZADA PÁGINA REVISTAS ---
2026-04-26 21:35:07,888 - ui.main_window - INFO - 235 - --- CREANDO PÁGINA AUTORES ---
2026-04-26 21:35:07,893 - ui.main_window - INFO - 357 - --- FINALIZADA PÁGINA AUTORES ---
2026-04-26 21:35:07,893 - ui.main_window - INFO - 362 - --- CREANDO PÁGINA TEMAS ---
2026-04-26 21:35:07,898 - ui.main_window - INFO - 423 - --- FINALIZADA PÁGINA TEMAS ---
2026-04-26 21:35:07,898 - ui.main_window - INFO - 428 - --- CREANDO PÁGINA ANALISIS ---
2026-04-26 21:35:07,903 - ui.main_window - INFO - 492 - --- FINALIZADA PÁGINA ANALISIS ---
2026-04-26 21:35:07,903 - ui.main_window - INFO - 494 - --- INICIO PROCEDIMIENTOS INCIALES ---
2026-04-26 21:35:07,903 - ui.main_window - INFO - 496 - --- FIN DE MAIN WINDOW ---
2026-04-26 21:35:07,907 - __main__ - CRITICAL - 81 - Error crítico al iniciar aplicación: 'dict' object has no attribute 'append'
2026-04-26 21:37:56,549 - __main__ - INFO - 56 - === Iniciando la aplicación ===
2026-04-26 21:37:56,550 - __main__ - INFO - 28 - Iniciando configuración de la aplicación El Porteño - Index
- Versión: 3.0.0
2026-04-26 21:37:56,609 - database.connection - INFO - 26 - Conexión establecida
2026-04-26 21:37:56,609 - __main__ - INFO - 64 - Creando ventana principal
2026-04-26 21:37:56,610 - ui.main_window - INFO - 34 - Creando widgets en MainWindow
2026-04-26 21:37:56,611 - ui.main_window - INFO - 62 - --- CREANDO PÁGINA REVISTAS ---
2026-04-26 21:37:56,634 - ui.main_window - INFO - 229 - --- FINALIZADA PÁGINA REVISTAS ---
2026-04-26 21:37:56,635 - ui.main_window - INFO - 235 - --- CREANDO PÁGINA AUTORES ---
2026-04-26 21:37:56,641 - ui.main_window - INFO - 357 - --- FINALIZADA PÁGINA AUTORES ---
2026-04-26 21:37:56,641 - ui.main_window - INFO - 362 - --- CREANDO PÁGINA TEMAS ---
2026-04-26 21:37:56,649 - ui.main_window - INFO - 423 - --- FINALIZADA PÁGINA TEMAS ---
2026-04-26 21:37:56,649 - ui.main_window - INFO - 428 - --- CREANDO PÁGINA ANALISIS ---
2026-04-26 21:37:56,657 - ui.main_window - INFO - 492 - --- FINALIZADA PÁGINA ANALISIS ---
2026-04-26 21:37:56,657 - ui.main_window - INFO - 494 - --- INICIO PROCEDIMIENTOS INCIALES ---
2026-04-26 21:37:56,657 - ui.main_window - INFO - 496 - --- FIN DE MAIN WINDOW ---
2026-04-26 21:37:56,666 - __main__ - CRITICAL - 81 - Error crítico al iniciar aplicación: 'set' object has no attribute 'append'
2026-04-26 21:39:52,558 - __main__ - INFO - 56 - === Iniciando la aplicación ===
2026-04-26 21:39:52,558 - __main__ - INFO - 28 - Iniciando configuración de la aplicación El Porteño - Index
- Versión: 3.0.0
2026-04-26 21:39:52,614 - database.connection - INFO - 26 - Conexión establecida
2026-04-26 21:39:52,614 - __main__ - INFO - 64 - Creando ventana principal
2026-04-26 21:39:52,615 - ui.main_window - INFO - 34 - Creando widgets en MainWindow
2026-04-26 21:39:52,616 - ui.main_window - INFO - 62 - --- CREANDO PÁGINA REVISTAS ---
2026-04-26 21:39:52,643 - ui.main_window - INFO - 229 - --- FINALIZADA PÁGINA REVISTAS ---
2026-04-26 21:39:52,643 - ui.main_window - INFO - 235 - --- CREANDO PÁGINA AUTORES ---
2026-04-26 21:39:52,649 - ui.main_window - INFO - 357 - --- FINALIZADA PÁGINA AUTORES ---
2026-04-26 21:39:52,649 - ui.main_window - INFO - 362 - --- CREANDO PÁGINA TEMAS ---
2026-04-26 21:39:52,654 - ui.main_window - INFO - 423 - --- FINALIZADA PÁGINA TEMAS ---
2026-04-26 21:39:52,654 - ui.main_window - INFO - 428 - --- CREANDO PÁGINA ANALISIS ---
2026-04-26 21:39:52,660 - ui.main_window - INFO - 492 - --- FINALIZADA PÁGINA ANALISIS ---
2026-04-26 21:39:52,660 - ui.main_window - INFO - 494 - --- INICIO PROCEDIMIENTOS INCIALES ---
2026-04-26 21:39:52,660 - ui.main_window - INFO - 496 - --- FIN DE MAIN WINDOW ---
2026-04-26 21:39:52,664 - __main__ - CRITICAL - 81 - Error crítico al iniciar aplicación: 'set' object has no attribute 'append'
2026-04-26 21:40:22,094 - __main__ - INFO - 56 - === Iniciando la aplicación ===
2026-04-26 21:40:22,094 - __main__ - INFO - 28 - Iniciando configuración de la aplicación El Porteño - Index
- Versión: 3.0.0
2026-04-26 21:40:22,161 - database.connection - INFO - 26 - Conexión establecida
2026-04-26 21:40:22,161 - __main__ - INFO - 64 - Creando ventana principal
2026-04-26 21:40:22,162 - ui.main_window - INFO - 34 - Creando widgets en MainWindow
2026-04-26 21:40:22,164 - ui.main_window - INFO - 62 - --- CREANDO PÁGINA REVISTAS ---
2026-04-26 21:40:22,187 - ui.main_window - INFO - 229 - --- FINALIZADA PÁGINA REVISTAS ---
2026-04-26 21:40:22,187 - ui.main_window - INFO - 235 - --- CREANDO PÁGINA AUTORES ---
2026-04-26 21:40:22,194 - ui.main_window - INFO - 357 - --- FINALIZADA PÁGINA AUTORES ---
2026-04-26 21:40:22,194 - ui.main_window - INFO - 362 - --- CREANDO PÁGINA TEMAS ---
2026-04-26 21:40:22,199 - ui.main_window - INFO - 423 - --- FINALIZADA PÁGINA TEMAS ---
2026-04-26 21:40:22,199 - ui.main_window - INFO - 428 - --- CREANDO PÁGINA ANALISIS ---
2026-04-26 21:40:22,205 - ui.main_window - INFO - 492 - --- FINALIZADA PÁGINA ANALISIS ---
2026-04-26 21:40:22,205 - ui.main_window - INFO - 494 - --- INICIO PROCEDIMIENTOS INCIALES ---
2026-04-26 21:40:22,205 - ui.main_window - INFO - 496 - --- FIN DE MAIN WINDOW ---
2026-04-26 21:40:22,208 - __main__ - ERROR - 49 - Excepción no manejada:
Traceback (most recent call last):
  File "/home/luc/Documents/10_Archivo/Revistas/El Porteño/main.py", line 84, in <module>
    sys.exit(main())
             ^^^^^^
  File "/home/luc/Documents/10_Archivo/Revistas/El Porteño/main.py", line 65, in main
    window = MainWindow(app_state)
             ^^^^^^^^^^^^^^^^^^^^^
  File "/home/luc/Documents/10_Archivo/Revistas/El Porteño/ui/main_window.py", line 29, in __init__
    self._setup_ui()
  File "/home/luc/Documents/10_Archivo/Revistas/El Porteño/ui/main_window.py", line 57, in _setup_ui
    self._procedimiento_al_inicio()
  File "/home/luc/Documents/10_Archivo/Revistas/El Porteño/ui/main_window.py", line 546, in _procedimiento_al_inicio
    self.actualizar_revista(last_id)
  File "/home/luc/Documents/10_Archivo/Revistas/El Porteño/ui/main_window.py", line 554, in actualizar_revista
    self.cargar_revista_en_app_state(id_revista)
  File "/home/luc/Documents/10_Archivo/Revistas/El Porteño/ui/main_window.py", line 560, in cargar_revista_en_app_state
    RevistaServices.cargar_notas(revista)
  File "/home/luc/Documents/10_Archivo/Revistas/El Porteño/services.py", line 99, in cargar_notas
    NotaServices.completar_extras(nota)
  File "/home/luc/Documents/10_Archivo/Revistas/El Porteño/services.py", line 170, in completar_extras
    NotaServices.cargar_autores(nota)
  File "/home/luc/Documents/10_Archivo/Revistas/El Porteño/services.py", line 199, in cargar_autores
    nota.autores.append(autor)
    ^^^^^^^^^^^^^^^^^^^
AttributeError: 'set' object has no attribute 'append'
2026-04-26 21:43:36,040 - __main__ - INFO - 56 - === Iniciando la aplicación ===
2026-04-26 21:43:36,040 - __main__ - INFO - 28 - Iniciando configuración de la aplicación El Porteño - Index
- Versión: 3.0.0
2026-04-26 21:43:36,094 - database.connection - INFO - 26 - Conexión establecida
2026-04-26 21:43:36,094 - __main__ - INFO - 64 - Creando ventana principal
2026-04-26 21:43:36,095 - ui.main_window - INFO - 34 - Creando widgets en MainWindow
2026-04-26 21:43:36,096 - ui.main_window - INFO - 62 - --- CREANDO PÁGINA REVISTAS ---
2026-04-26 21:43:36,119 - ui.main_window - INFO - 229 - --- FINALIZADA PÁGINA REVISTAS ---
2026-04-26 21:43:36,120 - ui.main_window - INFO - 235 - --- CREANDO PÁGINA AUTORES ---
2026-04-26 21:43:36,126 - ui.main_window - INFO - 357 - --- FINALIZADA PÁGINA AUTORES ---
2026-04-26 21:43:36,126 - ui.main_window - INFO - 362 - --- CREANDO PÁGINA TEMAS ---
2026-04-26 21:43:36,130 - ui.main_window - INFO - 423 - --- FINALIZADA PÁGINA TEMAS ---
2026-04-26 21:43:36,130 - ui.main_window - INFO - 428 - --- CREANDO PÁGINA ANALISIS ---
2026-04-26 21:43:36,136 - ui.main_window - INFO - 492 - --- FINALIZADA PÁGINA ANALISIS ---
2026-04-26 21:43:36,136 - ui.main_window - INFO - 494 - --- INICIO PROCEDIMIENTOS INCIALES ---
2026-04-26 21:43:36,136 - ui.main_window - INFO - 496 - --- FIN DE MAIN WINDOW ---
2026-04-26 21:43:36,139 - __main__ - ERROR - 49 - Excepción no manejada:
Traceback (most recent call last):
  File "/home/luc/Documents/10_Archivo/Revistas/El Porteño/main.py", line 84, in <module>
    sys.exit(main())
             ^^^^^^
  File "/home/luc/Documents/10_Archivo/Revistas/El Porteño/main.py", line 65, in main
    window = MainWindow(app_state)
             ^^^^^^^^^^^^^^^^^^^^^
  File "/home/luc/Documents/10_Archivo/Revistas/El Porteño/ui/main_window.py", line 29, in __init__
    self._setup_ui()
  File "/home/luc/Documents/10_Archivo/Revistas/El Porteño/ui/main_window.py", line 57, in _setup_ui
    self._procedimiento_al_inicio()
  File "/home/luc/Documents/10_Archivo/Revistas/El Porteño/ui/main_window.py", line 546, in _procedimiento_al_inicio
    self.actualizar_revista(last_id)
  File "/home/luc/Documents/10_Archivo/Revistas/El Porteño/ui/main_window.py", line 554, in actualizar_revista
    self.cargar_revista_en_app_state(id_revista)
  File "/home/luc/Documents/10_Archivo/Revistas/El Porteño/ui/main_window.py", line 560, in cargar_revista_en_app_state
    RevistaServices.cargar_notas(revista)
  File "/home/luc/Documents/10_Archivo/Revistas/El Porteño/services.py", line 99, in cargar_notas
    NotaServices.completar_extras(nota)
  File "/home/luc/Documents/10_Archivo/Revistas/El Porteño/services.py", line 170, in completar_extras
    NotaServices.cargar_autores(nota)
  File "/home/luc/Documents/10_Archivo/Revistas/El Porteño/services.py", line 199, in cargar_autores
    nota.autores.append(autor)
    ^^^^^^^^^^^^^^^^^^^
AttributeError: 'set' object has no attribute 'append'
2026-04-26 21:44:12,889 - __main__ - INFO - 56 - === Iniciando la aplicación ===
2026-04-26 21:44:12,889 - __main__ - INFO - 28 - Iniciando configuración de la aplicación El Porteño - Index
- Versión: 3.0.0
2026-04-26 21:44:12,943 - database.connection - INFO - 26 - Conexión establecida
2026-04-26 21:44:12,943 - __main__ - INFO - 64 - Creando ventana principal
2026-04-26 21:44:12,943 - ui.main_window - INFO - 34 - Creando widgets en MainWindow
2026-04-26 21:44:12,944 - ui.main_window - INFO - 62 - --- CREANDO PÁGINA REVISTAS ---
2026-04-26 21:44:12,968 - ui.main_window - INFO - 229 - --- FINALIZADA PÁGINA REVISTAS ---
2026-04-26 21:44:12,968 - ui.main_window - INFO - 235 - --- CREANDO PÁGINA AUTORES ---
2026-04-26 21:44:12,973 - ui.main_window - INFO - 357 - --- FINALIZADA PÁGINA AUTORES ---
2026-04-26 21:44:12,974 - ui.main_window - INFO - 362 - --- CREANDO PÁGINA TEMAS ---
2026-04-26 21:44:12,978 - ui.main_window - INFO - 423 - --- FINALIZADA PÁGINA TEMAS ---
2026-04-26 21:44:12,978 - ui.main_window - INFO - 428 - --- CREANDO PÁGINA ANALISIS ---
2026-04-26 21:44:12,985 - ui.main_window - INFO - 492 - --- FINALIZADA PÁGINA ANALISIS ---
2026-04-26 21:44:12,986 - ui.main_window - INFO - 494 - --- INICIO PROCEDIMIENTOS INCIALES ---
2026-04-26 21:44:12,986 - ui.main_window - INFO - 496 - --- FIN DE MAIN WINDOW ---
2026-04-26 21:44:13,197 - __main__ - INFO - 72 - Ventana principal mostrada - Se inicia Main loop
2026-04-26 21:44:45,820 - database.connection - INFO - 37 - Conexión cerrada
2026-04-26 21:44:45,821 - __main__ - INFO - 77 - === Aplicación finalizada correctamente ===
2026-04-26 21:45:54,499 - __main__ - INFO - 56 - === Iniciando la aplicación ===
2026-04-26 21:45:54,499 - __main__ - INFO - 28 - Iniciando configuración de la aplicación El Porteño - Index
- Versión: 3.0.0
2026-04-26 21:45:54,562 - database.connection - INFO - 26 - Conexión establecida
2026-04-26 21:45:54,562 - __main__ - INFO - 64 - Creando ventana principal
2026-04-26 21:45:54,563 - ui.main_window - INFO - 34 - Creando widgets en MainWindow
2026-04-26 21:45:54,564 - ui.main_window - INFO - 62 - --- CREANDO PÁGINA REVISTAS ---
2026-04-26 21:45:54,589 - ui.main_window - INFO - 229 - --- FINALIZADA PÁGINA REVISTAS ---
2026-04-26 21:45:54,589 - ui.main_window - INFO - 235 - --- CREANDO PÁGINA AUTORES ---
2026-04-26 21:45:54,596 - ui.main_window - INFO - 357 - --- FINALIZADA PÁGINA AUTORES ---
2026-04-26 21:45:54,596 - ui.main_window - INFO - 362 - --- CREANDO PÁGINA TEMAS ---
2026-04-26 21:45:54,601 - ui.main_window - INFO - 423 - --- FINALIZADA PÁGINA TEMAS ---
2026-04-26 21:45:54,602 - ui.main_window - INFO - 428 - --- CREANDO PÁGINA ANALISIS ---
2026-04-26 21:45:54,608 - ui.main_window - INFO - 492 - --- FINALIZADA PÁGINA ANALISIS ---
2026-04-26 21:45:54,608 - ui.main_window - INFO - 494 - --- INICIO PROCEDIMIENTOS INCIALES ---
2026-04-26 21:45:54,608 - ui.main_window - INFO - 496 - --- FIN DE MAIN WINDOW ---
2026-04-26 21:45:54,843 - __main__ - INFO - 72 - Ventana principal mostrada - Se inicia Main loop
2026-04-26 21:46:16,950 - database.connection - INFO - 37 - Conexión cerrada
2026-04-26 21:46:16,951 - __main__ - INFO - 77 - === Aplicación finalizada correctamente ===
2026-04-26 21:48:37,098 - __main__ - INFO - 56 - === Iniciando la aplicación ===
2026-04-26 21:48:37,098 - __main__ - INFO - 28 - Iniciando configuración de la aplicación El Porteño - Index
- Versión: 3.0.0
2026-04-26 21:48:37,165 - database.connection - INFO - 26 - Conexión establecida
2026-04-26 21:48:37,166 - __main__ - INFO - 64 - Creando ventana principal
2026-04-26 21:48:37,166 - ui.main_window - INFO - 34 - Creando widgets en MainWindow
2026-04-26 21:48:37,167 - ui.main_window - INFO - 62 - --- CREANDO PÁGINA REVISTAS ---
2026-04-26 21:48:37,196 - ui.main_window - INFO - 229 - --- FINALIZADA PÁGINA REVISTAS ---
2026-04-26 21:48:37,197 - ui.main_window - INFO - 235 - --- CREANDO PÁGINA AUTORES ---
2026-04-26 21:48:37,203 - ui.main_window - INFO - 357 - --- FINALIZADA PÁGINA AUTORES ---
2026-04-26 21:48:37,203 - ui.main_window - INFO - 362 - --- CREANDO PÁGINA TEMAS ---
2026-04-26 21:48:37,208 - ui.main_window - INFO - 423 - --- FINALIZADA PÁGINA TEMAS ---
2026-04-26 21:48:37,208 - ui.main_window - INFO - 428 - --- CREANDO PÁGINA ANALISIS ---
2026-04-26 21:48:37,214 - ui.main_window - INFO - 492 - --- FINALIZADA PÁGINA ANALISIS ---
2026-04-26 21:48:37,214 - ui.main_window - INFO - 494 - --- INICIO PROCEDIMIENTOS INCIALES ---
2026-04-26 21:48:37,214 - ui.main_window - INFO - 496 - --- FIN DE MAIN WINDOW ---
2026-04-26 21:48:37,426 - __main__ - INFO - 72 - Ventana principal mostrada - Se inicia Main loop
2026-04-26 21:48:43,932 - database.connection - INFO - 37 - Conexión cerrada
2026-04-26 21:48:43,933 - __main__ - INFO - 77 - === Aplicación finalizada correctamente ===
2026-04-26 21:49:26,831 - __main__ - INFO - 56 - === Iniciando la aplicación ===
2026-04-26 21:49:26,831 - __main__ - INFO - 28 - Iniciando configuración de la aplicación El Porteño - Index
- Versión: 3.0.0
2026-04-26 21:49:26,896 - database.connection - INFO - 26 - Conexión establecida
2026-04-26 21:49:26,897 - __main__ - INFO - 64 - Creando ventana principal
2026-04-26 21:49:26,897 - ui.main_window - INFO - 34 - Creando widgets en MainWindow
2026-04-26 21:49:26,898 - ui.main_window - INFO - 62 - --- CREANDO PÁGINA REVISTAS ---
2026-04-26 21:49:26,921 - ui.main_window - INFO - 229 - --- FINALIZADA PÁGINA REVISTAS ---
2026-04-26 21:49:26,921 - ui.main_window - INFO - 235 - --- CREANDO PÁGINA AUTORES ---
2026-04-26 21:49:26,927 - ui.main_window - INFO - 357 - --- FINALIZADA PÁGINA AUTORES ---
2026-04-26 21:49:26,927 - ui.main_window - INFO - 362 - --- CREANDO PÁGINA TEMAS ---
2026-04-26 21:49:26,931 - ui.main_window - INFO - 423 - --- FINALIZADA PÁGINA TEMAS ---
2026-04-26 21:49:26,932 - ui.main_window - INFO - 428 - --- CREANDO PÁGINA ANALISIS ---
2026-04-26 21:49:26,938 - ui.main_window - INFO - 492 - --- FINALIZADA PÁGINA ANALISIS ---
2026-04-26 21:49:26,938 - ui.main_window - INFO - 494 - --- INICIO PROCEDIMIENTOS INCIALES ---
2026-04-26 21:49:26,938 - ui.main_window - INFO - 496 - --- FIN DE MAIN WINDOW ---
2026-04-26 21:49:27,144 - __main__ - INFO - 72 - Ventana principal mostrada - Se inicia Main loop
2026-04-26 21:49:42,471 - database.connection - INFO - 37 - Conexión cerrada
2026-04-26 21:49:42,472 - __main__ - INFO - 77 - === Aplicación finalizada correctamente ===
2026-04-26 21:53:58,655 - __main__ - INFO - 56 - === Iniciando la aplicación ===
2026-04-26 21:53:58,655 - __main__ - INFO - 28 - Iniciando configuración de la aplicación El Porteño - Index
- Versión: 3.0.0
2026-04-26 21:53:58,712 - database.connection - INFO - 26 - Conexión establecida
2026-04-26 21:53:58,713 - __main__ - INFO - 64 - Creando ventana principal
2026-04-26 21:53:58,713 - ui.main_window - INFO - 34 - Creando widgets en MainWindow
2026-04-26 21:53:58,714 - ui.main_window - INFO - 62 - --- CREANDO PÁGINA REVISTAS ---
2026-04-26 21:53:58,739 - ui.main_window - INFO - 229 - --- FINALIZADA PÁGINA REVISTAS ---
2026-04-26 21:53:58,739 - ui.main_window - INFO - 235 - --- CREANDO PÁGINA AUTORES ---
2026-04-26 21:53:58,744 - ui.main_window - INFO - 357 - --- FINALIZADA PÁGINA AUTORES ---
2026-04-26 21:53:58,744 - ui.main_window - INFO - 362 - --- CREANDO PÁGINA TEMAS ---
2026-04-26 21:53:58,750 - ui.main_window - INFO - 423 - --- FINALIZADA PÁGINA TEMAS ---
2026-04-26 21:53:58,751 - ui.main_window - INFO - 428 - --- CREANDO PÁGINA ANALISIS ---
2026-04-26 21:53:58,756 - ui.main_window - INFO - 492 - --- FINALIZADA PÁGINA ANALISIS ---
2026-04-26 21:53:58,756 - ui.main_window - INFO - 494 - --- INICIO PROCEDIMIENTOS INCIALES ---
2026-04-26 21:53:58,756 - ui.main_window - INFO - 496 - --- FIN DE MAIN WINDOW ---
2026-04-26 21:53:58,992 - __main__ - INFO - 72 - Ventana principal mostrada - Se inicia Main loop
2026-04-26 21:54:20,734 - database.connection - INFO - 37 - Conexión cerrada
2026-04-26 21:54:20,735 - __main__ - INFO - 77 - === Aplicación finalizada correctamente ===
2026-04-26 21:54:53,013 - __main__ - INFO - 56 - === Iniciando la aplicación ===
2026-04-26 21:54:53,013 - __main__ - INFO - 28 - Iniciando configuración de la aplicación El Porteño - Index
- Versión: 3.0.0
2026-04-26 21:54:53,070 - database.connection - INFO - 26 - Conexión establecida
2026-04-26 21:54:53,070 - __main__ - INFO - 64 - Creando ventana principal
2026-04-26 21:54:53,071 - ui.main_window - INFO - 34 - Creando widgets en MainWindow
2026-04-26 21:54:53,072 - ui.main_window - INFO - 62 - --- CREANDO PÁGINA REVISTAS ---
2026-04-26 21:54:53,096 - ui.main_window - INFO - 229 - --- FINALIZADA PÁGINA REVISTAS ---
2026-04-26 21:54:53,096 - ui.main_window - INFO - 235 - --- CREANDO PÁGINA AUTORES ---
2026-04-26 21:54:53,102 - ui.main_window - INFO - 357 - --- FINALIZADA PÁGINA AUTORES ---
2026-04-26 21:54:53,102 - ui.main_window - INFO - 362 - --- CREANDO PÁGINA TEMAS ---
2026-04-26 21:54:53,106 - ui.main_window - INFO - 423 - --- FINALIZADA PÁGINA TEMAS ---
2026-04-26 21:54:53,107 - ui.main_window - INFO - 428 - --- CREANDO PÁGINA ANALISIS ---
2026-04-26 21:54:53,112 - ui.main_window - INFO - 492 - --- FINALIZADA PÁGINA ANALISIS ---
2026-04-26 21:54:53,112 - ui.main_window - INFO - 494 - --- INICIO PROCEDIMIENTOS INCIALES ---
2026-04-26 21:54:53,112 - ui.main_window - INFO - 496 - --- FIN DE MAIN WINDOW ---
2026-04-26 21:54:53,338 - __main__ - INFO - 72 - Ventana principal mostrada - Se inicia Main loop
2026-04-26 21:56:10,421 - __main__ - INFO - 56 - === Iniciando la aplicación ===
2026-04-26 21:56:10,422 - __main__ - INFO - 28 - Iniciando configuración de la aplicación El Porteño - Index
- Versión: 3.0.0
2026-04-26 21:56:10,490 - database.connection - INFO - 26 - Conexión establecida
2026-04-26 21:56:10,491 - __main__ - INFO - 64 - Creando ventana principal
2026-04-26 21:56:10,492 - ui.main_window - INFO - 34 - Creando widgets en MainWindow
2026-04-26 21:56:10,492 - ui.main_window - INFO - 62 - --- CREANDO PÁGINA REVISTAS ---
2026-04-26 21:56:10,517 - ui.main_window - INFO - 229 - --- FINALIZADA PÁGINA REVISTAS ---
2026-04-26 21:56:10,517 - ui.main_window - INFO - 235 - --- CREANDO PÁGINA AUTORES ---
2026-04-26 21:56:10,524 - ui.main_window - INFO - 357 - --- FINALIZADA PÁGINA AUTORES ---
2026-04-26 21:56:10,524 - ui.main_window - INFO - 362 - --- CREANDO PÁGINA TEMAS ---
2026-04-26 21:56:10,529 - ui.main_window - INFO - 423 - --- FINALIZADA PÁGINA TEMAS ---
2026-04-26 21:56:10,530 - ui.main_window - INFO - 428 - --- CREANDO PÁGINA ANALISIS ---
2026-04-26 21:56:10,535 - ui.main_window - INFO - 492 - --- FINALIZADA PÁGINA ANALISIS ---
2026-04-26 21:56:10,535 - ui.main_window - INFO - 494 - --- INICIO PROCEDIMIENTOS INCIALES ---
2026-04-26 21:56:10,535 - ui.main_window - INFO - 496 - --- FIN DE MAIN WINDOW ---
2026-04-26 21:56:10,789 - __main__ - INFO - 72 - Ventana principal mostrada - Se inicia Main loop
2026-04-26 21:59:15,770 - __main__ - INFO - 56 - === Iniciando la aplicación ===
2026-04-26 21:59:15,770 - __main__ - INFO - 28 - Iniciando configuración de la aplicación El Porteño - Index
- Versión: 3.0.0
2026-04-26 21:59:15,841 - database.connection - INFO - 26 - Conexión establecida
2026-04-26 21:59:15,841 - __main__ - INFO - 64 - Creando ventana principal
2026-04-26 21:59:15,842 - ui.main_window - INFO - 34 - Creando widgets en MainWindow
2026-04-26 21:59:15,843 - ui.main_window - INFO - 62 - --- CREANDO PÁGINA REVISTAS ---
2026-04-26 21:59:15,867 - ui.main_window - INFO - 229 - --- FINALIZADA PÁGINA REVISTAS ---
2026-04-26 21:59:15,867 - ui.main_window - INFO - 235 - --- CREANDO PÁGINA AUTORES ---
2026-04-26 21:59:15,876 - ui.main_window - INFO - 357 - --- FINALIZADA PÁGINA AUTORES ---
2026-04-26 21:59:15,876 - ui.main_window - INFO - 362 - --- CREANDO PÁGINA TEMAS ---
2026-04-26 21:59:15,883 - ui.main_window - INFO - 423 - --- FINALIZADA PÁGINA TEMAS ---
2026-04-26 21:59:15,883 - ui.main_window - INFO - 428 - --- CREANDO PÁGINA ANALISIS ---
2026-04-26 21:59:15,892 - ui.main_window - INFO - 492 - --- FINALIZADA PÁGINA ANALISIS ---
2026-04-26 21:59:15,892 - ui.main_window - INFO - 494 - --- INICIO PROCEDIMIENTOS INCIALES ---
2026-04-26 21:59:15,892 - ui.main_window - INFO - 496 - --- FIN DE MAIN WINDOW ---
2026-04-26 21:59:16,118 - __main__ - INFO - 72 - Ventana principal mostrada - Se inicia Main loop
2026-04-26 21:59:25,425 - database.connection - INFO - 37 - Conexión cerrada
2026-04-26 21:59:25,426 - __main__ - INFO - 77 - === Aplicación finalizada correctamente ===
2026-04-26 21:59:35,928 - __main__ - INFO - 56 - === Iniciando la aplicación ===
2026-04-26 21:59:35,928 - __main__ - INFO - 28 - Iniciando configuración de la aplicación El Porteño - Index
- Versión: 3.0.0
2026-04-26 21:59:35,989 - database.connection - INFO - 26 - Conexión establecida
2026-04-26 21:59:35,989 - __main__ - INFO - 64 - Creando ventana principal
2026-04-26 21:59:35,990 - ui.main_window - INFO - 34 - Creando widgets en MainWindow
2026-04-26 21:59:35,991 - ui.main_window - INFO - 62 - --- CREANDO PÁGINA REVISTAS ---
2026-04-26 21:59:36,034 - ui.main_window - INFO - 229 - --- FINALIZADA PÁGINA REVISTAS ---
2026-04-26 21:59:36,034 - ui.main_window - INFO - 235 - --- CREANDO PÁGINA AUTORES ---
2026-04-26 21:59:36,045 - ui.main_window - INFO - 357 - --- FINALIZADA PÁGINA AUTORES ---
2026-04-26 21:59:36,045 - ui.main_window - INFO - 362 - --- CREANDO PÁGINA TEMAS ---
2026-04-26 21:59:36,053 - ui.main_window - INFO - 423 - --- FINALIZADA PÁGINA TEMAS ---
2026-04-26 21:59:36,053 - ui.main_window - INFO - 428 - --- CREANDO PÁGINA ANALISIS ---
2026-04-26 21:59:36,062 - ui.main_window - INFO - 492 - --- FINALIZADA PÁGINA ANALISIS ---
2026-04-26 21:59:36,062 - ui.main_window - INFO - 494 - --- INICIO PROCEDIMIENTOS INCIALES ---
2026-04-26 21:59:36,062 - ui.main_window - INFO - 496 - --- FIN DE MAIN WINDOW ---
2026-04-26 21:59:36,298 - __main__ - INFO - 72 - Ventana principal mostrada - Se inicia Main loop
2026-04-26 21:59:38,995 - __main__ - ERROR - 49 - Excepción no manejada:
Traceback (most recent call last):
  File "/home/luc/Documents/10_Archivo/Revistas/El Porteño/ui/main_window.py", line 1031, in vn_revista_row_activate
    self.lanzar_notas_windows()
  File "/home/luc/Documents/10_Archivo/Revistas/El Porteño/ui/main_window.py", line 940, in lanzar_notas_windows
    window_nota = DialogNotas(self.app_state)
                  ^^^^^^^^^^^^^^^^^^^^^^^^^^^
  File "/home/luc/Documents/10_Archivo/Revistas/El Porteño/ui/notas_window.py", line 17, in __init__
    self._iniciar()
  File "/home/luc/Documents/10_Archivo/Revistas/El Porteño/ui/notas_window.py", line 112, in _iniciar
    self.habilitar_edicion(False)
  File "/home/luc/Documents/10_Archivo/Revistas/El Porteño/ui/notas_window.py", line 148, in habilitar_edicion
    self.configurar_headers()
  File "/home/luc/Documents/10_Archivo/Revistas/El Porteño/ui/notas_window.py", line 161, in configurar_headers
    if self.is_first():
       ^^^^^^^^^^^^^^^
  File "/home/luc/Documents/10_Archivo/Revistas/El Porteño/ui/notas_window.py", line 175, in is_first
    if self.app_state.nota_seleccionada.id == self.app_state.revista_seleccionada.notas[0].id:
       ^^^^^^^^^^^^^^^^^^^^^^^^^^^^^^^^^^^
AttributeError: 'int' object has no attribute 'id'
2026-04-26 22:15:40,379 - __main__ - INFO - 56 - === Iniciando la aplicación ===
2026-04-26 22:15:40,379 - __main__ - INFO - 28 - Iniciando configuración de la aplicación El Porteño - Index
- Versión: 3.0.0
2026-04-26 22:15:40,444 - database.connection - INFO - 26 - Conexión establecida
2026-04-26 22:15:40,445 - __main__ - INFO - 64 - Creando ventana principal
2026-04-26 22:15:40,445 - ui.main_window - INFO - 34 - Creando widgets en MainWindow
2026-04-26 22:15:40,446 - ui.main_window - INFO - 62 - --- CREANDO PÁGINA REVISTAS ---
2026-04-26 22:15:40,474 - ui.main_window - INFO - 229 - --- FINALIZADA PÁGINA REVISTAS ---
2026-04-26 22:15:40,474 - ui.main_window - INFO - 235 - --- CREANDO PÁGINA AUTORES ---
2026-04-26 22:15:40,484 - ui.main_window - INFO - 357 - --- FINALIZADA PÁGINA AUTORES ---
2026-04-26 22:15:40,484 - ui.main_window - INFO - 362 - --- CREANDO PÁGINA TEMAS ---
2026-04-26 22:15:40,492 - ui.main_window - INFO - 423 - --- FINALIZADA PÁGINA TEMAS ---
2026-04-26 22:15:40,493 - ui.main_window - INFO - 428 - --- CREANDO PÁGINA ANALISIS ---
2026-04-26 22:15:40,501 - ui.main_window - INFO - 492 - --- FINALIZADA PÁGINA ANALISIS ---
2026-04-26 22:15:40,502 - ui.main_window - INFO - 494 - --- INICIO PROCEDIMIENTOS INCIALES ---
2026-04-26 22:15:40,502 - ui.main_window - INFO - 496 - --- FIN DE MAIN WINDOW ---
2026-04-26 22:15:40,779 - __main__ - INFO - 72 - Ventana principal mostrada - Se inicia Main loop
2026-04-26 22:15:42,576 - __main__ - ERROR - 49 - Excepción no manejada:
Traceback (most recent call last):
  File "/home/luc/Documents/10_Archivo/Revistas/El Porteño/ui/main_window.py", line 1031, in vn_revista_row_activate
    self.lanzar_notas_windows()
  File "/home/luc/Documents/10_Archivo/Revistas/El Porteño/ui/main_window.py", line 940, in lanzar_notas_windows
    window_nota = DialogNotas(self.app_state)
                  ^^^^^^^^^^^^^^^^^^^^^^^^^^^
  File "/home/luc/Documents/10_Archivo/Revistas/El Porteño/ui/notas_window.py", line 17, in __init__
    self._iniciar()
  File "/home/luc/Documents/10_Archivo/Revistas/El Porteño/ui/notas_window.py", line 112, in _iniciar
    self.habilitar_edicion(False)
  File "/home/luc/Documents/10_Archivo/Revistas/El Porteño/ui/notas_window.py", line 148, in habilitar_edicion
    self.configurar_headers()
  File "/home/luc/Documents/10_Archivo/Revistas/El Porteño/ui/notas_window.py", line 161, in configurar_headers
    if self.is_first():
       ^^^^^^^^^^^^^^^
  File "/home/luc/Documents/10_Archivo/Revistas/El Porteño/ui/notas_window.py", line 175, in is_first
    if self.app_state.nota_seleccionada.id == self.app_state.revista_seleccionada.notas[0].id:
       ^^^^^^^^^^^^^^^^^^^^^^^^^^^^^^^^^^^
AttributeError: 'int' object has no attribute 'id'
2026-04-26 22:16:34,633 - __main__ - INFO - 56 - === Iniciando la aplicación ===
2026-04-26 22:16:34,633 - __main__ - INFO - 28 - Iniciando configuración de la aplicación El Porteño - Index
- Versión: 3.0.0
2026-04-26 22:16:34,702 - database.connection - INFO - 26 - Conexión establecida
2026-04-26 22:16:34,702 - __main__ - INFO - 64 - Creando ventana principal
2026-04-26 22:16:34,703 - ui.main_window - INFO - 35 - Creando widgets en MainWindow
2026-04-26 22:16:34,703 - ui.main_window - INFO - 63 - --- CREANDO PÁGINA REVISTAS ---
2026-04-26 22:16:34,735 - ui.main_window - INFO - 230 - --- FINALIZADA PÁGINA REVISTAS ---
2026-04-26 22:16:34,735 - ui.main_window - INFO - 236 - --- CREANDO PÁGINA AUTORES ---
2026-04-26 22:16:34,745 - ui.main_window - INFO - 358 - --- FINALIZADA PÁGINA AUTORES ---
2026-04-26 22:16:34,745 - ui.main_window - INFO - 363 - --- CREANDO PÁGINA TEMAS ---
2026-04-26 22:16:34,751 - ui.main_window - INFO - 424 - --- FINALIZADA PÁGINA TEMAS ---
2026-04-26 22:16:34,752 - ui.main_window - INFO - 429 - --- CREANDO PÁGINA ANALISIS ---
2026-04-26 22:16:34,757 - ui.main_window - INFO - 493 - --- FINALIZADA PÁGINA ANALISIS ---
2026-04-26 22:16:34,757 - ui.main_window - INFO - 495 - --- INICIO PROCEDIMIENTOS INCIALES ---
2026-04-26 22:16:34,757 - ui.main_window - INFO - 497 - --- FIN DE MAIN WINDOW ---
2026-04-26 22:16:34,975 - __main__ - INFO - 72 - Ventana principal mostrada - Se inicia Main loop
2026-04-26 22:16:40,981 - database.connection - INFO - 37 - Conexión cerrada
2026-04-26 22:16:40,982 - __main__ - INFO - 77 - === Aplicación finalizada correctamente ===
2026-04-27 23:08:51,999 - __main__ - INFO - 56 - === Iniciando la aplicación ===
2026-04-27 23:08:52,000 - __main__ - INFO - 28 - Iniciando configuración de la aplicación El Porteño - Index
- Versión: 3.0.0
2026-04-27 23:08:52,119 - database.connection - INFO - 26 - Conexión establecida
2026-04-27 23:08:52,119 - __main__ - INFO - 64 - Creando ventana principal
2026-04-27 23:08:52,120 - ui.main_window - INFO - 35 - Creando widgets en MainWindow
2026-04-27 23:08:52,121 - ui.main_window - INFO - 63 - --- CREANDO PÁGINA REVISTAS ---
2026-04-27 23:08:52,143 - ui.main_window - INFO - 230 - --- FINALIZADA PÁGINA REVISTAS ---
2026-04-27 23:08:52,143 - ui.main_window - INFO - 236 - --- CREANDO PÁGINA AUTORES ---
2026-04-27 23:08:52,148 - ui.main_window - INFO - 358 - --- FINALIZADA PÁGINA AUTORES ---
2026-04-27 23:08:52,148 - ui.main_window - INFO - 363 - --- CREANDO PÁGINA TEMAS ---
2026-04-27 23:08:52,152 - ui.main_window - INFO - 424 - --- FINALIZADA PÁGINA TEMAS ---
2026-04-27 23:08:52,152 - ui.main_window - INFO - 429 - --- CREANDO PÁGINA ANALISIS ---
2026-04-27 23:08:52,157 - ui.main_window - INFO - 493 - --- FINALIZADA PÁGINA ANALISIS ---
2026-04-27 23:08:52,157 - ui.main_window - INFO - 495 - --- INICIO PROCEDIMIENTOS INCIALES ---
2026-04-27 23:08:52,157 - ui.main_window - INFO - 497 - --- FIN DE MAIN WINDOW ---
2026-04-27 23:08:52,418 - __main__ - INFO - 72 - Ventana principal mostrada - Se inicia Main loop
2026-04-27 23:08:59,371 - database.connection - INFO - 37 - Conexión cerrada
2026-04-27 23:08:59,372 - __main__ - INFO - 77 - === Aplicación finalizada correctamente ===
2026-04-27 23:36:52,034 - __main__ - INFO - 56 - === Iniciando la aplicación ===
2026-04-27 23:36:52,034 - __main__ - INFO - 28 - Iniciando configuración de la aplicación El Porteño - Index
- Versión: 3.0.0
2026-04-27 23:36:52,089 - database.connection - INFO - 26 - Conexión establecida
2026-04-27 23:36:52,089 - __main__ - INFO - 64 - Creando ventana principal
2026-04-27 23:36:52,090 - ui.main_window - INFO - 35 - Creando widgets en MainWindow
2026-04-27 23:36:52,091 - ui.main_window - INFO - 63 - --- CREANDO PÁGINA REVISTAS ---
2026-04-27 23:36:52,113 - ui.main_window - INFO - 230 - --- FINALIZADA PÁGINA REVISTAS ---
2026-04-27 23:36:52,113 - ui.main_window - INFO - 236 - --- CREANDO PÁGINA AUTORES ---
2026-04-27 23:36:52,119 - ui.main_window - INFO - 358 - --- FINALIZADA PÁGINA AUTORES ---
2026-04-27 23:36:52,119 - ui.main_window - INFO - 363 - --- CREANDO PÁGINA TEMAS ---
2026-04-27 23:36:52,123 - ui.main_window - INFO - 424 - --- FINALIZADA PÁGINA TEMAS ---
2026-04-27 23:36:52,123 - ui.main_window - INFO - 429 - --- CREANDO PÁGINA ANALISIS ---
2026-04-27 23:36:52,129 - ui.main_window - INFO - 493 - --- FINALIZADA PÁGINA ANALISIS ---
2026-04-27 23:36:52,129 - ui.main_window - INFO - 495 - --- INICIO PROCEDIMIENTOS INCIALES ---
2026-04-27 23:36:52,129 - ui.main_window - INFO - 497 - --- FIN DE MAIN WINDOW ---
2026-04-27 23:36:52,326 - __main__ - INFO - 72 - Ventana principal mostrada - Se inicia Main loop
2026-04-27 23:36:55,111 - __main__ - ERROR - 49 - Excepción no manejada:
Traceback (most recent call last):
  File "/home/luc/Documents/10_Archivo/Revistas/El Porteño/ui/main_window.py", line 1032, in vn_revista_row_activate
    self.lanzar_notas_windows()
  File "/home/luc/Documents/10_Archivo/Revistas/El Porteño/ui/main_window.py", line 941, in lanzar_notas_windows
    window_nota = DialogNotas(self.app_state)
                  ^^^^^^^^^^^^^^^^^^^^^^^^^^^
  File "/home/luc/Documents/10_Archivo/Revistas/El Porteño/ui/notas_window.py", line 16, in __init__
    self._setup_ui()
  File "/home/luc/Documents/10_Archivo/Revistas/El Porteño/ui/notas_window.py", line 76, in _setup_ui
    self.lista_autores = ListaMulti()
                         ^^^^^^^^^^^^
  File "/home/luc/Documents/10_Archivo/Revistas/El Porteño/ui/widgets.py", line 78, in __init__
    ls.append("0","")
TypeError: ListStore.append() takes from 1 to 2 positional arguments but 3 were given
2026-04-27 23:41:18,656 - __main__ - INFO - 56 - === Iniciando la aplicación ===
2026-04-27 23:41:18,656 - __main__ - INFO - 28 - Iniciando configuración de la aplicación El Porteño - Index
- Versión: 3.0.0
2026-04-27 23:41:18,708 - database.connection - INFO - 26 - Conexión establecida
2026-04-27 23:41:18,708 - __main__ - INFO - 64 - Creando ventana principal
2026-04-27 23:41:18,709 - ui.main_window - INFO - 35 - Creando widgets en MainWindow
2026-04-27 23:41:18,710 - ui.main_window - INFO - 63 - --- CREANDO PÁGINA REVISTAS ---
2026-04-27 23:41:18,733 - ui.main_window - INFO - 230 - --- FINALIZADA PÁGINA REVISTAS ---
2026-04-27 23:41:18,733 - ui.main_window - INFO - 236 - --- CREANDO PÁGINA AUTORES ---
2026-04-27 23:41:18,739 - ui.main_window - INFO - 358 - --- FINALIZADA PÁGINA AUTORES ---
2026-04-27 23:41:18,739 - ui.main_window - INFO - 363 - --- CREANDO PÁGINA TEMAS ---
2026-04-27 23:41:18,744 - ui.main_window - INFO - 424 - --- FINALIZADA PÁGINA TEMAS ---
2026-04-27 23:41:18,744 - ui.main_window - INFO - 429 - --- CREANDO PÁGINA ANALISIS ---
2026-04-27 23:41:18,750 - ui.main_window - INFO - 493 - --- FINALIZADA PÁGINA ANALISIS ---
2026-04-27 23:41:18,751 - ui.main_window - INFO - 495 - --- INICIO PROCEDIMIENTOS INCIALES ---
2026-04-27 23:41:18,751 - ui.main_window - INFO - 497 - --- FIN DE MAIN WINDOW ---
2026-04-27 23:41:18,972 - __main__ - INFO - 72 - Ventana principal mostrada - Se inicia Main loop
2026-04-27 23:41:21,230 - __main__ - ERROR - 49 - Excepción no manejada:
Traceback (most recent call last):
  File "/home/luc/Documents/10_Archivo/Revistas/El Porteño/ui/main_window.py", line 1032, in vn_revista_row_activate
    self.lanzar_notas_windows()
  File "/home/luc/Documents/10_Archivo/Revistas/El Porteño/ui/main_window.py", line 941, in lanzar_notas_windows
    window_nota = DialogNotas(self.app_state)
                  ^^^^^^^^^^^^^^^^^^^^^^^^^^^
  File "/home/luc/Documents/10_Archivo/Revistas/El Porteño/ui/notas_window.py", line 16, in __init__
    self._setup_ui()
  File "/home/luc/Documents/10_Archivo/Revistas/El Porteño/ui/notas_window.py", line 76, in _setup_ui
    self.lista_autores = ListaMulti()
                         ^^^^^^^^^^^^
  File "/home/luc/Documents/10_Archivo/Revistas/El Porteño/ui/widgets.py", line 78, in __init__
    ls.append("0","")
TypeError: ListStore.append() takes from 1 to 2 positional arguments but 3 were given
2026-04-27 23:41:42,513 - __main__ - INFO - 56 - === Iniciando la aplicación ===
2026-04-27 23:41:42,514 - __main__ - INFO - 28 - Iniciando configuración de la aplicación El Porteño - Index
- Versión: 3.0.0
2026-04-27 23:41:42,565 - database.connection - INFO - 26 - Conexión establecida
2026-04-27 23:41:42,566 - __main__ - INFO - 64 - Creando ventana principal
2026-04-27 23:41:42,566 - ui.main_window - INFO - 35 - Creando widgets en MainWindow
2026-04-27 23:41:42,567 - ui.main_window - INFO - 63 - --- CREANDO PÁGINA REVISTAS ---
2026-04-27 23:41:42,593 - ui.main_window - INFO - 230 - --- FINALIZADA PÁGINA REVISTAS ---
2026-04-27 23:41:42,594 - ui.main_window - INFO - 236 - --- CREANDO PÁGINA AUTORES ---
2026-04-27 23:41:42,600 - ui.main_window - INFO - 358 - --- FINALIZADA PÁGINA AUTORES ---
2026-04-27 23:41:42,600 - ui.main_window - INFO - 363 - --- CREANDO PÁGINA TEMAS ---
2026-04-27 23:41:42,606 - ui.main_window - INFO - 424 - --- FINALIZADA PÁGINA TEMAS ---
2026-04-27 23:41:42,606 - ui.main_window - INFO - 429 - --- CREANDO PÁGINA ANALISIS ---
2026-04-27 23:41:42,611 - ui.main_window - INFO - 493 - --- FINALIZADA PÁGINA ANALISIS ---
2026-04-27 23:41:42,612 - ui.main_window - INFO - 495 - --- INICIO PROCEDIMIENTOS INCIALES ---
2026-04-27 23:41:42,612 - ui.main_window - INFO - 497 - --- FIN DE MAIN WINDOW ---
2026-04-27 23:41:42,822 - __main__ - INFO - 72 - Ventana principal mostrada - Se inicia Main loop
2026-04-27 23:41:44,501 - __main__ - ERROR - 49 - Excepción no manejada:
Traceback (most recent call last):
  File "/home/luc/Documents/10_Archivo/Revistas/El Porteño/ui/main_window.py", line 1032, in vn_revista_row_activate
    self.lanzar_notas_windows()
  File "/home/luc/Documents/10_Archivo/Revistas/El Porteño/ui/main_window.py", line 941, in lanzar_notas_windows
    window_nota = DialogNotas(self.app_state)
                  ^^^^^^^^^^^^^^^^^^^^^^^^^^^
  File "/home/luc/Documents/10_Archivo/Revistas/El Porteño/ui/notas_window.py", line 16, in __init__
    self._setup_ui()
  File "/home/luc/Documents/10_Archivo/Revistas/El Porteño/ui/notas_window.py", line 76, in _setup_ui
    self.lista_autores = ListaMulti()
                         ^^^^^^^^^^^^
  File "/home/luc/Documents/10_Archivo/Revistas/El Porteño/ui/widgets.py", line 78, in __init__
    ls.append(["0",""])
  File "/home/luc/Documents/10_Archivo/Revistas/El Porteño/venv2/lib/python3.12/site-packages/gi/overrides/Gtk.py", line 1005, in append
    return self._do_insert(-1, row)
           ^^^^^^^^^^^^^^^^^^^^^^^^
  File "/home/luc/Documents/10_Archivo/Revistas/El Porteño/venv2/lib/python3.12/site-packages/gi/overrides/Gtk.py", line 996, in _do_insert
    row, columns = self._convert_row(row)
                   ^^^^^^^^^^^^^^^^^^^^^^
  File "/home/luc/Documents/10_Archivo/Revistas/El Porteño/venv2/lib/python3.12/site-packages/gi/overrides/Gtk.py", line 896, in _convert_row
    result.append(self._convert_value(cur_col, value))
                  ^^^^^^^^^^^^^^^^^^^^^^^^^^^^^^^^^^^
  File "/home/luc/Documents/10_Archivo/Revistas/El Porteño/venv2/lib/python3.12/site-packages/gi/overrides/Gtk.py", line 910, in _convert_value
    return GObject.Value(self.get_column_type(column), value)
           ^^^^^^^^^^^^^^^^^^^^^^^^^^^^^^^^^^^^^^^^^^^^^^^^^^
  File "/home/luc/Documents/10_Archivo/Revistas/El Porteño/venv2/lib/python3.12/site-packages/gi/overrides/GObject.py", line 208, in __init__
    self.set_value(py_value)
  File "/home/luc/Documents/10_Archivo/Revistas/El Porteño/venv2/lib/python3.12/site-packages/gi/overrides/GObject.py", line 257, in set_value
    _gi._gvalue_set(self, py_value)
TypeError: Must be number, not str
2026-04-27 23:43:05,116 - __main__ - INFO - 56 - === Iniciando la aplicación ===
2026-04-27 23:43:05,117 - __main__ - INFO - 28 - Iniciando configuración de la aplicación El Porteño - Index
- Versión: 3.0.0
2026-04-27 23:43:05,174 - database.connection - INFO - 26 - Conexión establecida
2026-04-27 23:43:05,174 - __main__ - INFO - 64 - Creando ventana principal
2026-04-27 23:43:05,175 - ui.main_window - INFO - 35 - Creando widgets en MainWindow
2026-04-27 23:43:05,176 - ui.main_window - INFO - 63 - --- CREANDO PÁGINA REVISTAS ---
2026-04-27 23:43:05,199 - ui.main_window - INFO - 230 - --- FINALIZADA PÁGINA REVISTAS ---
2026-04-27 23:43:05,199 - ui.main_window - INFO - 236 - --- CREANDO PÁGINA AUTORES ---
2026-04-27 23:43:05,204 - ui.main_window - INFO - 358 - --- FINALIZADA PÁGINA AUTORES ---
2026-04-27 23:43:05,204 - ui.main_window - INFO - 363 - --- CREANDO PÁGINA TEMAS ---
2026-04-27 23:43:05,209 - ui.main_window - INFO - 424 - --- FINALIZADA PÁGINA TEMAS ---
2026-04-27 23:43:05,209 - ui.main_window - INFO - 429 - --- CREANDO PÁGINA ANALISIS ---
2026-04-27 23:43:05,214 - ui.main_window - INFO - 493 - --- FINALIZADA PÁGINA ANALISIS ---
2026-04-27 23:43:05,214 - ui.main_window - INFO - 495 - --- INICIO PROCEDIMIENTOS INCIALES ---
2026-04-27 23:43:05,214 - ui.main_window - INFO - 497 - --- FIN DE MAIN WINDOW ---
2026-04-27 23:43:05,421 - __main__ - INFO - 72 - Ventana principal mostrada - Se inicia Main loop
2026-04-27 23:43:06,682 - __main__ - ERROR - 49 - Excepción no manejada:
Traceback (most recent call last):
  File "/home/luc/Documents/10_Archivo/Revistas/El Porteño/ui/main_window.py", line 1032, in vn_revista_row_activate
    self.lanzar_notas_windows()
  File "/home/luc/Documents/10_Archivo/Revistas/El Porteño/ui/main_window.py", line 941, in lanzar_notas_windows
    window_nota = DialogNotas(self.app_state)
                  ^^^^^^^^^^^^^^^^^^^^^^^^^^^
  File "/home/luc/Documents/10_Archivo/Revistas/El Porteño/ui/notas_window.py", line 18, in __init__
    self._iniciar()
  File "/home/luc/Documents/10_Archivo/Revistas/El Porteño/ui/notas_window.py", line 113, in _iniciar
    self.cargar_nota_en_widgets(self.app_state.nota_seleccionada)
  File "/home/luc/Documents/10_Archivo/Revistas/El Porteño/ui/notas_window.py", line 189, in cargar_nota_en_widgets
    self.lista_temas.set_elementos_seleccionados(nota.temas)
  File "/home/luc/Documents/10_Archivo/Revistas/El Porteño/ui/widgets.py", line 119, in set_elementos_seleccionados
    ls.append([e.id, utils.get_nombre_completo(e)])
                     ^^^^^^^^^^^^^^^^^^^^^^^^^^^^
  File "/home/luc/Documents/10_Archivo/Revistas/El Porteño/utils.py", line 38, in get_nombre_completo
    if persona.nombre == "":
       ^^^^^^^^^^^^^^
AttributeError: 'Tema' object has no attribute 'nombre'
2026-04-27 23:44:59,374 - __main__ - INFO - 56 - === Iniciando la aplicación ===
2026-04-27 23:44:59,374 - __main__ - INFO - 28 - Iniciando configuración de la aplicación El Porteño - Index
- Versión: 3.0.0
2026-04-27 23:44:59,427 - database.connection - INFO - 26 - Conexión establecida
2026-04-27 23:44:59,427 - __main__ - INFO - 64 - Creando ventana principal
2026-04-27 23:44:59,428 - ui.main_window - INFO - 35 - Creando widgets en MainWindow
2026-04-27 23:44:59,428 - ui.main_window - INFO - 63 - --- CREANDO PÁGINA REVISTAS ---
2026-04-27 23:44:59,450 - ui.main_window - INFO - 230 - --- FINALIZADA PÁGINA REVISTAS ---
2026-04-27 23:44:59,450 - ui.main_window - INFO - 236 - --- CREANDO PÁGINA AUTORES ---
2026-04-27 23:44:59,456 - ui.main_window - INFO - 358 - --- FINALIZADA PÁGINA AUTORES ---
2026-04-27 23:44:59,456 - ui.main_window - INFO - 363 - --- CREANDO PÁGINA TEMAS ---
2026-04-27 23:44:59,461 - ui.main_window - INFO - 424 - --- FINALIZADA PÁGINA TEMAS ---
2026-04-27 23:44:59,461 - ui.main_window - INFO - 429 - --- CREANDO PÁGINA ANALISIS ---
2026-04-27 23:44:59,466 - ui.main_window - INFO - 493 - --- FINALIZADA PÁGINA ANALISIS ---
2026-04-27 23:44:59,466 - ui.main_window - INFO - 495 - --- INICIO PROCEDIMIENTOS INCIALES ---
2026-04-27 23:44:59,466 - ui.main_window - INFO - 497 - --- FIN DE MAIN WINDOW ---
2026-04-27 23:44:59,672 - __main__ - INFO - 72 - Ventana principal mostrada - Se inicia Main loop
2026-04-27 23:45:25,466 - database.connection - INFO - 37 - Conexión cerrada
2026-04-27 23:45:25,467 - __main__ - INFO - 77 - === Aplicación finalizada correctamente ===
2026-04-27 23:48:04,220 - __main__ - INFO - 56 - === Iniciando la aplicación ===
2026-04-27 23:48:04,220 - __main__ - INFO - 28 - Iniciando configuración de la aplicación El Porteño - Index
- Versión: 3.0.0
2026-04-27 23:48:04,275 - database.connection - INFO - 26 - Conexión establecida
2026-04-27 23:48:04,275 - __main__ - INFO - 64 - Creando ventana principal
2026-04-27 23:48:04,276 - ui.main_window - INFO - 35 - Creando widgets en MainWindow
2026-04-27 23:48:04,277 - ui.main_window - INFO - 63 - --- CREANDO PÁGINA REVISTAS ---
2026-04-27 23:48:04,300 - ui.main_window - INFO - 230 - --- FINALIZADA PÁGINA REVISTAS ---
2026-04-27 23:48:04,300 - ui.main_window - INFO - 236 - --- CREANDO PÁGINA AUTORES ---
2026-04-27 23:48:04,306 - ui.main_window - INFO - 358 - --- FINALIZADA PÁGINA AUTORES ---
2026-04-27 23:48:04,306 - ui.main_window - INFO - 363 - --- CREANDO PÁGINA TEMAS ---
2026-04-27 23:48:04,313 - ui.main_window - INFO - 424 - --- FINALIZADA PÁGINA TEMAS ---
2026-04-27 23:48:04,313 - ui.main_window - INFO - 429 - --- CREANDO PÁGINA ANALISIS ---
2026-04-27 23:48:04,318 - ui.main_window - INFO - 493 - --- FINALIZADA PÁGINA ANALISIS ---
2026-04-27 23:48:04,318 - ui.main_window - INFO - 495 - --- INICIO PROCEDIMIENTOS INCIALES ---
2026-04-27 23:48:04,318 - ui.main_window - INFO - 497 - --- FIN DE MAIN WINDOW ---
2026-04-27 23:48:04,533 - __main__ - INFO - 72 - Ventana principal mostrada - Se inicia Main loop
2026-04-27 23:48:15,945 - database.connection - INFO - 37 - Conexión cerrada
2026-04-27 23:48:15,946 - __main__ - INFO - 77 - === Aplicación finalizada correctamente ===
2026-04-27 23:49:31,924 - __main__ - INFO - 56 - === Iniciando la aplicación ===
2026-04-27 23:49:31,924 - __main__ - INFO - 28 - Iniciando configuración de la aplicación El Porteño - Index
- Versión: 3.0.0
2026-04-27 23:49:31,972 - database.connection - INFO - 26 - Conexión establecida
2026-04-27 23:49:31,972 - __main__ - INFO - 64 - Creando ventana principal
2026-04-27 23:49:31,973 - ui.main_window - INFO - 35 - Creando widgets en MainWindow
2026-04-27 23:49:31,974 - ui.main_window - INFO - 63 - --- CREANDO PÁGINA REVISTAS ---
2026-04-27 23:49:31,998 - ui.main_window - INFO - 230 - --- FINALIZADA PÁGINA REVISTAS ---
2026-04-27 23:49:31,998 - ui.main_window - INFO - 236 - --- CREANDO PÁGINA AUTORES ---
2026-04-27 23:49:32,004 - ui.main_window - INFO - 358 - --- FINALIZADA PÁGINA AUTORES ---
2026-04-27 23:49:32,004 - ui.main_window - INFO - 363 - --- CREANDO PÁGINA TEMAS ---
2026-04-27 23:49:32,009 - ui.main_window - INFO - 424 - --- FINALIZADA PÁGINA TEMAS ---
2026-04-27 23:49:32,009 - ui.main_window - INFO - 429 - --- CREANDO PÁGINA ANALISIS ---
2026-04-27 23:49:32,014 - ui.main_window - INFO - 493 - --- FINALIZADA PÁGINA ANALISIS ---
2026-04-27 23:49:32,015 - ui.main_window - INFO - 495 - --- INICIO PROCEDIMIENTOS INCIALES ---
2026-04-27 23:49:32,015 - ui.main_window - INFO - 497 - --- FIN DE MAIN WINDOW ---
2026-04-27 23:49:32,234 - __main__ - INFO - 72 - Ventana principal mostrada - Se inicia Main loop
2026-04-27 23:49:47,566 - database.connection - INFO - 37 - Conexión cerrada
2026-04-27 23:49:47,567 - __main__ - INFO - 77 - === Aplicación finalizada correctamente ===
2026-04-27 23:51:25,243 - __main__ - INFO - 56 - === Iniciando la aplicación ===
2026-04-27 23:51:25,243 - __main__ - INFO - 28 - Iniciando configuración de la aplicación El Porteño - Index
- Versión: 3.0.0
2026-04-27 23:51:25,297 - database.connection - INFO - 26 - Conexión establecida
2026-04-27 23:51:25,297 - __main__ - INFO - 64 - Creando ventana principal
2026-04-27 23:51:25,298 - ui.main_window - INFO - 35 - Creando widgets en MainWindow
2026-04-27 23:51:25,299 - ui.main_window - INFO - 63 - --- CREANDO PÁGINA REVISTAS ---
2026-04-27 23:51:25,325 - ui.main_window - INFO - 230 - --- FINALIZADA PÁGINA REVISTAS ---
2026-04-27 23:51:25,325 - ui.main_window - INFO - 236 - --- CREANDO PÁGINA AUTORES ---
2026-04-27 23:51:25,332 - ui.main_window - INFO - 358 - --- FINALIZADA PÁGINA AUTORES ---
2026-04-27 23:51:25,332 - ui.main_window - INFO - 363 - --- CREANDO PÁGINA TEMAS ---
2026-04-27 23:51:25,338 - ui.main_window - INFO - 424 - --- FINALIZADA PÁGINA TEMAS ---
2026-04-27 23:51:25,338 - ui.main_window - INFO - 429 - --- CREANDO PÁGINA ANALISIS ---
2026-04-27 23:51:25,344 - ui.main_window - INFO - 493 - --- FINALIZADA PÁGINA ANALISIS ---
2026-04-27 23:51:25,344 - ui.main_window - INFO - 495 - --- INICIO PROCEDIMIENTOS INCIALES ---
2026-04-27 23:51:25,344 - ui.main_window - INFO - 497 - --- FIN DE MAIN WINDOW ---
2026-04-27 23:51:25,547 - __main__ - INFO - 72 - Ventana principal mostrada - Se inicia Main loop
2026-04-27 23:52:41,475 - database.connection - INFO - 37 - Conexión cerrada
2026-04-27 23:52:41,477 - __main__ - INFO - 77 - === Aplicación finalizada correctamente ===
2026-04-27 23:53:29,120 - __main__ - INFO - 56 - === Iniciando la aplicación ===
2026-04-27 23:53:29,120 - __main__ - INFO - 28 - Iniciando configuración de la aplicación El Porteño - Index
- Versión: 3.0.0
2026-04-27 23:53:29,176 - database.connection - INFO - 26 - Conexión establecida
2026-04-27 23:53:29,176 - __main__ - INFO - 64 - Creando ventana principal
2026-04-27 23:53:29,177 - ui.main_window - INFO - 35 - Creando widgets en MainWindow
2026-04-27 23:53:29,178 - ui.main_window - INFO - 63 - --- CREANDO PÁGINA REVISTAS ---
2026-04-27 23:53:29,202 - ui.main_window - INFO - 230 - --- FINALIZADA PÁGINA REVISTAS ---
2026-04-27 23:53:29,202 - ui.main_window - INFO - 236 - --- CREANDO PÁGINA AUTORES ---
2026-04-27 23:53:29,208 - ui.main_window - INFO - 358 - --- FINALIZADA PÁGINA AUTORES ---
2026-04-27 23:53:29,208 - ui.main_window - INFO - 363 - --- CREANDO PÁGINA TEMAS ---
2026-04-27 23:53:29,213 - ui.main_window - INFO - 424 - --- FINALIZADA PÁGINA TEMAS ---
2026-04-27 23:53:29,213 - ui.main_window - INFO - 429 - --- CREANDO PÁGINA ANALISIS ---
2026-04-27 23:53:29,219 - ui.main_window - INFO - 493 - --- FINALIZADA PÁGINA ANALISIS ---
2026-04-27 23:53:29,219 - ui.main_window - INFO - 495 - --- INICIO PROCEDIMIENTOS INCIALES ---
2026-04-27 23:53:29,219 - ui.main_window - INFO - 497 - --- FIN DE MAIN WINDOW ---
2026-04-27 23:53:29,431 - __main__ - INFO - 72 - Ventana principal mostrada - Se inicia Main loop
2026-04-27 23:53:36,497 - database.connection - INFO - 37 - Conexión cerrada
2026-04-27 23:53:36,498 - __main__ - INFO - 77 - === Aplicación finalizada correctamente ===
2026-04-28 00:02:42,696 - __main__ - INFO - 56 - === Iniciando la aplicación ===
2026-04-28 00:02:42,696 - __main__ - INFO - 28 - Iniciando configuración de la aplicación El Porteño - Index
- Versión: 3.0.0
2026-04-28 00:02:42,752 - database.connection - INFO - 26 - Conexión establecida
2026-04-28 00:02:42,752 - __main__ - INFO - 64 - Creando ventana principal
2026-04-28 00:02:42,753 - ui.main_window - INFO - 35 - Creando widgets en MainWindow
2026-04-28 00:02:42,754 - ui.main_window - INFO - 63 - --- CREANDO PÁGINA REVISTAS ---
2026-04-28 00:02:42,782 - ui.main_window - INFO - 230 - --- FINALIZADA PÁGINA REVISTAS ---
2026-04-28 00:02:42,782 - ui.main_window - INFO - 236 - --- CREANDO PÁGINA AUTORES ---
2026-04-28 00:02:42,791 - ui.main_window - INFO - 358 - --- FINALIZADA PÁGINA AUTORES ---
2026-04-28 00:02:42,791 - ui.main_window - INFO - 363 - --- CREANDO PÁGINA TEMAS ---
2026-04-28 00:02:42,798 - ui.main_window - INFO - 424 - --- FINALIZADA PÁGINA TEMAS ---
2026-04-28 00:02:42,799 - ui.main_window - INFO - 429 - --- CREANDO PÁGINA ANALISIS ---
2026-04-28 00:02:42,807 - ui.main_window - INFO - 493 - --- FINALIZADA PÁGINA ANALISIS ---
2026-04-28 00:02:42,808 - ui.main_window - INFO - 495 - --- INICIO PROCEDIMIENTOS INCIALES ---
2026-04-28 00:02:42,808 - ui.main_window - INFO - 497 - --- FIN DE MAIN WINDOW ---
2026-04-28 00:02:43,019 - __main__ - INFO - 72 - Ventana principal mostrada - Se inicia Main loop
2026-04-28 00:03:18,405 - database.connection - INFO - 37 - Conexión cerrada
2026-04-28 00:03:18,405 - __main__ - INFO - 77 - === Aplicación finalizada correctamente ===
2026-04-28 00:03:21,087 - __main__ - INFO - 56 - === Iniciando la aplicación ===
2026-04-28 00:03:21,087 - __main__ - INFO - 28 - Iniciando configuración de la aplicación El Porteño - Index
- Versión: 3.0.0
2026-04-28 00:03:21,139 - database.connection - INFO - 26 - Conexión establecida
2026-04-28 00:03:21,139 - __main__ - INFO - 64 - Creando ventana principal
2026-04-28 00:03:21,140 - ui.main_window - INFO - 35 - Creando widgets en MainWindow
2026-04-28 00:03:21,141 - ui.main_window - INFO - 63 - --- CREANDO PÁGINA REVISTAS ---
2026-04-28 00:03:21,162 - ui.main_window - INFO - 230 - --- FINALIZADA PÁGINA REVISTAS ---
2026-04-28 00:03:21,162 - ui.main_window - INFO - 236 - --- CREANDO PÁGINA AUTORES ---
2026-04-28 00:03:21,169 - ui.main_window - INFO - 358 - --- FINALIZADA PÁGINA AUTORES ---
2026-04-28 00:03:21,169 - ui.main_window - INFO - 363 - --- CREANDO PÁGINA TEMAS ---
2026-04-28 00:03:21,173 - ui.main_window - INFO - 424 - --- FINALIZADA PÁGINA TEMAS ---
2026-04-28 00:03:21,173 - ui.main_window - INFO - 429 - --- CREANDO PÁGINA ANALISIS ---
2026-04-28 00:03:21,179 - ui.main_window - INFO - 493 - --- FINALIZADA PÁGINA ANALISIS ---
2026-04-28 00:03:21,179 - ui.main_window - INFO - 495 - --- INICIO PROCEDIMIENTOS INCIALES ---
2026-04-28 00:03:21,179 - ui.main_window - INFO - 497 - --- FIN DE MAIN WINDOW ---
2026-04-28 00:03:21,387 - __main__ - INFO - 72 - Ventana principal mostrada - Se inicia Main loop
2026-04-28 00:03:30,332 - database.connection - INFO - 37 - Conexión cerrada
2026-04-28 00:03:30,333 - __main__ - INFO - 77 - === Aplicación finalizada correctamente ===
2026-04-28 00:03:35,175 - __main__ - INFO - 56 - === Iniciando la aplicación ===
2026-04-28 00:03:35,175 - __main__ - INFO - 28 - Iniciando configuración de la aplicación El Porteño - Index
- Versión: 3.0.0
2026-04-28 00:03:35,238 - database.connection - INFO - 26 - Conexión establecida
2026-04-28 00:03:35,238 - __main__ - INFO - 64 - Creando ventana principal
2026-04-28 00:03:35,239 - ui.main_window - INFO - 35 - Creando widgets en MainWindow
2026-04-28 00:03:35,240 - ui.main_window - INFO - 63 - --- CREANDO PÁGINA REVISTAS ---
2026-04-28 00:03:35,266 - ui.main_window - INFO - 230 - --- FINALIZADA PÁGINA REVISTAS ---
2026-04-28 00:03:35,266 - ui.main_window - INFO - 236 - --- CREANDO PÁGINA AUTORES ---
2026-04-28 00:03:35,273 - ui.main_window - INFO - 358 - --- FINALIZADA PÁGINA AUTORES ---
2026-04-28 00:03:35,273 - ui.main_window - INFO - 363 - --- CREANDO PÁGINA TEMAS ---
2026-04-28 00:03:35,280 - ui.main_window - INFO - 424 - --- FINALIZADA PÁGINA TEMAS ---
2026-04-28 00:03:35,280 - ui.main_window - INFO - 429 - --- CREANDO PÁGINA ANALISIS ---
2026-04-28 00:03:35,288 - ui.main_window - INFO - 493 - --- FINALIZADA PÁGINA ANALISIS ---
2026-04-28 00:03:35,288 - ui.main_window - INFO - 495 - --- INICIO PROCEDIMIENTOS INCIALES ---
2026-04-28 00:03:35,289 - ui.main_window - INFO - 497 - --- FIN DE MAIN WINDOW ---
2026-04-28 00:03:35,589 - __main__ - INFO - 72 - Ventana principal mostrada - Se inicia Main loop
2026-04-28 00:03:48,738 - database.connection - INFO - 37 - Conexión cerrada
2026-04-28 00:03:48,739 - __main__ - INFO - 77 - === Aplicación finalizada correctamente ===
2026-04-28 00:07:23,432 - __main__ - INFO - 56 - === Iniciando la aplicación ===
2026-04-28 00:07:23,432 - __main__ - INFO - 28 - Iniciando configuración de la aplicación El Porteño - Index
- Versión: 3.0.0
2026-04-28 00:07:23,496 - database.connection - INFO - 26 - Conexión establecida
2026-04-28 00:07:23,496 - __main__ - INFO - 64 - Creando ventana principal
2026-04-28 00:07:23,497 - ui.main_window - INFO - 35 - Creando widgets en MainWindow
2026-04-28 00:07:23,498 - ui.main_window - INFO - 63 - --- CREANDO PÁGINA REVISTAS ---
2026-04-28 00:07:23,525 - ui.main_window - INFO - 230 - --- FINALIZADA PÁGINA REVISTAS ---
2026-04-28 00:07:23,526 - ui.main_window - INFO - 236 - --- CREANDO PÁGINA AUTORES ---
2026-04-28 00:07:23,535 - ui.main_window - INFO - 358 - --- FINALIZADA PÁGINA AUTORES ---
2026-04-28 00:07:23,535 - ui.main_window - INFO - 363 - --- CREANDO PÁGINA TEMAS ---
2026-04-28 00:07:23,540 - ui.main_window - INFO - 424 - --- FINALIZADA PÁGINA TEMAS ---
2026-04-28 00:07:23,540 - ui.main_window - INFO - 429 - --- CREANDO PÁGINA ANALISIS ---
2026-04-28 00:07:23,546 - ui.main_window - INFO - 493 - --- FINALIZADA PÁGINA ANALISIS ---
2026-04-28 00:07:23,546 - ui.main_window - INFO - 495 - --- INICIO PROCEDIMIENTOS INCIALES ---
2026-04-28 00:07:23,546 - ui.main_window - INFO - 497 - --- FIN DE MAIN WINDOW ---
2026-04-28 00:07:23,758 - __main__ - INFO - 72 - Ventana principal mostrada - Se inicia Main loop
2026-04-28 00:07:40,313 - database.connection - INFO - 37 - Conexión cerrada
2026-04-28 00:07:40,314 - __main__ - INFO - 77 - === Aplicación finalizada correctamente ===
2026-04-29 13:27:28,130 - __main__ - INFO - 56 - === Iniciando la aplicación ===
2026-04-29 13:27:28,131 - __main__ - INFO - 28 - Iniciando configuración de la aplicación El Porteño - Index
- Versión: 3.0.0
2026-04-29 13:27:28,215 - database.connection - INFO - 26 - Conexión establecida
2026-04-29 13:27:28,215 - __main__ - INFO - 64 - Creando ventana principal
2026-04-29 13:27:28,215 - ui.main_window - INFO - 35 - Creando widgets en MainWindow
2026-04-29 13:27:28,216 - ui.main_window - INFO - 63 - --- CREANDO PÁGINA REVISTAS ---
2026-04-29 13:27:28,267 - ui.main_window - INFO - 230 - --- FINALIZADA PÁGINA REVISTAS ---
2026-04-29 13:27:28,267 - ui.main_window - INFO - 236 - --- CREANDO PÁGINA AUTORES ---
2026-04-29 13:27:28,275 - ui.main_window - INFO - 358 - --- FINALIZADA PÁGINA AUTORES ---
2026-04-29 13:27:28,275 - ui.main_window - INFO - 363 - --- CREANDO PÁGINA TEMAS ---
2026-04-29 13:27:28,283 - ui.main_window - INFO - 424 - --- FINALIZADA PÁGINA TEMAS ---
2026-04-29 13:27:28,283 - ui.main_window - INFO - 429 - --- CREANDO PÁGINA ANALISIS ---
2026-04-29 13:27:28,293 - ui.main_window - INFO - 493 - --- FINALIZADA PÁGINA ANALISIS ---
2026-04-29 13:27:28,293 - ui.main_window - INFO - 495 - --- INICIO PROCEDIMIENTOS INCIALES ---
2026-04-29 13:27:28,293 - ui.main_window - INFO - 497 - --- FIN DE MAIN WINDOW ---
2026-04-29 13:27:28,308 - services - ERROR - 85 - Falló la ejecución sql QUERY GET REVISTA POR ID: Revista.__init__() missing 7 required positional arguments: 'fecha', 'tapa', 'nota_tapa', 'hexagrama', 'paginas_faltantes', 'formato', and 'comentarios'
2026-04-29 13:27:28,308 - __main__ - CRITICAL - 81 - Error crítico al iniciar aplicación: 'NoneType' object has no attribute 'id'
2026-04-29 13:38:00,050 - __main__ - INFO - 56 - === Iniciando la aplicación ===
2026-04-29 13:38:00,050 - __main__ - INFO - 28 - Iniciando configuración de la aplicación El Porteño - Index
- Versión: 3.0.0
2026-04-29 13:38:00,108 - database.connection - INFO - 26 - Conexión establecida
2026-04-29 13:38:00,108 - __main__ - INFO - 64 - Creando ventana principal
2026-04-29 13:38:00,109 - ui.main_window - INFO - 35 - Creando widgets en MainWindow
2026-04-29 13:38:00,110 - ui.main_window - INFO - 63 - --- CREANDO PÁGINA REVISTAS ---
2026-04-29 13:38:00,141 - ui.main_window - INFO - 230 - --- FINALIZADA PÁGINA REVISTAS ---
2026-04-29 13:38:00,142 - ui.main_window - INFO - 236 - --- CREANDO PÁGINA AUTORES ---
2026-04-29 13:38:00,147 - ui.main_window - INFO - 358 - --- FINALIZADA PÁGINA AUTORES ---
2026-04-29 13:38:00,147 - ui.main_window - INFO - 363 - --- CREANDO PÁGINA TEMAS ---
2026-04-29 13:38:00,154 - ui.main_window - INFO - 424 - --- FINALIZADA PÁGINA TEMAS ---
2026-04-29 13:38:00,154 - ui.main_window - INFO - 429 - --- CREANDO PÁGINA ANALISIS ---
2026-04-29 13:38:00,160 - ui.main_window - INFO - 493 - --- FINALIZADA PÁGINA ANALISIS ---
2026-04-29 13:38:00,160 - ui.main_window - INFO - 495 - --- INICIO PROCEDIMIENTOS INCIALES ---
2026-04-29 13:38:00,160 - ui.main_window - INFO - 497 - --- FIN DE MAIN WINDOW ---
2026-04-29 13:38:00,163 - services - ERROR - 85 - Falló la ejecución sql QUERY GET REVISTA POR ID: type object 'datetime.datetime' has no attribute 'datetime'
2026-04-29 13:38:00,163 - __main__ - CRITICAL - 81 - Error crítico al iniciar aplicación: 'NoneType' object has no attribute 'id'
2026-04-29 13:38:55,235 - __main__ - INFO - 56 - === Iniciando la aplicación ===
2026-04-29 13:38:55,236 - __main__ - INFO - 28 - Iniciando configuración de la aplicación El Porteño - Index
- Versión: 3.0.0
2026-04-29 13:38:55,365 - database.connection - INFO - 26 - Conexión establecida
2026-04-29 13:38:55,365 - __main__ - INFO - 64 - Creando ventana principal
2026-04-29 13:38:55,366 - ui.main_window - INFO - 35 - Creando widgets en MainWindow
2026-04-29 13:38:55,368 - ui.main_window - INFO - 63 - --- CREANDO PÁGINA REVISTAS ---
2026-04-29 13:38:55,404 - ui.main_window - INFO - 230 - --- FINALIZADA PÁGINA REVISTAS ---
2026-04-29 13:38:55,405 - ui.main_window - INFO - 236 - --- CREANDO PÁGINA AUTORES ---
2026-04-29 13:38:55,412 - ui.main_window - INFO - 358 - --- FINALIZADA PÁGINA AUTORES ---
2026-04-29 13:38:55,413 - ui.main_window - INFO - 363 - --- CREANDO PÁGINA TEMAS ---
2026-04-29 13:38:55,422 - ui.main_window - INFO - 424 - --- FINALIZADA PÁGINA TEMAS ---
2026-04-29 13:38:55,422 - ui.main_window - INFO - 429 - --- CREANDO PÁGINA ANALISIS ---
2026-04-29 13:38:55,431 - ui.main_window - INFO - 493 - --- FINALIZADA PÁGINA ANALISIS ---
2026-04-29 13:38:55,431 - ui.main_window - INFO - 495 - --- INICIO PROCEDIMIENTOS INCIALES ---
2026-04-29 13:38:55,431 - ui.main_window - INFO - 497 - --- FIN DE MAIN WINDOW ---
2026-04-29 13:38:55,436 - services - ERROR - 85 - Falló la ejecución sql QUERY GET REVISTA POR ID: type object 'datetime.datetime' has no attribute 'datetime'
2026-04-29 13:38:55,436 - __main__ - CRITICAL - 81 - Error crítico al iniciar aplicación: 'NoneType' object has no attribute 'id'
2026-04-29 13:40:06,443 - __main__ - INFO - 56 - === Iniciando la aplicación ===
2026-04-29 13:40:06,444 - __main__ - INFO - 28 - Iniciando configuración de la aplicación El Porteño - Index
- Versión: 3.0.0
2026-04-29 13:40:06,534 - database.connection - INFO - 26 - Conexión establecida
2026-04-29 13:40:06,534 - __main__ - INFO - 64 - Creando ventana principal
2026-04-29 13:40:06,536 - ui.main_window - INFO - 35 - Creando widgets en MainWindow
2026-04-29 13:40:06,538 - ui.main_window - INFO - 63 - --- CREANDO PÁGINA REVISTAS ---
2026-04-29 13:40:06,568 - ui.main_window - INFO - 230 - --- FINALIZADA PÁGINA REVISTAS ---
2026-04-29 13:40:06,568 - ui.main_window - INFO - 236 - --- CREANDO PÁGINA AUTORES ---
2026-04-29 13:40:06,577 - ui.main_window - INFO - 358 - --- FINALIZADA PÁGINA AUTORES ---
2026-04-29 13:40:06,577 - ui.main_window - INFO - 363 - --- CREANDO PÁGINA TEMAS ---
2026-04-29 13:40:06,584 - ui.main_window - INFO - 424 - --- FINALIZADA PÁGINA TEMAS ---
2026-04-29 13:40:06,584 - ui.main_window - INFO - 429 - --- CREANDO PÁGINA ANALISIS ---
2026-04-29 13:40:06,591 - ui.main_window - INFO - 493 - --- FINALIZADA PÁGINA ANALISIS ---
2026-04-29 13:40:06,592 - ui.main_window - INFO - 495 - --- INICIO PROCEDIMIENTOS INCIALES ---
2026-04-29 13:40:06,592 - ui.main_window - INFO - 497 - --- FIN DE MAIN WINDOW ---
2026-04-29 13:40:06,911 - __main__ - INFO - 72 - Ventana principal mostrada - Se inicia Main loop
2026-04-29 13:40:10,738 - database.connection - INFO - 37 - Conexión cerrada
2026-04-29 13:40:10,739 - __main__ - INFO - 77 - === Aplicación finalizada correctamente ===
2026-04-29 13:40:17,888 - __main__ - INFO - 56 - === Iniciando la aplicación ===
2026-04-29 13:40:17,888 - __main__ - INFO - 28 - Iniciando configuración de la aplicación El Porteño - Index
- Versión: 3.0.0
2026-04-29 13:40:17,948 - database.connection - INFO - 26 - Conexión establecida
2026-04-29 13:40:17,948 - __main__ - INFO - 64 - Creando ventana principal
2026-04-29 13:40:17,949 - ui.main_window - INFO - 35 - Creando widgets en MainWindow
2026-04-29 13:40:17,949 - ui.main_window - INFO - 63 - --- CREANDO PÁGINA REVISTAS ---
2026-04-29 13:40:17,976 - ui.main_window - INFO - 230 - --- FINALIZADA PÁGINA REVISTAS ---
2026-04-29 13:40:17,977 - ui.main_window - INFO - 236 - --- CREANDO PÁGINA AUTORES ---
2026-04-29 13:40:17,983 - ui.main_window - INFO - 358 - --- FINALIZADA PÁGINA AUTORES ---
2026-04-29 13:40:17,984 - ui.main_window - INFO - 363 - --- CREANDO PÁGINA TEMAS ---
2026-04-29 13:40:17,989 - ui.main_window - INFO - 424 - --- FINALIZADA PÁGINA TEMAS ---
2026-04-29 13:40:17,989 - ui.main_window - INFO - 429 - --- CREANDO PÁGINA ANALISIS ---
2026-04-29 13:40:17,996 - ui.main_window - INFO - 493 - --- FINALIZADA PÁGINA ANALISIS ---
2026-04-29 13:40:17,996 - ui.main_window - INFO - 495 - --- INICIO PROCEDIMIENTOS INCIALES ---
2026-04-29 13:40:17,996 - ui.main_window - INFO - 497 - --- FIN DE MAIN WINDOW ---
2026-04-29 13:40:18,276 - __main__ - INFO - 72 - Ventana principal mostrada - Se inicia Main loop
2026-04-29 13:40:28,046 - database.connection - INFO - 37 - Conexión cerrada
2026-04-29 13:40:28,047 - __main__ - INFO - 77 - === Aplicación finalizada correctamente ===
2026-04-29 14:56:51,658 - __main__ - INFO - 56 - === Iniciando la aplicación ===
2026-04-29 14:56:51,658 - __main__ - INFO - 28 - Iniciando configuración de la aplicación El Porteño - Index
- Versión: 3.0.0
2026-04-29 14:56:51,721 - database.connection - INFO - 26 - Conexión establecida
2026-04-29 14:56:51,722 - __main__ - INFO - 64 - Creando ventana principal
2026-04-29 14:56:51,723 - ui.main_window - INFO - 35 - Creando widgets en MainWindow
2026-04-29 14:56:51,723 - ui.main_window - INFO - 63 - --- CREANDO PÁGINA REVISTAS ---
2026-04-29 14:56:51,749 - ui.main_window - INFO - 230 - --- FINALIZADA PÁGINA REVISTAS ---
2026-04-29 14:56:51,749 - ui.main_window - INFO - 236 - --- CREANDO PÁGINA AUTORES ---
2026-04-29 14:56:51,756 - ui.main_window - INFO - 358 - --- FINALIZADA PÁGINA AUTORES ---
2026-04-29 14:56:51,756 - ui.main_window - INFO - 363 - --- CREANDO PÁGINA TEMAS ---
2026-04-29 14:56:51,764 - ui.main_window - INFO - 424 - --- FINALIZADA PÁGINA TEMAS ---
2026-04-29 14:56:51,764 - ui.main_window - INFO - 429 - --- CREANDO PÁGINA ANALISIS ---
2026-04-29 14:56:51,770 - ui.main_window - INFO - 493 - --- FINALIZADA PÁGINA ANALISIS ---
2026-04-29 14:56:51,770 - ui.main_window - INFO - 495 - --- INICIO PROCEDIMIENTOS INCIALES ---
2026-04-29 14:56:51,770 - ui.main_window - INFO - 497 - --- FIN DE MAIN WINDOW ---
2026-04-29 14:56:52,025 - __main__ - INFO - 72 - Ventana principal mostrada - Se inicia Main loop
2026-04-29 14:57:13,676 - database.connection - INFO - 37 - Conexión cerrada
2026-04-29 14:57:13,678 - __main__ - INFO - 77 - === Aplicación finalizada correctamente ===
2026-04-29 15:00:55,293 - __main__ - INFO - 56 - === Iniciando la aplicación ===
2026-04-29 15:00:55,294 - __main__ - INFO - 28 - Iniciando configuración de la aplicación El Porteño - Index
- Versión: 3.0.0
2026-04-29 15:00:55,345 - database.connection - INFO - 26 - Conexión establecida
2026-04-29 15:00:55,345 - __main__ - INFO - 64 - Creando ventana principal
2026-04-29 15:00:55,346 - ui.main_window - INFO - 35 - Creando widgets en MainWindow
2026-04-29 15:00:55,347 - ui.main_window - INFO - 63 - --- CREANDO PÁGINA REVISTAS ---
2026-04-29 15:00:55,386 - ui.main_window - INFO - 230 - --- FINALIZADA PÁGINA REVISTAS ---
2026-04-29 15:00:55,386 - ui.main_window - INFO - 236 - --- CREANDO PÁGINA AUTORES ---
2026-04-29 15:00:55,391 - ui.main_window - INFO - 358 - --- FINALIZADA PÁGINA AUTORES ---
2026-04-29 15:00:55,391 - ui.main_window - INFO - 363 - --- CREANDO PÁGINA TEMAS ---
2026-04-29 15:00:55,396 - ui.main_window - INFO - 424 - --- FINALIZADA PÁGINA TEMAS ---
2026-04-29 15:00:55,396 - ui.main_window - INFO - 429 - --- CREANDO PÁGINA ANALISIS ---
2026-04-29 15:00:55,401 - ui.main_window - INFO - 493 - --- FINALIZADA PÁGINA ANALISIS ---
2026-04-29 15:00:55,401 - ui.main_window - INFO - 495 - --- INICIO PROCEDIMIENTOS INCIALES ---
2026-04-29 15:00:55,401 - ui.main_window - INFO - 497 - --- FIN DE MAIN WINDOW ---
2026-04-29 15:00:55,621 - __main__ - INFO - 72 - Ventana principal mostrada - Se inicia Main loop
2026-04-29 15:04:27,937 - __main__ - ERROR - 49 - Excepción no manejada:
Traceback (most recent call last):
  File "/home/luc/Documents/10_Archivo/Revistas/El Porteño/ui/main_window.py", line 1192, in fb_grupos_on_tag_selected
    self.actualizar_notas_analisis(selected_tag.id)
  File "/home/luc/Documents/10_Archivo/Revistas/El Porteño/ui/main_window.py", line 926, in actualizar_notas_analisis
    notas = utils.to_nota(notas)
            ^^^^^^^^^^^^^^^^^^^^
  File "/home/luc/Documents/10_Archivo/Revistas/El Porteño/utils.py", line 69, in to_nota
    NotaServices.completar_extras(carga)
  File "/home/luc/Documents/10_Archivo/Revistas/El Porteño/services.py", line 133, in completar_extras
    NotaServices.cargar_archivo_resumen(nota)
  File "/home/luc/Documents/10_Archivo/Revistas/El Porteño/services.py", line 182, in cargar_archivo_resumen
    nota.analisis.append(archivo)
    ^^^^^^^^^^^^^^^^^^^^
AttributeError: 'set' object has no attribute 'append'
2026-04-29 15:07:17,830 - __main__ - INFO - 56 - === Iniciando la aplicación ===
2026-04-29 15:07:17,830 - __main__ - INFO - 28 - Iniciando configuración de la aplicación El Porteño - Index
- Versión: 3.0.0
2026-04-29 15:07:17,880 - database.connection - INFO - 26 - Conexión establecida
2026-04-29 15:07:17,880 - __main__ - INFO - 64 - Creando ventana principal
2026-04-29 15:07:17,881 - ui.main_window - INFO - 35 - Creando widgets en MainWindow
2026-04-29 15:07:17,882 - ui.main_window - INFO - 63 - --- CREANDO PÁGINA REVISTAS ---
2026-04-29 15:07:17,905 - ui.main_window - INFO - 230 - --- FINALIZADA PÁGINA REVISTAS ---
2026-04-29 15:07:17,905 - ui.main_window - INFO - 236 - --- CREANDO PÁGINA AUTORES ---
2026-04-29 15:07:17,911 - ui.main_window - INFO - 358 - --- FINALIZADA PÁGINA AUTORES ---
2026-04-29 15:07:17,911 - ui.main_window - INFO - 363 - --- CREANDO PÁGINA TEMAS ---
2026-04-29 15:07:17,918 - ui.main_window - INFO - 424 - --- FINALIZADA PÁGINA TEMAS ---
2026-04-29 15:07:17,918 - ui.main_window - INFO - 429 - --- CREANDO PÁGINA ANALISIS ---
2026-04-29 15:07:17,923 - ui.main_window - INFO - 493 - --- FINALIZADA PÁGINA ANALISIS ---
2026-04-29 15:07:17,923 - ui.main_window - INFO - 495 - --- INICIO PROCEDIMIENTOS INCIALES ---
2026-04-29 15:07:17,923 - ui.main_window - INFO - 497 - --- FIN DE MAIN WINDOW ---
2026-04-29 15:07:18,138 - __main__ - INFO - 72 - Ventana principal mostrada - Se inicia Main loop
2026-04-29 15:07:30,964 - __main__ - ERROR - 49 - Excepción no manejada:
Traceback (most recent call last):
  File "/home/luc/Documents/10_Archivo/Revistas/El Porteño/ui/main_window.py", line 1196, in fb_grupos_on_tag_selected
    self.vc_analisis.actualizar(selected_tag.id)
  File "/home/luc/Documents/10_Archivo/Revistas/El Porteño/ui/widgets.py", line 650, in actualizar
    cartas = utils.to_cartas(cartas)
             ^^^^^^^^^^^^^^^^^^^^^^^
  File "/home/luc/Documents/10_Archivo/Revistas/El Porteño/utils.py", line 84, in to_cartas
    CartaServices.cargar_archivo_resumen(carga)
  File "/home/luc/Documents/10_Archivo/Revistas/El Porteño/services.py", line 235, in cargar_archivo_resumen
    carta.archivo_resumen.append(elemento)
    ^^^^^^^^^^^^^^^^^^^^^^^^^^^^
AttributeError: 'set' object has no attribute 'append'
2026-04-29 15:09:46,737 - __main__ - INFO - 56 - === Iniciando la aplicación ===
2026-04-29 15:09:46,737 - __main__ - INFO - 28 - Iniciando configuración de la aplicación El Porteño - Index
- Versión: 3.0.0
2026-04-29 15:09:46,790 - database.connection - INFO - 26 - Conexión establecida
2026-04-29 15:09:46,790 - __main__ - INFO - 64 - Creando ventana principal
2026-04-29 15:09:46,791 - ui.main_window - INFO - 35 - Creando widgets en MainWindow
2026-04-29 15:09:46,792 - ui.main_window - INFO - 63 - --- CREANDO PÁGINA REVISTAS ---
2026-04-29 15:09:46,834 - ui.main_window - INFO - 230 - --- FINALIZADA PÁGINA REVISTAS ---
2026-04-29 15:09:46,834 - ui.main_window - INFO - 236 - --- CREANDO PÁGINA AUTORES ---
2026-04-29 15:09:46,845 - ui.main_window - INFO - 358 - --- FINALIZADA PÁGINA AUTORES ---
2026-04-29 15:09:46,845 - ui.main_window - INFO - 363 - --- CREANDO PÁGINA TEMAS ---
2026-04-29 15:09:46,852 - ui.main_window - INFO - 424 - --- FINALIZADA PÁGINA TEMAS ---
2026-04-29 15:09:46,852 - ui.main_window - INFO - 429 - --- CREANDO PÁGINA ANALISIS ---
2026-04-29 15:09:46,858 - ui.main_window - INFO - 493 - --- FINALIZADA PÁGINA ANALISIS ---
2026-04-29 15:09:46,859 - ui.main_window - INFO - 495 - --- INICIO PROCEDIMIENTOS INCIALES ---
2026-04-29 15:09:46,859 - ui.main_window - INFO - 497 - --- FIN DE MAIN WINDOW ---
2026-04-29 15:09:47,082 - __main__ - INFO - 72 - Ventana principal mostrada - Se inicia Main loop
2026-04-29 15:09:58,582 - database.connection - INFO - 37 - Conexión cerrada
2026-04-29 15:09:58,583 - __main__ - INFO - 77 - === Aplicación finalizada correctamente ===
